date,source,employer,title,location,matched_slug,is_role_relevant,fit_tier,job_url
2026-09-22,li,Trust In SODA,User Experience Researcher,"London Area, United Kingdom",,True,below,https://www.linkedin.com/jobs/view/4467847460
2026-09-22,li,VeSync,Consumer & UX Researcher – UK (Global Consumer Insights Team),"Chippenham, England, UK",,True,below,https://www.linkedin.com/jobs/view/4436081998
2026-09-22,li,The Trade Desk,Principal UX Researcher,"London, England, UK",,True,target,https://www.linkedin.com/jobs/view/4450001068
2026-09-22,li,Version 1,Senior User Researcher,"Edinburgh, Scotland, UK",,True,below,https://www.linkedin.com/jobs/view/4428967140
2026-09-22,li,Wise,Staff User Researcher - Mitigation Platform,"London, England, UK",wise,True,target,https://www.linkedin.com/jobs/view/4457943786
2026-09-22,li,CGI,User Researcher – Human-Centred Design,,,True,below,https://www.linkedin.com/jobs/view/4468698934
2026-09-22,li,83zero,User Researcher,"Manchester, England, UK",,True,below,https://www.linkedin.com/jobs/view/4467509316
2026-09-22,li,Version 1,Senior User Researcher,"London, England, UK",,True,below,https://www.linkedin.com/jobs/view/4428953284
2026-09-22,li,hedgehog lab,Lead User Researcher - Public Sector,"Newcastle Upon Tyne, England, UK",,True,target,https://www.linkedin.com/jobs/view/4465592279
2026-09-22,li,Ocean Infinity,Principal UX Researcher,"London, England, UK",,True,target,https://www.linkedin.com/jobs/view/4465543546
2026-09-22,li,Amber Labs,User Researcher,"London Area, United Kingdom",,True,below,https://www.linkedin.com/jobs/view/4467708519
2026-09-22,li,Awin Global,Senior UX Researcher (f/m/d),"Manchester, England, UK",,True,below,https://www.linkedin.com/jobs/view/4464769915
2026-09-22,li,Opencast | B Corp™,Senior User Researcher,"Edinburgh, Scotland, UK",,True,below,https://www.linkedin.com/jobs/view/4464784588
2026-09-22,li,Opencast | B Corp™,Senior User Researcher,"Glasgow, Scotland, UK",,True,below,https://www.linkedin.com/jobs/view/4464788411
2026-09-22,li,Anson McCade,Senior User Researcher,"Manchester Area, United Kingdom",,True,below,https://www.linkedin.com/jobs/view/4465202718
2026-09-22,li,Tarka Talent,Consultant - User Researcher,"England, United Kingdom",,True,below,https://www.linkedin.com/jobs/view/4454191894
2026-09-22,li,Trustpilot Italia,Senior Quantitative UX Researcher,"London, England, UK",,True,below,https://www.linkedin.com/jobs/view/4465744775
2026-09-22,li,Trustpilot,Senior Quantitative UX Researcher,"London, England, UK",,True,below,https://www.linkedin.com/jobs/view/4467047860
2026-09-22,li,Methods,Senior User Researcher,"Sheffield, England, UK",,True,below,https://www.linkedin.com/jobs/view/4445512770
2026-09-22,li,Methods,Senior User Researcher,"Manchester, England, UK",,True,below,https://www.linkedin.com/jobs/view/4445099883
2026-09-22,indeed,JPMorganChase,UX Designer- Vice President- JPM Personal Investing,"London, ENG, GB",,True,target,https://uk.indeed.com/viewjob?jk=a8f40a684a2aa3d8
2026-09-22,indeed,UCL,Senior UX Researcher,"London, ENG, GB",,True,below,https://uk.indeed.com/viewjob?jk=109f46e06347ff1f
2026-09-22,indeed,Capgemini,"UX Researcher - Manchester, UK","Manchester, ENG, GB",capgemini,True,below,https://uk.indeed.com/viewjob?jk=5c0ac9e70574711b
2026-09-22,indeed,Capgemini,"UX Researcher - Manchester, UK","Manchester, ENG, GB",capgemini,True,below,https://uk.indeed.com/viewjob?jk=95f23f8b1d54c5ef
2026-09-22,indeed,Elsevier,Director Software Engineering,"London, ENG, GB",,False,target,https://uk.indeed.com/viewjob?jk=986900493f17eb79
2026-09-22,indeed,RELX Group,Director Software Engineering,"London, ENG, GB",,False,target,https://uk.indeed.com/viewjob?jk=3bb396b6eef69bbd
2026-09-22,indeed,JPMorganChase,Senior Product Designer,"London, ENG, GB",,True,below,https://uk.indeed.com/viewjob?jk=6055363b809bc842
2026-09-22,indeed,Ocean Infinity,Principal UX Researcher,"London, ENG, GB",,True,target,https://uk.indeed.com/viewjob?jk=5d91551fb002e396
2026-09-22,indeed,Trustpilot,Senior Quantitative UX Researcher,"Edinburgh, SCT, GB",,True,below,https://uk.indeed.com/viewjob?jk=eed121b2534d3901
2026-09-22,indeed,Trustpilot,Senior Quantitative UX Researcher,"London, ENG, GB",,True,below,https://uk.indeed.com/viewjob?jk=0cba539e943f8157
2026-09-22,indeed,Applied Computing,Senior Product Manager,"London, ENG, GB",,True,below,https://uk.indeed.com/viewjob?jk=a3e74d839f46a2e9
2026-09-22,li,The Citco Group Limited,Senior Product Designer,"Cork, County Cork, Ireland",,True,below,https://www.linkedin.com/jobs/view/4387939543
2026-09-22,li,Revolut,Product Owner (UX),,revolut,True,below,https://www.linkedin.com/jobs/view/3566458861
2026-09-22,li,Fruition Group Ireland,Business Analyst,"Dublin, County Dublin, Ireland",,False,below,https://www.linkedin.com/jobs/view/4468710530
2026-09-22,li,Competition and Consumer Protection Commission,Business Intelligence Manager,"Dublin, County Dublin, Ireland",,False,below,https://www.linkedin.com/jobs/view/4467506045
2026-09-22,li,Doit,Product Engineer - AI Investing App,,,False,below,https://www.linkedin.com/jobs/view/4467817703
2026-09-22,li,Doit,Product Engineer - AI Neobank App,,,False,below,https://www.linkedin.com/jobs/view/4467838545
2026-09-22,li,Primark,Senior Analyst - Brand Insights,"Dublin, County Dublin, Ireland",,False,below,https://www.linkedin.com/jobs/view/4460148496
2026-09-22,li,Accenture,Product Design Lead,"Dublin, County Dublin, Ireland",accenture,True,target,https://www.linkedin.com/jobs/view/4466276588
2026-09-22,li,Version 1,Co-Creation Studio Lead (Dublin),"Dublin, County Dublin, Ireland",,False,target,https://www.linkedin.com/jobs/view/4466279338
2026-09-22,li,Mastercard,"Manager, Product Experience & Design","Dublin, County Dublin, Ireland",mastercard,True,below,https://www.linkedin.com/jobs/view/4456942898
2026-09-22,li,Google,gUP Operations Program Manager,"Dublin, County Dublin, Ireland",google,False,below,https://www.linkedin.com/jobs/view/4466871067
2026-09-22,li,Google,Senior Engineering Analyst,"Dublin, County Dublin, Ireland",google,False,below,https://www.linkedin.com/jobs/view/4466882677
2026-09-22,li,Mastercard,"Sr. Specialist, Product Experience Design, Crypto",,mastercard,True,below,https://www.linkedin.com/jobs/view/4456945054
2026-09-22,li,Forcepoint,UX Product Manager,,,True,below,https://www.linkedin.com/jobs/view/4467708828
2026-09-22,li,Jobgether,Game Discovery Producer,,,False,below,https://www.linkedin.com/jobs/view/4466503022
2026-09-22,li,RWS,Product Designer Train AI,"Dublin, County Dublin, Ireland",,True,below,https://www.linkedin.com/jobs/view/4455896508
2026-09-22,li,BJAK,Product Engineer - AI Neobank,,,False,below,https://www.linkedin.com/jobs/view/4467499183
2026-09-22,li,BJAK,Product Engineer - AI Investing,,,False,below,https://www.linkedin.com/jobs/view/4467474284
2026-09-22,li,Pennylane,Product Designer (Confirmed/Senior) - Germany (m/w/d),"Dublin, County Dublin, Ireland",,True,below,https://www.linkedin.com/jobs/view/4430765735
2026-09-22,li,Stryker,Application Delivery Lead,"Cork, County Cork, Ireland",,False,target,https://www.linkedin.com/jobs/view/4458336964
2026-09-22,li,Shopee,"Customer Experience (Projects) - Operations, MY Marketplace","Kuala Lumpur, Federal Territory of Kuala Lumpur, Malaysia",shopee,False,below,https://www.linkedin.com/jobs/view/4468490820
2026-09-22,li,Dada Consultants,Product Designer,,,True,below,https://www.linkedin.com/jobs/view/4468492559
2026-09-22,li,Hong Leong Bank Berhad,"Assistant Manager, Voice of Customer","Federal Territory of Kuala Lumpur, Malaysia",hong-leong-bank,False,below,https://www.linkedin.com/jobs/view/4404849839
2026-09-22,li,Electronic Arts (EA),Senior Product Designer,"Kuala Lumpur, Federal Territory of Kuala Lumpur, Malaysia",,True,below,https://www.linkedin.com/jobs/view/4467361845
2026-09-22,li,Thousands Of Years Media Sdn Bhd,Product Designer (UI UX),"Kuala Lumpur, Federal Territory of Kuala Lumpur, Malaysia",,True,below,https://www.linkedin.com/jobs/view/4468089261
2026-09-22,li,Zurich Insurance,UI UX Designer,"Kuala Lumpur, Federal Territory of Kuala Lumpur, Malaysia",,True,below,https://www.linkedin.com/jobs/view/4432134782
2026-09-22,li,Doit,Product Engineer - AI Investing App,"Petaling Jaya, Selangor, Malaysia",,False,below,https://www.linkedin.com/jobs/view/4467831505
2026-09-22,li,Avanade,Digital Business Analyst,"Kuala Lumpur, Federal Territory of Kuala Lumpur, Malaysia",,False,below,https://www.linkedin.com/jobs/view/4469155287
2026-09-22,li,Mastercard,"Consultant/Senior Research Analyst (Qualitative Research), Advisors Research Centre","Kuala Lumpur, Federal Territory of Kuala Lumpur, Malaysia",mastercard,False,below,https://www.linkedin.com/jobs/view/4457762768
2026-09-22,li,foodpanda,(Senior) Product Analyst,"Kuala Lumpur, Federal Territory of Kuala Lumpur, Malaysia",,False,below,https://www.linkedin.com/jobs/view/4468379876
2026-09-22,li,Discova,"Travel Product Executive - Kuala Lumpur, Malaysia","Kuala Lumpur, Federal Territory of Kuala Lumpur, Malaysia",,True,below,https://www.linkedin.com/jobs/view/4448947134
2026-09-22,li,EPOS,UX Reseacher,"Federal Territory of Kuala Lumpur, Malaysia",,True,below,https://www.linkedin.com/jobs/view/4466509303
2026-09-22,li,BJAK,Product Engineer - AI Investing,"Petaling Jaya, Selangor, Malaysia",,False,below,https://www.linkedin.com/jobs/view/4467498115
2026-09-22,li,Maxis,Value Added Service Design SME,"Kuala Lumpur, Federal Territory of Kuala Lumpur, Malaysia",,True,below,https://www.linkedin.com/jobs/view/4460366028
2026-09-22,li,Malaysia Airlines,"Manager, CX Insights",,aeon-bank-malaysia,False,below,https://www.linkedin.com/jobs/view/4465764991
2026-09-22,li,Grab,"Senior Product Designer, Online Deliveries","Petaling Jaya, Selangor, Malaysia",grab-grab-financial-group,True,below,https://www.linkedin.com/jobs/view/4448299175
2026-09-22,li,Malaysia Airlines,"Senior Executive, CX Service Culture & Frontliner Touchpoint",,aeon-bank-malaysia,False,below,https://www.linkedin.com/jobs/view/4465775944
2026-09-22,li,Grab,"People Research Scientist, People Analytics","Petaling Jaya, Selangor, Malaysia",grab-grab-financial-group,False,below,https://www.linkedin.com/jobs/view/4470260107
2026-09-22,li,AIA Malaysia,"Digital Strategy, Consultant","Kuala Lumpur, Federal Territory of Kuala Lumpur, Malaysia",aeon-bank-malaysia,True,below,https://www.linkedin.com/jobs/view/4468505566
2026-09-22,li,Gateway Search,Customer Satisfaction Manager,"Petaling Jaya, Selangor, Malaysia",,False,below,https://www.linkedin.com/jobs/view/4468731353
2026-09-22,li,"Halian | Managed Services, Recruitment Agency & Contract Staffing",UX Designer (m/f/d),"Dubai, Dubai, United Arab Emirates",,True,below,https://www.linkedin.com/jobs/view/4468495660
2026-09-22,li,"Halian | Managed Services, Recruitment Agency & Contract Staffing",Customer Experience (CX) Consultant (m/f/d),"Dubai, Dubai, United Arab Emirates",,False,below,https://www.linkedin.com/jobs/view/4464521559
2026-09-22,li,MyJobsFeed,Senior Strategy and Care Transformation Manager,"Dubai, Dubai, United Arab Emirates",,True,below,https://www.linkedin.com/jobs/view/4469837346
2026-09-22,li,Globant,Product Designer,"Dubai, United Arab Emirates",,True,below,https://www.linkedin.com/jobs/view/4466686727
2026-09-22,li,Brainlake,CX / Service Designer,"Dubai, Dubai, United Arab Emirates",,True,below,https://www.linkedin.com/jobs/view/4469106753
2026-09-22,li,Brainlake,CX / Service Designer,"Sharjah, Sharjah Emirate, United Arab Emirates",,True,below,https://www.linkedin.com/jobs/view/4469106785
2026-09-22,li,ISA,Product Manager,"Sharjah, Sharjah Emirate, United Arab Emirates",e-and,True,below,https://www.linkedin.com/jobs/view/4427557758
2026-09-22,li,Sana Commerce,Head of Research and Design,"Dubai, Dubai, United Arab Emirates",,True,target,https://www.linkedin.com/jobs/view/4469169266
2026-09-22,li,Socium - Teams Done Differently,Product Designer,"Dubai, United Arab Emirates",,True,below,https://www.linkedin.com/jobs/view/4466652864
2026-09-22,li,Salt,Marketing Adoption Consultant,"Dubai, United Arab Emirates",,False,below,https://www.linkedin.com/jobs/view/4466689054
2026-09-22,li,Scale AI,"Product Designer, Global Public Sector","Dubai, Dubai, United Arab Emirates",,True,below,https://www.linkedin.com/jobs/view/4468202383
2026-09-22,li,Keeta Drone,产品与产品运营负责人,"Dubai, United Arab Emirates",,False,below,https://www.linkedin.com/jobs/view/4466823366
2026-09-22,li,talabat,Sr. Specialist CX Intelligence,"Dubai, Dubai, United Arab Emirates",,False,below,https://www.linkedin.com/jobs/view/4448287428
2026-09-22,li,Floward,Senior Product Designer II,"Dubai, United Arab Emirates",,True,below,https://www.linkedin.com/jobs/view/4467718008
2026-09-22,li,aspexx.,User Experience Lead,"Dubai, United Arab Emirates",,True,target,https://www.linkedin.com/jobs/view/4467089931
2026-09-22,li,Puffy,Senior CRO Manager,"Dubai, United Arab Emirates",,False,below,https://www.linkedin.com/jobs/view/4464779493
2026-09-22,li,noon,Senior Product Designer,"Dubai, United Arab Emirates",,True,below,https://www.linkedin.com/jobs/view/4466707440
2026-09-22,li,Primis,Senior User Experience Designer,"Dubai, Dubai, United Arab Emirates",,True,below,https://www.linkedin.com/jobs/view/4465416941
2026-09-22,li,talabat,Sr. Specialist Customer Experience Strategy,"Dubai, Dubai, United Arab Emirates",,True,below,https://www.linkedin.com/jobs/view/4366862283
2026-09-22,li,Al Tayer Insignia,Senior Product Analyst - 1 Year Contract,"Dubai, Dubai, United Arab Emirates",,False,below,https://www.linkedin.com/jobs/view/4468519716
2026-09-22,li,Brainlake,Digital Adoption & Communications Strategist,"Abu Dhabi, Abu Dhabi Emirate, United Arab Emirates",,True,below,https://www.linkedin.com/jobs/view/4469852799
2026-09-22,li,MiZa,Research Manager,"Abu Dhabi Emirate, United Arab Emirates",,True,below,https://www.linkedin.com/jobs/view/4468718223
2026-09-22,li,Fanatics Momentum,"Lead Product Designer, Sports","Abu Dhabi, Abu Dhabi Emirate, United Arab Emirates",,True,target,https://www.linkedin.com/jobs/view/4469589801
2026-09-22,li,Analog,Product Designer,"Abu Dhabi, Abu Dhabi Emirate, United Arab Emirates",,True,below,https://www.linkedin.com/jobs/view/4444271921
2026-09-22,li,Fanatics Momentum,"Lead Product Designer, Platform","Abu Dhabi, Abu Dhabi Emirate, United Arab Emirates",,True,target,https://www.linkedin.com/jobs/view/4469806141
2026-09-22,li,Revolut,Product Owner (UX),,revolut,True,below,https://www.linkedin.com/jobs/view/3811296961
2026-09-22,li,Brainlake,CX / Service Designer,"Abu Dhabi, Abu Dhabi Emirate, United Arab Emirates",,True,below,https://www.linkedin.com/jobs/view/4468898962
2026-09-22,li,Property Finder,Senior Product Designer,,,True,below,https://www.linkedin.com/jobs/view/4455598848
2026-09-22,li,Dicetek LLC,CX Manager (Service Designer),"Abu Dhabi, Abu Dhabi Emirate, United Arab Emirates",,True,below,https://www.linkedin.com/jobs/view/4468846337
2026-09-22,li,Cognizant,Consulting Manager - Data Product Owner (Aviation),"Abu Dhabi, Abu Dhabi Emirate, United Arab Emirates",,True,below,https://www.linkedin.com/jobs/view/4468018297
2026-09-22,li,Revolut,Product Designer,,revolut,True,below,https://www.linkedin.com/jobs/view/3940826947
2026-09-22,li,Confidential,Digital Product Manager,"Abu Dhabi Emirate, United Arab Emirates",,True,below,https://www.linkedin.com/jobs/view/4466262803
2026-09-22,li,Analog,Emergency Sector SME,"Abu Dhabi, Abu Dhabi Emirate, United Arab Emirates",,False,below,https://www.linkedin.com/jobs/view/4457948181
2026-09-22,li,Salt,UX/UI - Corporate Banking - 6 month contract,"Abu Dhabi Emirate, United Arab Emirates",,True,below,https://www.linkedin.com/jobs/view/4465960519
2026-09-22,li,Socium - Teams Done Differently,Senior UX/UI Designer – Salesforce Platform,"Abu Dhabi, Abu Dhabi Emirate, United Arab Emirates",,False,below,https://www.linkedin.com/jobs/view/4465276797
2026-09-22,li,Kraken,Sr Product Manager - LTV and Retention,,kraken,True,below,https://www.linkedin.com/jobs/view/4465560248
2026-09-22,li,Brain Co.,AI Deployment Lead,"Abu Dhabi, Abu Dhabi Emirate, United Arab Emirates",,False,target,https://www.linkedin.com/jobs/view/4439794427
2026-09-22,li,Hire Feed,UX Designer (Remote),,,True,below,https://www.linkedin.com/jobs/view/4467094354
2026-09-22,li,HNW | Experiences That Work,CX Management Consultant / Service Designer,"Abu Dhabi, Abu Dhabi Emirate, United Arab Emirates",,True,below,https://www.linkedin.com/jobs/view/4468566008
2026-09-22,li,Stealth Startup,Senior Product Designer (Agentic AI Platform),"Abu Dhabi Emirate, United Arab Emirates",,True,below,https://www.linkedin.com/jobs/view/4468527098
2026-09-22,li,Digital Edge DC,"Senior Manager, Design Delivery (Mechanical)","Singapore, Singapore",,True,below,https://www.linkedin.com/jobs/view/4468707085
2026-09-22,li,Cygnify,Product Design Development Manager,"Singapore, Singapore",,True,below,https://www.linkedin.com/jobs/view/4467354538
2026-09-22,li,Singtel,"Senior Manager, Mechanical Engineering","Singapore, Singapore",singtel,False,below,https://www.linkedin.com/jobs/view/4461018130
2026-09-22,li,Dyson,Design Manager - Experience,"Singapore, Singapore",,True,below,https://www.linkedin.com/jobs/view/4415348287
2026-09-22,li,GovTech Singapore,"Deputy Director, Design Management, Product Development Office","Singapore, Singapore",,True,target,https://www.linkedin.com/jobs/view/4414441519
2026-09-22,li,Tan Tock Seng Hospital,"Sr Manager, CHI - Kaizen Office","Singapore, Singapore",,False,below,https://www.linkedin.com/jobs/view/4469509437
2026-09-22,li,Microsoft,Design Manager,"Singapore, Singapore",microsoft,True,below,https://www.linkedin.com/jobs/view/4450321577
2026-09-22,li,Cundall,Senior Design Manager,,,True,below,https://www.linkedin.com/jobs/view/4413857462
2026-09-22,li,SJ Group,Principal BIM Manager/BIM Lead,,,False,target,https://www.linkedin.com/jobs/view/4469185506
2026-09-22,li,Digital Realty,"Subregional Design Lead, SEA","Singapore, Singapore",,True,target,https://www.linkedin.com/jobs/view/4431280115
2026-09-22,li,BIT Official,Head of Product Design,"Singapore, Singapore",,True,target,https://www.linkedin.com/jobs/view/4466647393
2026-09-22,li,K2 STRATEGIC,Data Centre Solutions Architect (Design Manager/Senior Manager),"Singapore, Singapore",,True,below,https://www.linkedin.com/jobs/view/4468202518
2026-09-22,li,Archer Recruitment,Design Manager,"Singapore, Singapore",,True,below,https://www.linkedin.com/jobs/view/4466859870
2026-09-22,li,Vallan,Senior Interior Design Manager,"Singapore, Singapore",,True,below,https://www.linkedin.com/jobs/view/4465504081
2026-09-22,li,AirTrunk,Senior Design Manager,"Singapore, Singapore",,True,below,https://www.linkedin.com/jobs/view/4411432184
2026-09-22,li,LVI Associates,"Head of Design (Singapore, Data Centers)","Singapore, Singapore",,True,target,https://www.linkedin.com/jobs/view/4467043056
2026-09-22,li,AirTrunk,Design Manager,"Singapore, Singapore",,True,below,https://www.linkedin.com/jobs/view/4411420645
2026-09-22,li,Land Transport Authority (LTA) Singapore,"[LTA-TRO] SERVICE DESIGN SENIOR/ MANAGER, TRAFFIC & ROAD IT","Singapore, Singapore",,True,below,https://www.linkedin.com/jobs/view/4461577485
2026-09-22,li,GovTech Singapore,Principal Designer - AI Workflows & Processes,"Singapore, Singapore",,True,target,https://www.linkedin.com/jobs/view/4414450763
2026-09-22,li,Achieve Group,Head of IC Design Team,"Tampines, East Region, Singapore",,True,target,https://www.linkedin.com/jobs/view/4470217112
2026-09-22,indeed,Singapore Airlines,Executive/ Senior Executive/ Assistant Manager Security (Training & Development),SG,singapore-airlines,False,below,https://sg.indeed.com/viewjob?jk=386bd3738454a21b
2026-09-22,indeed,Four Seasons,"Manager, Experience Concierge (APAC)","Singapore, S00, SG",,False,below,https://sg.indeed.com/viewjob?jk=43feecc856e4251f
2026-09-22,indeed,Delivery Hero,"Senior Manager, Data & Analytics","Singapore, S00, SG",delivery-hero,False,below,https://sg.indeed.com/viewjob?jk=7134d8427beab3b1
2026-09-22,indeed,ST Logistics,Senior Executive - Operations,"Pioneer, S00, SG",,False,below,https://sg.indeed.com/viewjob?jk=c67b52890cc7ad99
2026-09-22,indeed,AECOM,"Senior Quantity Surveyor, M&E","Singapore, S00, SG",,False,below,https://sg.indeed.com/viewjob?jk=3adb0c89302f00d9
2026-09-22,indeed,SmartDev,Product Lead (GTM),"Downtown Core, S00, SG",,True,target,https://sg.indeed.com/viewjob?jk=669ecafbed9afeb7
2026-09-22,indeed,Traveloka,"Manager, Performance Marketing","Singapore, S00, SG",,False,below,https://sg.indeed.com/viewjob?jk=e1e03b04cf4a7cd7
2026-09-22,indeed,HPB Health Promotion Board,"Manager/Senior Manager, Physical Activity – Programmes, Ecosystem and Partnerships (2 years contract)",SG,,False,below,https://sg.indeed.com/viewjob?jk=36e309342e7405b8
2026-09-22,indeed,LTA Land Transport Authority,"[LTA-T&ID]MGR/DEPUTY/ASST MANAGER, AV DATA POLICY, GOVERNANCE & ENGINEERING",SG,,False,below,https://sg.indeed.com/viewjob?jk=0052d2e05c36b854
2026-09-22,indeed,MediaCorp Pte Ltd.,"Senior / Manager, Enablement (AI Adoption & Enablement)",SG,,False,below,https://sg.indeed.com/viewjob?jk=171c037352f2df80
2026-09-22,indeed,Sulzer,Senior Procurement Engineer,SG,,False,below,https://sg.indeed.com/viewjob?jk=f71a8d39db455b8d
2026-09-22,indeed,Stanley Black & Decker,"Chief Ethics & Compliance Officer, Asia Region",SG,,False,target,https://sg.indeed.com/viewjob?jk=f847b9f6d58fa446
2026-09-22,indeed,MediaCorp Pte Ltd.,"Senior / Manager, Enablement","Queenstown, S00, SG",,False,below,https://sg.indeed.com/viewjob?jk=f031b093c9a67326
2026-09-22,indeed,Xtremax Pte. Ltd,People & Culture Deputy Director,"Singapore, S00, SG",,False,target,https://sg.indeed.com/viewjob?jk=1c446af17c8f366c
2026-09-22,indeed,Nanyang Technological University,"Manager, Web Projects and Digital Experience","Nanyang Avenue, S00, SG",,False,below,https://sg.indeed.com/viewjob?jk=6bd2b063aeae3d26
2026-09-22,indeed,Lapp Asia Pacific Pte Ltd,Finance Trainee,"Serangoon, S00, SG",,False,below,https://sg.indeed.com/viewjob?jk=26398fa5b4257ddd
2026-09-22,indeed,Thakral One,Senior MECM / SCCM Administrator,SG,,False,below,https://sg.indeed.com/viewjob?jk=9460b51df1c86b07
2026-09-22,indeed,COGENCY GLOBAL,Strategic HR Business Partner,"East Coast, S00, SG",,False,below,https://sg.indeed.com/viewjob?jk=0168966b8126c91a
2026-09-22,indeed,National Healthcare Group,Senior Manager,"Singapore, S00, SG",,False,below,https://sg.indeed.com/viewjob?jk=b25c673c47e0f653
2026-09-22,indeed,Capital Group,Core Ops Account Implementation Support Analyst Lead,SG,scalable-capital,False,target,https://sg.indeed.com/viewjob?jk=eda70319d392239f
2026-09-22,li,Mace,Senior Design Manager,"Central, Hong Kong SAR",,True,below,https://www.linkedin.com/jobs/view/4393595066
2026-09-22,li,Fanatics,"Art Director - Topps Trading Cards, China",,,False,target,https://www.linkedin.com/jobs/view/4449742699
2026-09-22,li,Shangri-La Group,"Manager, Interior Design","Hong Kong, Hong Kong SAR",,True,below,https://www.linkedin.com/jobs/view/3587529093
2026-09-22,li,"Skidmore, Owings & Merrill (SOM)",Project Manager,,,False,below,https://www.linkedin.com/jobs/view/4429853192
2026-09-22,li,PAX,Product Design Engineer,"Hong Kong, Hong Kong SAR",,True,below,https://www.linkedin.com/jobs/view/4467986039
2026-09-22,li,The Hong Kong Jockey Club,"Manager, Property Design Management","Happy Valley, Hong Kong SAR",,True,below,https://www.linkedin.com/jobs/view/4466837811
2026-09-22,li,Atelier Global Limited,Senior Interior Designer / Associate Director / Director (Interior Design),"Wan Chai District, Hong Kong SAR",,True,target,https://www.linkedin.com/jobs/view/4466861030
2026-09-22,li,Lidl & Kaufland Asia,Product Development Manager - Home & Living,"Kowloon, Hong Kong SAR",,True,below,https://www.linkedin.com/jobs/view/4466184763
2026-09-22,li,I.T,Associate Creative Director – Womenswear (International Brand),"Hong Kong, Hong Kong SAR",,False,target,https://www.linkedin.com/jobs/view/4466190516
2026-09-22,li,Apartmentary Hong Kong,Interior Design Manager,,,True,below,https://www.linkedin.com/jobs/view/4466501245
2026-09-22,li,10 Design,Associate Director - Retail Architecture,"Hong Kong, Hong Kong SAR",,False,target,https://www.linkedin.com/jobs/view/4459679560
2026-09-22,li,LVMH Fragrance Brands,Senior Regional Visual Merchandising Manager,"Hong Kong, Hong Kong SAR",,False,below,https://www.linkedin.com/jobs/view/4467038344
2026-09-22,li,Federation Hunter,Product Design Director,,,True,target,https://www.linkedin.com/jobs/view/4465729184
2026-09-22,li,Bank of China (Hong Kong),Customer Experience Manager / Deputy Customer Experience Manager,,,False,below,https://www.linkedin.com/jobs/view/4465719098
2026-09-22,li,Egis,Technical Director (E&M),"Hong Kong, Hong Kong SAR",,False,target,https://www.linkedin.com/jobs/view/4461566042
2026-09-22,li,Shangri-La Group,"Senior Manager, Design","Hong Kong, Hong Kong SAR",,True,below,https://www.linkedin.com/jobs/view/3619134413
2026-09-22,li,Hang Seng Bank,"Senior Manager, Innovation and Product Development- Hang Seng Insurance - Hang Seng Bank (HK)","Kowloon, Hong Kong SAR",hang-seng-bank,True,below,https://www.linkedin.com/jobs/view/4380194532
2026-09-22,li,redfish solutions ltd,Lead Interior Designer - Hospitality,"Hong Kong, Hong Kong SAR",,True,target,https://www.linkedin.com/jobs/view/4470279779
2026-09-22,li,CLSA,"Sr. Manager, Data Centre Facilities, IT","Hong Kong, Hong Kong SAR",,False,below,https://www.linkedin.com/jobs/view/4470230750
2026-09-22,li,Morgan Stanley,"Regional Workplace Strategy & Design Lead APAC, Vice President","Hong Kong, Hong Kong SAR",,True,target,https://www.linkedin.com/jobs/view/4470418048
2026-09-22,indeed,Chubb Insurance,Business Development Manager,HK,,False,below,https://hk.indeed.com/viewjob?jk=a6135ea0d5ffeab3
2026-09-22,indeed,Job Gallery Consultancy Limited,"Senior Manager/Manager, Business Banking Credit Approval (Bank)",HK,,False,below,https://hk.indeed.com/viewjob?jk=8d87c7221a5d2247
2026-09-22,indeed,Cathay Pacific,Senior Solution Lead Subsidiaries (Cathay Cargo Terminal),HK,,False,target,https://hk.indeed.com/viewjob?jk=42b7e9d75cca9b0a
2026-09-22,indeed,Delivery Hero,Head of Marketplace Experience,HK,delivery-hero,False,target,https://hk.indeed.com/viewjob?jk=cfff5ec96738fca4
2026-09-22,indeed,Quince,Director - Specialty Fibers,HK,,False,target,https://hk.indeed.com/viewjob?jk=80eb6e6f5752a2d6
2026-09-22,indeed,HSBC,Investment Project Manager - Hang Seng Bank (HK),"Central, HKI, HK",hsbc,False,below,https://hk.indeed.com/viewjob?jk=7f36a8f138b51fc6
2026-09-22,indeed,JPMorganChase,Asset and Wealth Management - Regulatory Control Management - Vice President,HK,,False,target,https://hk.indeed.com/viewjob?jk=86567fa190cc0b79
2026-09-22,indeed,DXC Technology,Program Manager - Insurance Core System,HK,,False,below,https://hk.indeed.com/viewjob?jk=392815a15055e845
2026-09-22,indeed,JPMorganChase,Internal Auditor - Associate - Asset & Wealth Management,"Kwun Tong, KOW, HK",,False,below,https://hk.indeed.com/viewjob?jk=e7fee8c2bf7ba20a
2026-09-22,indeed,Egis Group,"Studio Manager, Hong Kong & Shenzhen",HK,,False,below,https://hk.indeed.com/viewjob?jk=27994d8242e1f3c3
2026-09-22,indeed,EPAM Systems,Solutions Architect (AI Native SDLC),"HKI, HK",,False,below,https://hk.indeed.com/viewjob?jk=249cb9ce3b428a68
2026-09-22,indeed,DXC Technology,Program Manager - Insurance Core System,HK,,False,below,https://hk.indeed.com/viewjob?jk=862f81677162fe0c
2026-09-22,indeed,DXC Technology,RR-0326043-Sr Manager Software Engineering,HK,,False,below,https://hk.indeed.com/viewjob?jk=e07373511c5735e9
2026-09-22,indeed,Klook,"Manager, Strategic Partnership (eSIM)",HK,,False,below,https://hk.indeed.com/viewjob?jk=36014a3c7f37ab77
2026-09-22,indeed,Currie & Brown (China) Limited,Resident Assistant Clerical Officer (Labour Relations) (RACO(LR)),HK,,False,below,https://hk.indeed.com/viewjob?jk=221c6b6d87452b2f
2026-09-22,indeed,Mott MacDonald,Engineering Geologist (2026 Graduate Program),"Kwun Tong, KOW, HK",,False,below,https://hk.indeed.com/viewjob?jk=a186e19d2cb8072f
2026-09-22,indeed,HSBC,"Project Manager, Finance Transformation","Kowloon City, KOW, HK",hsbc,False,below,https://hk.indeed.com/viewjob?jk=df7d7c82596738aa
2026-09-22,indeed,Bank of China,Senior / Treasury Marketing Manager (Precious Metals),HK,,True,below,https://hk.indeed.com/viewjob?jk=4a18e2ccf52c6926
2026-09-22,indeed,HSBC,"Manager, Commercial Execution, IWPB Asia","Kowloon City, KOW, HK",hsbc,False,below,https://hk.indeed.com/viewjob?jk=0eb3c7213a9db90b
2026-09-22,indeed,Ralph Lauren,"Temporary Senior Raw Materials Manager, Leather (6-Month)","KOW, HK",,False,below,https://hk.indeed.com/viewjob?jk=cb080369994ccc4c
2026-09-22,li,TalentPlus Consultants,[Taipei] 伺服器電源設計主管,,,False,below,https://www.linkedin.com/jobs/view/4468704634
2026-09-22,li,Compal,伺服器&機櫃機構設計 設計主任/設計經理 (內湖) - TWIR15351,"Taipei, Taipei City, Taiwan",,False,below,https://www.linkedin.com/jobs/view/4415009378
2026-09-22,li,Compal,伺服器&機櫃機構設計 理級主管 (內湖) - TWIR15352,"Taipei, Taipei City, Taiwan",,False,below,https://www.linkedin.com/jobs/view/4415007600
2026-09-22,li,Qualcomm,Fundamental IP Design Kit and Characterization Manager,"Hsinchu City, Taiwan, Taiwan",,True,below,https://www.linkedin.com/jobs/view/4326525856
2026-09-22,li,Flex,Sr. Design Quality Manager,"Wugu District, New Taipei City, Taiwan",,True,below,https://www.linkedin.com/jobs/view/4414717564
2026-09-22,li,Celestica,"Senior Manager, Electrical Design Engineering 1","Taipei, Taipei City, Taiwan",,True,below,https://www.linkedin.com/jobs/view/4323546451
2026-09-22,li,Adecco,研發理級主管,"Tainan City, Tainan City, Taiwan",,False,below,https://www.linkedin.com/jobs/view/4469167228
2026-09-22,li,Celestica,"Senior Manager, Electrical Design Engineering","Taipei, Taipei City, Taiwan",,True,below,https://www.linkedin.com/jobs/view/4323686277
2026-09-22,li,Synopsys Inc,"ASIC Design / Verification, Manager-Sr Manager","Hsinchu City, Taiwan, Taiwan",,True,below,https://www.linkedin.com/jobs/view/4468663563
2026-09-22,li,TSMC,Memory Design Manager,"Hsinchu City, Taiwan, Taiwan",,True,below,https://www.linkedin.com/jobs/view/4432078206
2026-09-22,li,Exyte,Electrical Manager 電機設計經理,"Hsinchu City, Taiwan, Taiwan",,False,below,https://www.linkedin.com/jobs/view/4443451440
2026-09-22,li,HP,Senior Manager Audio Engineering Team,"Taipei, Taipei City, Taiwan",,False,below,https://www.linkedin.com/jobs/view/4468829503
2026-09-22,li,Vertiv,TW - Sr. Technical Manager (Department Head),"Taipei, Taipei City, Taiwan",,False,below,https://www.linkedin.com/jobs/view/4431220174
2026-09-22,li,Google,"Senior Manager, Product Design Engineering, Pixel Phones","Banqiao District, New Taipei City, Taiwan",google,True,below,https://www.linkedin.com/jobs/view/4457614333
2026-09-22,li,SUSS,Design Engineering Manager (m/f/d),,,True,below,https://www.linkedin.com/jobs/view/4459160073
2026-09-22,li,TSMC,APR BE Manager,"Hsinchu City, Taiwan, Taiwan",,False,below,https://www.linkedin.com/jobs/view/4432084072
2026-09-22,li,Infineon Technologies,Sr Manager AMS Design,"Hsinchu City, Taiwan, Taiwan",,True,below,https://www.linkedin.com/jobs/view/4365048425
2026-09-22,li,Nordson Corporation,"Senior Manager, New Product Development Engineering","Taipei, Taipei City, Taiwan",,False,below,https://www.linkedin.com/jobs/view/4447902170
2026-09-22,li,Cisco,ASIC Engineering Technical Leader,"Taipei, Taipei City, Taiwan",cisco,False,below,https://www.linkedin.com/jobs/view/4445971710
2026-09-22,li,Cisco,"Leader, ASIC Engineering","Taipei, Taipei City, Taiwan",cisco,False,below,https://www.linkedin.com/jobs/view/4445963756
2026-09-22,indeed,Amazon.com,"Sr. Partner Development Manager, Global Ads Partner Development",TW,amazon,False,below,https://tw.indeed.com/viewjob?jk=697af18797ab66c6
2026-09-22,indeed,Medtronic,ACM/ Endoscopy_Associate Product Manager,"台北市, TPE, TW",,True,below,https://tw.indeed.com/viewjob?jk=601a76a01520806d
2026-09-22,indeed,Molex,Sr. EHS Engineer,"三重區, TPQ, TW",,False,below,https://tw.indeed.com/viewjob?jk=1120dc5cc2d2c04e
2026-09-22,indeed,MaxLinear Inc.,Senior Business Operations and Pricing Manager,"新竹市, HSZ, TW",,False,below,https://tw.indeed.com/viewjob?jk=145d792964e67397
2026-09-22,indeed,Qualcomm,Program Manager,"台北市, TPE, TW",,False,below,https://tw.indeed.com/viewjob?jk=d50eba1211befc62
2026-09-22,indeed,Analog Devices,"Sr Manager, Product & Test Engineering - Power Modules","台北市, TPE, TW",,False,below,https://tw.indeed.com/viewjob?jk=0a4ea284cd90ccb5
2026-09-22,indeed,Synopsys,Technical Account Manager (Simulation)- 18778,"台北市, TPE, TW",,False,below,https://tw.indeed.com/viewjob?jk=53a03deb3f9579f5
2026-09-22,indeed,Google,"Senior Manager, Firmware Engineering, Modem Protocol Stack","板橋區, TPQ, TW",google,False,below,https://tw.indeed.com/viewjob?jk=48abddf236e73269
2026-09-22,indeed,Semtech,Supplier Quality Engineer,TW,,False,below,https://tw.indeed.com/viewjob?jk=8ded934fc64ea400
2026-09-22,indeed,Coupang,Sr. Program Manager,"台北市, TPE, TW",coupang,False,below,https://tw.indeed.com/viewjob?jk=6995f6eec69a5698
2026-09-22,indeed,KLA,Systems Engineering Manager,"新竹市, HSZ, TW",klarna,False,below,https://tw.indeed.com/viewjob?jk=446572a8f08124aa
2026-09-22,indeed,KLA,Software Manager,"新竹市, HSZ, TW",klarna,False,below,https://tw.indeed.com/viewjob?jk=03bf90e7ea482432
2026-09-22,indeed,Thermo Fisher Scientific,Senior Clinical Trial Manager (Sr. CTM),"台北市, TPE, TW",,False,below,https://tw.indeed.com/viewjob?jk=e834d91d5315e977
2026-09-22,indeed,Amazon.com,Sr. BD Manager,TW,amazon,False,below,https://tw.indeed.com/viewjob?jk=a8b81348accba417
2026-09-22,indeed,Amazon.com,"Sr. Global Commodity Manager, Amazon Devices","台北市, TPE, TW",amazon,False,below,https://tw.indeed.com/viewjob?jk=da185ef876f6b081
2026-09-22,li,FUJITSU LIMITED（JAPAN）,高性能プロセッサ開発におけるDFT回路設計リード・マネジメント,,fujitsu,False,below,https://www.linkedin.com/jobs/view/4432956456
2026-09-22,li,Fanatics,"Art Director - Topps Trading Cards, Japan","Tokyo, Tokyo, Japan",,False,target,https://www.linkedin.com/jobs/view/4450237200
2026-09-22,li,Specialized Group,Senior Design Manager Mechanical - Data Center Design シニアデザインマネージャー機械,"Tokyo, Tokyo, Japan",,True,below,https://www.linkedin.com/jobs/view/4466658367
2026-09-22,li,Digital Edge DC,"Manager, Design Delivery",,,True,below,https://www.linkedin.com/jobs/view/4464199299
2026-09-22,li,Avanade,"Manager, UX Design","Tokyo, Tokyo, Japan",,True,below,https://www.linkedin.com/jobs/view/4448718964
2026-09-22,li,Accenture Japan,クリエイティブディレクター_管理職_Song,"Tokyo, Tokyo, Japan",accenture,False,below,https://www.linkedin.com/jobs/view/4434332573
2026-09-22,li,G Talent,【★ECU Development & Design Leader/Manager (Steering Systems)】Automotive Safety Devices / Hybrid / JLPT N2 Level～,"Ibaraki, Japan",,True,below,https://www.linkedin.com/jobs/view/4467550019
2026-09-22,li,HARMAN International,UXUI Design Manager,"Tokyo, Tokyo, Japan",,True,below,https://www.linkedin.com/jobs/view/4438080555
2026-09-22,li,AirTrunk,Design Manager,"Roppongi, Tokyo, Japan",,True,below,https://www.linkedin.com/jobs/view/4467945706
2026-09-22,li,Renesas Electronics,HPC CPU Subsystem Engineering Manager,"Kodaira, Tokyo, Japan",,False,below,https://www.linkedin.com/jobs/view/4432086760
2026-09-22,li,Boston Consulting Group (BCG),Creative Manager,"Tokyo, Japan",,False,below,https://www.linkedin.com/jobs/view/4448287506
2026-09-22,li,Linkard Inc.,"＜案件No.1011＞【〜1,000万】商品企画マネージャー（デザイン統括）｜歴史的ブランドのリブランディングを支えるモノづくりリーダー","Tokyo, Japan",,False,below,https://www.linkedin.com/jobs/view/4467431934
2026-09-22,li,US Army Corps of Engineers,"Design Manager (Interdisciplinary), GS-08XX-12 (52003)",,,True,below,https://www.linkedin.com/jobs/view/4466510213
2026-09-22,li,Van Cleef & Arpels,Store Design Senior Manager,"Tokyo, Japan",,True,below,https://www.linkedin.com/jobs/view/4419833923
2026-09-22,li,Good Maven,Head of Design,"Tokyo, Japan",,True,target,https://www.linkedin.com/jobs/view/4409287414
2026-09-22,li,doda (デューダ),【大阪／大手自動車メーカー常駐】ボディ設計マネージャー（アッパーボディ・フロア開発）◆英語活用◆,"Osaka, Osaka, Japan",,False,below,https://www.linkedin.com/jobs/view/4467671859
2026-09-22,li,doda (デューダ),【大阪／大手自動車メーカー常駐】ボディ設計チームリーダー（アッパーボディ・フロア開発）◆英語活用◆,"Osaka, Osaka, Japan",,False,below,https://www.linkedin.com/jobs/view/4467693161
2026-09-22,li,Aquent,プロダクト・UI/UXデザイナー_マネージャー・マネージャー候補　　出社/在宅ワークのハイブリット型就業！家庭用および医療用健康機器の開発・販売企業 [AQ-18863],"Kyoto, Japan",,True,below,https://www.linkedin.com/jobs/view/4468573707
2026-09-22,li,Renesas Electronics,High-Speed I/F Subsystem Design Leader,"Kodaira, Tokyo, Japan",,True,below,https://www.linkedin.com/jobs/view/4397052768
2026-09-22,li,Aquent,UIUXデザイナー マネージャー候補　　コスメ・美容に興味のある方おすすめ！国内最大級のコスメ・美容総合サイト運営企業 [AQ-18873],"Tokyo, Tokyo, Japan",,False,below,https://www.linkedin.com/jobs/view/4468579528
2026-09-22,indeed,Magna International,Senior HW Engineer,"新横浜, JPC, JP",,False,below,https://jp.indeed.com/viewjob?jk=91c40f129c4980ed
2026-09-22,indeed,Visa,"Consulting Senior Manager, Strategy & Business Design — VCA Dedicated Team","JPC, JP",visa,True,below,https://jp.indeed.com/viewjob?jk=c803d4b80323bf50
2026-09-22,indeed,Visa,"Consulting Director, Strategy & Business Design — VCA Dedicated Team","JPC, JP",visa,True,target,https://jp.indeed.com/viewjob?jk=0863122ae4484ebd
2026-09-22,indeed,,Program Manager (Fleet and Family Readiness Director),"横須賀基地, JPC, JP",,False,target,https://jp.indeed.com/viewjob?jk=27a588d1af2cdd64
2026-09-22,indeed,Unity Technologies,"Senior Marketing Manager, Industry – APAC","銀座, JPC, JP",,True,below,https://jp.indeed.com/viewjob?jk=d38e27d4b9c42a05
2026-09-22,indeed,From One's Heart株式会社,八戸初のグローバルホステルのオープニングスタッフ,"JPB, JP",,False,below,https://jp.indeed.com/viewjob?jk=dba5f6fb5f392b73
2026-09-22,indeed,The Coca-Cola Company,"Senior Manager, Technical Operations & Commercialization – Japan","JPC, JP",,False,below,https://jp.indeed.com/viewjob?jk=afaab31b4182e34b
2026-09-22,indeed,Izumi Network,"Senior Business Analyst - Toyosu, Japan (A)","JPC, JP",,False,below,https://jp.indeed.com/viewjob?jk=ee2c41a0174c09ce
2026-09-22,indeed,AbbVie,"Senior Scietist or Scientific Advisor or Medical Advisor, Neurology","JPC, JP",,False,below,https://jp.indeed.com/viewjob?jk=294b5d7dfede4978
2026-09-22,indeed,Cornerstone Recruitment Japan 株式会社,Data Center Engineer / M&E Manager,"JPC, JP",,False,below,https://jp.indeed.com/viewjob?jk=3734186eb6fda020
2026-09-22,indeed,The Coca-Cola Company,"Manager, Supply Chain Projects","JPC, JP",,False,below,https://jp.indeed.com/viewjob?jk=b22560a3463441e5
2026-09-22,indeed,Cushman & Wakefield,Lead Project Manager (Data Centre),"JPC, JP",,False,target,https://jp.indeed.com/viewjob?jk=e897b63ac9d39591
2026-09-22,indeed,TeamViewer,Senior Enterprise Solution Engineer,"JPC, JP",,False,below,https://jp.indeed.com/viewjob?jk=a418c8cf6bc17b5a
2026-09-22,indeed,Copeland,Sales Representative,"JPC, JP",,False,below,https://jp.indeed.com/viewjob?jk=3953af95f4b3efb6
2026-09-22,indeed,Nearfield Instruments,Sales Manager – Semiconductor Metrology – Japan,"JPE, JP",,False,below,https://jp.indeed.com/viewjob?jk=8706ff446719685a
2026-09-22,li,AUMOVIO,Technical Project Lead - Orin/Thor–Based ADAS HPC(High-Performance Computing) in Architecture and Network Solutions R&D | AUMOVIO Korea,"Seongnam, Gyeonggi, South Korea",,False,target,https://www.linkedin.com/jobs/view/4466311560
2026-09-22,li,CJ OLIVE YOUNG,Product Designer (팀장급),"Seoul, Seoul, South Korea",,True,below,https://www.linkedin.com/jobs/view/4450014832
2026-09-22,li,Digital Edge DC,"Director, Design Delivery",,,True,target,https://www.linkedin.com/jobs/view/4464195428
2026-09-22,li,CJ OLIVE YOUNG,글로벌 VMD담당자,"Seoul, Seoul, South Korea",,False,below,https://www.linkedin.com/jobs/view/4422692801
2026-09-22,li,AUMOVIO,ADAS Technical Lead Engineer in Autonomous and Commercial Mobility | AUMOVIO Korea,"Seongnam, Gyeonggi, South Korea",,False,target,https://www.linkedin.com/jobs/view/4466097770
2026-09-22,li,The Coca-Cola Company,"Senior Manager, Engineering","Uiwang, Gyeonggi, South Korea",,False,below,https://www.linkedin.com/jobs/view/4467584054
2026-09-22,li,CJ ENM ENTERTAINMENT DIV.,[CJ ENM] Mnet Plus Product Design Part Lead_경력채용,"Seoul, Seoul, South Korea",,True,below,https://www.linkedin.com/jobs/view/4347557580
2026-09-22,li,KRAFTON Inc.,[PUBG Franchise] Art Director (10년 이상),"Seoul, Seoul, South Korea",,False,target,https://www.linkedin.com/jobs/view/4449611033
2026-09-22,li,"Chips&Media, Inc.",Hardware Engineer(팀장급),"Daegu, South Korea",,False,below,https://www.linkedin.com/jobs/view/4467135753
2026-09-22,li,ALTEN KOREA,Exterior Technical leader,"Songdo International Business District, Incheon, South Korea",,False,below,https://www.linkedin.com/jobs/view/4467952773
2026-09-22,li,ALTEN KOREA,BIW Technical leader,"Songdo International Business District, Incheon, South Korea",,False,below,https://www.linkedin.com/jobs/view/4467954723
2026-09-22,li,Arup,Energy & Infrastructure Team Leader,"Seoul, Seoul, South Korea",,False,below,https://www.linkedin.com/jobs/view/4467980709
2026-09-22,li,US Army Corps of Engineers,"Design Manager (Interdisciplinary), GS-08XX-13 (08415)",,,True,below,https://www.linkedin.com/jobs/view/4466505327
2026-09-22,li,Hyundai Motor Company,Interior Designer for brand space & employee space,"Seoul, Seoul, South Korea",,True,below,https://www.linkedin.com/jobs/view/4465266237
2026-09-22,li,Hanwha Ocean,[한화오션] 의장설계(선장철의),"Geoje, South Gyeongsang, South Korea",,False,below,https://www.linkedin.com/jobs/view/4466171904
2026-09-22,li,Next Securities,UX Design Lead,"Seoul, South Korea",,True,target,https://www.linkedin.com/jobs/view/4470269842
2026-09-22,li,Next Securities,BX Design Lead,"Seoul, South Korea",,True,target,https://www.linkedin.com/jobs/view/4470269852
2026-09-22,li,Schneider Electric,Customer Project Sr. Technical Lead (Power System),,,False,target,https://www.linkedin.com/jobs/view/4468789869
2026-09-22,li,Eaton,Application Engineering Supervisor (GEIS),"Seoul, Seoul, South Korea",,False,below,https://www.linkedin.com/jobs/view/4402479689
2026-09-22,li,42dot,Connect Product Portfolio Governance Team Lead,"Seongnam, Gyeonggi, South Korea",,True,target,https://www.linkedin.com/jobs/view/4457330840
2026-09-22,indeed,Hilti Group,Lead Engineer,"10, KR",,False,target,https://kr.indeed.com/viewjob?jk=bc13af0feec6f574
2026-09-22,indeed,Google,"Measurement Specialist, Large Customer Sales (English, Korean)","11, KR",google,False,below,https://kr.indeed.com/viewjob?jk=c7a5a973863f0c79
2026-09-22,indeed,Boston Consulting Group,Business Operations (Senior) Specialist,"11, KR",,False,below,https://kr.indeed.com/viewjob?jk=4afc683bf16db5b8
2026-09-22,indeed,Coupang,"[Coupang] Sr. Manager, Program Management (Rocket Growth Sales)","11, KR",coupang,False,below,https://kr.indeed.com/viewjob?jk=c316e573d4752f62
2026-09-22,indeed,Unity Technologies,"Senior Marketing Manager, Industry – APAC","11, KR",,True,below,https://kr.indeed.com/viewjob?jk=8935eefa44343625
2026-09-22,indeed,Global Green Growth Institute,"MONITORING, EVALUATION, AND LEARNING ASSOCIATE","11, KR",,False,below,https://kr.indeed.com/viewjob?jk=35d251414c721481
2026-09-22,indeed,StudioXID,Account Manager,"봉은사로, 11, KR",,False,below,https://kr.indeed.com/viewjob?jk=9548cb3c661f2f7a
2026-09-22,indeed,L'Oréal,[L'Oreal Korea] Global Innovation Project Manager (Make-up/Skincare) - Korea Innovation Center (KIC),"11, KR",,False,below,https://kr.indeed.com/viewjob?jk=f12ea2428369bb53
2026-09-22,indeed,Atlas Copco Group,Senior Sourcing Engineer,"17, KR",,False,below,https://kr.indeed.com/viewjob?jk=fd155c15a8620c06
2026-09-22,indeed,Atlas Copco Group,Process & Data Manager 1,"17, KR",,False,below,https://kr.indeed.com/viewjob?jk=cee7ba65de1ff472
2026-09-22,indeed,Teads,Senior Sales Manager,"11, KR",,False,below,https://kr.indeed.com/viewjob?jk=9dd41dafb4f58eb8
2026-09-22,indeed,Arup,Energy & Infrastructure Team Leader,"11, KR",,False,below,https://kr.indeed.com/viewjob?jk=cf3ab8fffa4889be
2026-09-22,indeed,B Braun Korea,General Surgery Sr. Territory Manager,"11, KR",,False,below,https://kr.indeed.com/viewjob?jk=50b02cf257ab5a2a
2026-09-22,indeed,Infineon Technologies,Senior Manager Regional Application Marketing,"11, KR",,False,below,https://kr.indeed.com/viewjob?jk=847abd81b285d2f5
2026-09-22,li,WSP in Canada,Digital Design Lead - Water,"Hamilton, Waikato, New Zealand",,True,target,https://www.linkedin.com/jobs/view/4432961227
2026-09-22,li,WSP in New Zealand,Digital Design Lead - Water,"Hamilton, Waikato, New Zealand",,True,target,https://www.linkedin.com/jobs/view/4433804930
2026-09-22,li,WSP in New Zealand,Digital Design Lead - Water,"Wellington, Wellington, New Zealand",,True,target,https://www.linkedin.com/jobs/view/4433816582
2026-09-22,li,Deloitte,Service Design Architect,"Auckland, Auckland, New Zealand",,True,below,https://www.linkedin.com/jobs/view/4441467413
2026-09-22,li,SkyCity Entertainment Group,Art Director/Studio Manager,"Auckland, Auckland, New Zealand",,False,target,https://www.linkedin.com/jobs/view/4466646810
2026-09-22,li,PwC New Zealand,Customer Transformation – CX & Service Design – Associate Director,"Auckland, Auckland, New Zealand",,True,target,https://www.linkedin.com/jobs/view/4468855198
2026-09-22,li,Transpower New Zealand,Design & Infrastructure Manager - 10 to 12 month fixed term,"Auckland, Auckland, New Zealand",,True,below,https://www.linkedin.com/jobs/view/4466669361
2026-09-22,li,Transpower New Zealand,Design & Infrastructure Manager - 10 to 12 month fixed term,"Christchurch, Canterbury, New Zealand",,True,below,https://www.linkedin.com/jobs/view/4466665838
2026-09-22,li,Richard Crookes Constructions (RCC),Services Manager - Sydney,"Auckland, Auckland, New Zealand",,False,below,https://www.linkedin.com/jobs/view/4467185445
2026-09-22,li,Richard Crookes Constructions (RCC),Services Manager - Sydney,"Wellington, Wellington, New Zealand",,False,below,https://www.linkedin.com/jobs/view/4467168756
2026-09-22,li,Icon,Design Manager - Relocate to Sydney!,"Auckland, Auckland, New Zealand",,True,below,https://www.linkedin.com/jobs/view/4468844389
2026-09-22,li,Babbage Consultants Limited,Fire Engineering Manager,"Auckland, New Zealand",,False,below,https://www.linkedin.com/jobs/view/4467802699
2026-09-22,li,Gallagher Animal Management,Engineering Manager – Hardware,"Hamilton, Waikato, New Zealand",,False,below,https://www.linkedin.com/jobs/view/4467182709
2026-09-22,li,Archway Recruitment,Structural Drafting Team Leader,"Auckland, New Zealand",,False,below,https://www.linkedin.com/jobs/view/4459676311
2026-09-22,li,Jacobs,Principal - Mechancial (Data Centres),"Auckland, Auckland, New Zealand",,False,target,https://www.linkedin.com/jobs/view/4440389759
2026-09-22,li,Halter,Head of Creative Design,"Auckland, New Zealand",,True,target,https://www.linkedin.com/jobs/view/4466178091
2026-09-22,li,Kernel,Lead Product Designer,"Auckland, Auckland, New Zealand",,True,target,https://www.linkedin.com/jobs/view/4465768518
2026-09-22,li,Stantec,Senior Revit Designer / Team Lead,"Christchurch, Canterbury, New Zealand",,True,target,https://www.linkedin.com/jobs/view/4467423538
2026-09-22,li,ZURU Edge,Senior Designer - Beauty,"Auckland, Auckland, New Zealand",,True,below,https://www.linkedin.com/jobs/view/4430912922
2026-09-22,li,Orah,Product Design Manager,"Auckland, New Zealand",,True,below,https://www.linkedin.com/jobs/view/4470261122
2026-09-22,indeed,ReadyTech Group,Engineering Manager,"Auckland City, N, NZ",,False,below,https://nz.indeed.com/viewjob?jk=dde8c29c85560dd7
2026-09-22,indeed,Pushpay,Senior Full Stack Software Engineer,"Auckland City, N, NZ",,False,below,https://nz.indeed.com/viewjob?jk=ff90a921695bd1ed
2026-09-22,indeed,Skechers,Assistant Store Manager - Chartwell,"Hamilton, N, NZ",,False,below,https://nz.indeed.com/viewjob?jk=61c2d703be0d506a
2026-09-22,indeed,Datacom Connect,Senior Project Manager - Data Centre,"Christchurch, S, NZ",,False,below,https://nz.indeed.com/viewjob?jk=dac86ff3d325b895
2026-09-22,indeed,Datacom Connect,Senior Project Manager - Data Centre,"Auckland City, N, NZ",,False,below,https://nz.indeed.com/viewjob?jk=e48276e380a39f86
2026-09-22,indeed,Datacom Connect,Senior Project Manager - Data Centre,"Wellington City, N, NZ",,False,below,https://nz.indeed.com/viewjob?jk=ba1fe904c1294c31
2026-09-22,indeed,Genesis Energy NZ,Intermediate Mobile Developer,"Auckland City, N, NZ",,False,below,https://nz.indeed.com/viewjob?jk=b6351a4456f40580
2026-09-22,indeed,KPMG,Manager - Workday Finance,"Auckland City, N, NZ",,False,below,https://nz.indeed.com/viewjob?jk=7cc62a5307ca960b
2026-09-22,indeed,KPMG,Associate Director - Workday Finance Lead,"Auckland City, N, NZ",,False,target,https://nz.indeed.com/viewjob?jk=eec3f656ca03533d
2026-09-22,indeed,Ryman Healthcare,Registered Nurse,"Tauranga, N, NZ",,False,below,https://nz.indeed.com/viewjob?jk=0d45f50d5b836a68
2026-09-22,indeed,Seequent,"Manager, Global Sales Operations","Christchurch, S, NZ",,False,below,https://nz.indeed.com/viewjob?jk=3b78febd9b1385a0
2026-09-22,indeed,Accenture,SAP S/4HANA EAM Solution Architect - Senior Manager,"Wellington City, N, NZ",accenture,False,below,https://nz.indeed.com/viewjob?jk=98e45c2297105739
2026-09-22,indeed,Accenture,SAP S/4HANA Finance Solution Architect - Senior Manager,"Wellington City, N, NZ",accenture,False,below,https://nz.indeed.com/viewjob?jk=975734cf5f739661
2026-09-22,indeed,New Zealand Government,Principal Advisor Regulatory System Design,"Wellington City, N, NZ",,True,target,https://nz.indeed.com/viewjob?jk=9232a77042de7b8a
2026-09-22,indeed,Health New Zealand | Te Whatu Ora,Design Assurance Manager,NZ,,True,below,https://nz.indeed.com/viewjob?jk=8e70df80f859a9c7
2026-09-22,indeed,Plunket,"Senior Health, Safety and Resilience Advisor","N, NZ",,False,below,https://nz.indeed.com/viewjob?jk=e061ce8f7373e599
2026-09-22,indeed,AECOM,Primary Electrical Engineer I Energy,"Auckland City, N, NZ",,False,below,https://nz.indeed.com/viewjob?jk=99852c58db1386ee
2026-09-22,indeed,NBCUniversal,Marketing & Finance Intern - Universal Pictures,"Auckland City, N, NZ",versa,False,below,https://nz.indeed.com/viewjob?jk=565f5f61918b2d27
2026-09-22,indeed,Plunket,"Senior Health, Safety and Resilience Advisor","Palmerston North, N, NZ",,False,below,https://nz.indeed.com/viewjob?jk=2ddb9140cc7775c9
2026-09-22,indeed,Auckland Council,Product Owner Web & Digital Experience,"Auckland City, N, NZ",,True,below,https://nz.indeed.com/viewjob?jk=d1afbe4f9cbf3320
2026-09-22,li,AustralianSuper,Lead Product Designer,"Melbourne, Victoria, Australia",,True,target,https://www.linkedin.com/jobs/view/4468497843
2026-09-22,li,Goodman,"Design Manager, Services MEP - Data Centres","Melbourne, Victoria, Australia",,True,below,https://www.linkedin.com/jobs/view/4440107276
2026-09-22,li,Talent Butler,Design Manager,"Sydney, New South Wales, Australia",,True,below,https://www.linkedin.com/jobs/view/4467367167
2026-09-22,li,Arcadis,Design Manager – Wind,"Melbourne, Victoria, Australia",,True,below,https://www.linkedin.com/jobs/view/4430607672
2026-09-22,li,Arcadis,Design Manager – Wind,"Brisbane, Queensland, Australia",,True,below,https://www.linkedin.com/jobs/view/4430293808
2026-09-22,li,BESIX Watpac,Senior Design Manager,"Brisbane, Queensland, Australia",,True,below,https://www.linkedin.com/jobs/view/4458698099
2026-09-22,li,CPB Contractors,Senior Design Manager I Bundaberg Hospital,"Sydney, New South Wales, Australia",,True,below,https://www.linkedin.com/jobs/view/4458080237
2026-09-22,li,Fyfe,Design Delivery Manager,"Sydney, New South Wales, Australia",,True,below,https://www.linkedin.com/jobs/view/4467870243
2026-09-22,li,Amazon Web Services (AWS),"Senior Data Center Design Manager, Data Center Engineering","Sydney, New South Wales, Australia",amazon,False,below,https://www.linkedin.com/jobs/view/4460342339
2026-09-22,li,Oracle,"Senior Manager, Data Hall Design",,,True,below,https://www.linkedin.com/jobs/view/4458040024
2026-09-22,li,ALPHA60,Head of Design,"Collingwood, Victoria, Australia",,True,target,https://www.linkedin.com/jobs/view/4466660552
2026-09-22,li,Sedgman,Senior Engineering Design Manager,"Brisbane, Queensland, Australia",,False,below,https://www.linkedin.com/jobs/view/4467188158
2026-09-22,li,Sedgman Prudentia,Senior Design Manager,"Adelaide, South Australia, Australia",,True,below,https://www.linkedin.com/jobs/view/4466813213
2026-09-22,li,BESIX Watpac,Design Manager,"Brisbane, Queensland, Australia",,True,below,https://www.linkedin.com/jobs/view/4466801770
2026-09-22,li,CBRE Asia Pacific,Design Manager,"Brisbane, Queensland, Australia",,True,below,https://www.linkedin.com/jobs/view/4465516165
2026-09-22,li,Mott MacDonald,Principal Digital Designer,"Brisbane, Queensland, Australia",,True,target,https://www.linkedin.com/jobs/view/4467062884
2026-09-22,li,ACCIONA,"Design Manager, Transmission","Perth, Western Australia, Australia",,True,below,https://www.linkedin.com/jobs/view/4467045912
2026-09-22,li,Mott MacDonald,Principal Digital Designer,"Adelaide, South Australia, Australia",,True,target,https://www.linkedin.com/jobs/view/4467051935
2026-09-22,li,Resourceful Recruitment,Senior Design Manager,"Brisbane, Queensland, Australia",,True,below,https://www.linkedin.com/jobs/view/4470255047
2026-09-22,li,Symal Group,Senior Design Manager,"South Melbourne, Victoria, Australia",,True,below,https://www.linkedin.com/jobs/view/4440645919
2026-09-22,indeed,Downer Group,Seaworthiness Manager,"Canberra, ACT, AU",,False,below,https://au.indeed.com/viewjob?jk=738322ef74a89c1a
2026-09-22,indeed,Department of Justice and Community Safety,"Manager, Intake","Melbourne, VIC, AU",,False,below,https://au.indeed.com/viewjob?jk=fe329847a67cd3c5
2026-09-22,indeed,Department of Justice and Community Safety,Policy and Projects Officer,"Melbourne City Centre, VIC, AU",,False,below,https://au.indeed.com/viewjob?jk=035b570c4b2edfa8
2026-09-22,indeed,Department of Education,Senior Policy Officer,"Melbourne City Centre, VIC, AU",,False,below,https://au.indeed.com/viewjob?jk=085fbab7e3da2e3c
2026-09-22,indeed,Queensland Government,Senior Service Desk Officer,"Brisbane, QLD, AU",,False,below,https://au.indeed.com/viewjob?jk=1caddead530633c2
2026-09-22,indeed,Unispace,Talent Acquisition Partner,"Sydney, NSW, AU",,False,below,https://au.indeed.com/viewjob?jk=296187d176fe8090
2026-09-22,indeed,PwC,IAM Consultant | Manager,"Southbank, VIC, AU",,False,below,https://au.indeed.com/viewjob?jk=62020ffe6f374199
2026-09-22,indeed,L3Harris,Systems Engineer,"Fremantle, WA, AU",,False,below,https://au.indeed.com/viewjob?jk=b9033164c59c4be9
2026-09-22,indeed,Water Corporation,Principal Product Owner Cyber,"Leederville, WA, AU",,True,target,https://au.indeed.com/viewjob?jk=7bfac7d7fb72ed4a
2026-09-22,indeed,Rebel,Space Analytics Manager | rebel - Hybrid,"Rhodes, NSW, AU",,False,below,https://au.indeed.com/viewjob?jk=d80821e0dca076be
2026-09-22,indeed,Deloitte,Senior Manager | Digital Engineering,"Melbourne, VIC, AU",,False,below,https://au.indeed.com/viewjob?jk=e5fda201683a0261
2026-09-22,indeed,Motorola Solutions,Graduate Engineer,"Melbourne, VIC, AU",,False,below,https://au.indeed.com/viewjob?jk=50cdd69d6da0dffb
2026-09-22,indeed,Accent Group Limited,National Training Manager - TAF,"Alexandria, NSW, AU",accenture,False,below,https://au.indeed.com/viewjob?jk=b3b74468ea9b5987
2026-09-22,indeed,The Athlete's Foot,National Training Manager - TAF,"Alexandria, NSW, AU",,False,below,https://au.indeed.com/viewjob?jk=4cf088cdd8e2729e
2026-09-22,indeed,The Athlete's Foot,National Training Manager - TAF,"Alexandria, NSW, AU",,False,below,https://au.indeed.com/viewjob?jk=27e57ed4d7d8c1c6
2026-09-22,indeed,Skechers,Assistant Store Manager - Mt Ommaney,"Jindalee, QLD, AU",,False,below,https://au.indeed.com/viewjob?jk=4d04ba5945a4b5b1
2026-09-22,indeed,Vocus,Senior Optical Engineer,"Melbourne, VIC, AU",,False,below,https://au.indeed.com/viewjob?jk=34a24e36eb6bb7ff
2026-09-22,indeed,Palo Alto Networks,Channel Business Manager,"Perth, WA, AU",,False,below,https://au.indeed.com/viewjob?jk=6f65c337dfa8be1f
2026-09-22,indeed,Built Holdings,Project Engineer,"Perth, WA, AU",,False,below,https://au.indeed.com/viewjob?jk=7b22a49459fc1f4e
2026-09-22,indeed,Atlassian,Principal Product Manager - Goals and Projects,"Sydney, NSW, AU",atlassian,True,target,https://au.indeed.com/viewjob?jk=52a7425e916001bc
2026-09-22,li,Tetra Tech Nederland,Integraal ontwerpleider,"Arnhem, Gelderland, Netherlands",,False,below,https://www.linkedin.com/jobs/view/4469848839
2026-09-22,li,Dura Vermeer,Ontwerpleider TI,"The Randstad, Netherlands",,False,below,https://www.linkedin.com/jobs/view/4438733042
2026-09-22,li,Haskoning,Design Manager (MCF/ Data Centres),"Nijmegen, Gelderland, Netherlands",,True,below,https://www.linkedin.com/jobs/view/4460525143
2026-09-22,li,Tetra Tech Nederland,Integraal ontwerpleider,"Delft, South Holland, Netherlands",,False,below,https://www.linkedin.com/jobs/view/4441676488
2026-09-22,li,Arup,Senior Design Manager - Data Center & Mission-Critical Projects,"Amsterdam, North Holland, Netherlands",,True,below,https://www.linkedin.com/jobs/view/4469134392
2026-09-22,li,Kitech Recruitment B.V. - Engineers,Design Manager,"Delft, South Holland, Netherlands",,True,below,https://www.linkedin.com/jobs/view/4458090734
2026-09-22,li,Dura Vermeer,Ontwerpmanager,"The Randstad, Netherlands",,False,below,https://www.linkedin.com/jobs/view/4437686507
2026-09-22,li,Arcadis,Integraal Ontwerpleider Havens,"Amersfoort, Utrecht, Netherlands",,False,below,https://www.linkedin.com/jobs/view/4429866312
2026-09-22,li,Independent Recruiters,Ontwerpleider Hoogspanningsprojecten,"Eindhoven, North Brabant, Netherlands",,False,below,https://www.linkedin.com/jobs/view/4466659695
2026-09-22,li,Arcadis,Ontwerpleider Waterbouw,"Rotterdam, South Holland, Netherlands",,False,below,https://www.linkedin.com/jobs/view/4429865870
2026-09-22,li,Haskoning,Senior Project-Technisch Manager - Tunnelinstallaties (TTI),"Amersfoort, Utrecht, Netherlands",,False,below,https://www.linkedin.com/jobs/view/4460362471
2026-09-22,li,WE Fashion,Design Manager Womenswear,"Utrecht, Netherlands",,True,below,https://www.linkedin.com/jobs/view/4458702741
2026-09-22,li,Boskalis,Ontwerpleider Infra,"Papendrecht, South Holland, Netherlands",,False,below,https://www.linkedin.com/jobs/view/4460075090
2026-09-22,li,Boskalis,Ontwerpleider rivieren & dijken,"Papendrecht, South Holland, Netherlands",,False,below,https://www.linkedin.com/jobs/view/4456298068
2026-09-22,li,Jobgether,Mockup Design Team Manager,,,True,below,https://www.linkedin.com/jobs/view/4467557511
2026-09-22,li,Jobgether,Head of UX/UI,,,True,target,https://www.linkedin.com/jobs/view/4466876004
2026-09-22,li,Van der Hoeven Horticultural Projects,Manager Design,"Den Hoorn, South Holland, Netherlands",,True,below,https://www.linkedin.com/jobs/view/4467499185
2026-09-22,li,Vialis,Ontwerpmanager,"Houten, Utrecht, Netherlands",,False,below,https://www.linkedin.com/jobs/view/4470265762
2026-09-22,li,BAM Nederland,Integraal Ontwerpmanager,"Bunnik, Utrecht, Netherlands",,False,below,https://www.linkedin.com/jobs/view/4393057395
2026-09-22,li,BAM Nederland,Integraal Ontwerpmanager,"Gouda, South Holland, Netherlands",,False,below,https://www.linkedin.com/jobs/view/4372879591
2026-09-22,indeed,Capgemini,Senior Mendix Consultant,"Utrecht, UT, NL",capgemini,False,below,https://nl.indeed.com/viewjob?jk=5a7506a1078ea49c
2026-09-22,indeed,Rabobank,Integraal Bouw Project Manager,"Utrecht, UT, NL",rabobank,False,below,https://nl.indeed.com/viewjob?jk=f62ab7fa8a70f521
2026-09-22,indeed,Destinus,Head of Commercial Programs,"Den Haag, ZH, NL",,False,target,https://nl.indeed.com/viewjob?jk=dbd5b32449676b8e
2026-09-22,indeed,Axon,Channel Partners Program Manager,"Amsterdam, NH, NL",,False,below,https://nl.indeed.com/viewjob?jk=c4778677188e4137
2026-09-22,indeed,DEKOM GmbH,"Solutions Engineer (m/f/x) | AV, Unified Communications & Microsoft Teams Rooms","Breda, NB, NL",,False,below,https://nl.indeed.com/viewjob?jk=9c9b3c645bc973dd
2026-09-22,indeed,TMF Group,Senior CDD Officer - Capital Markets,"Amsterdam, NH, NL",,False,below,https://nl.indeed.com/viewjob?jk=9fe3e47feebf27be
2026-09-22,indeed,Harman,"Principal Product Manager, Roon","Amsterdam, NH, NL",,True,target,https://nl.indeed.com/viewjob?jk=35cf08718050cbf9
2026-09-22,indeed,FrieslandCampina,Lead Expert - Protein Separation & Purification (all genders),"Wageningen, GE, NL",,False,target,https://nl.indeed.com/viewjob?jk=018231dfed555710
2026-09-22,indeed,,Senior IT Officer - Data and Artificial Intelligence,"Den Haag, ZH, NL",,False,below,https://nl.indeed.com/viewjob?jk=a5a16b205a531582
2026-09-22,indeed,NTT DATA Business Solutions,SAP Functional Consultant - Education (Nederlands),"Den Bosch, NB, NL",,False,below,https://nl.indeed.com/viewjob?jk=bdc6dbb34ad56424
2026-09-22,indeed,GoodHabitz,Technical Product Manager,"Amsterdam, NH, NL",,True,below,https://nl.indeed.com/viewjob?jk=0d28e1ae9f657fa0
2026-09-22,indeed,GoodHabitz,Technical Product Manager,"Eindhoven, NB, NL",,True,below,https://nl.indeed.com/viewjob?jk=9850a41b84ebc259
2026-09-22,indeed,JPMorganChase,Head of BeNeLux Subsidiary Payments Sales Executive Director (Amsterdam),"Amsterdam Zuid, NH, NL",,False,target,https://nl.indeed.com/viewjob?jk=ba7ff6060d4fb0d5
2026-09-22,indeed,Belastingdienst,Business analist Digitaal Berichtenverkeer,"Apeldoorn, GE, NL",,False,below,https://nl.indeed.com/viewjob?jk=ee134aa418560817
2026-09-22,indeed,Amgen,Manager QA,"Breda, NB, NL",,False,below,https://nl.indeed.com/viewjob?jk=79b5c1a43f23fa1a
2026-09-22,indeed,Booking.com,"Director of Product, Attractions","Amsterdam Centrum, NH, NL",booking-com,True,target,https://nl.indeed.com/viewjob?jk=a3290564c6c93388
2026-09-22,indeed,Just Eat Takeaway.com,Director Talent & Leadership,"Amsterdam, NH, NL",,False,target,https://nl.indeed.com/viewjob?jk=2db48d89c414bd84
2026-09-22,indeed,Boston Consulting Group,LAB Career Services Senior Specialist,"Amsterdam, NH, NL",,False,below,https://nl.indeed.com/viewjob?jk=c5707aaaa8089e07
2026-09-22,indeed,IIC-INTERSPORT International Corporation GmbH,E-COM Content Activation Manager,"Amsterdam, NH, NL",,False,below,https://nl.indeed.com/viewjob?jk=9fa9d121f0390e63
2026-09-22,indeed,NTT DATA Business Solutions,SAP Functional Consultant Education,"Den Bosch, NB, NL",,False,below,https://nl.indeed.com/viewjob?jk=4da59f63fddb873d
2026-09-22,li,Alti Profili,RESPONSABILE UFFICIO TECNICO,"Magenta, Lombardy, Italy",,False,below,https://www.linkedin.com/jobs/view/4467382438
2026-09-22,li,Eaton,Data Center Design Manager (Electrical),"Milan, Lombardy, Italy",,True,below,https://www.linkedin.com/jobs/view/4429874251
2026-09-22,li,Mercury,Design Manager,"Milan, Lombardy, Italy",,True,below,https://www.linkedin.com/jobs/view/4424346768
2026-09-22,li,Hays,Progettista Meccanico Senior/Responsabile Ufficio Tecnico - Settore Lighting,"Ravenna, Emilia-Romagna, Italy",,False,below,https://www.linkedin.com/jobs/view/4466697791
2026-09-22,li,Goodman,Data Centre Design Manager,"Milan, Lombardy, Italy",,True,below,https://www.linkedin.com/jobs/view/4403666046
2026-09-22,li,Hays,Design Manager,,,True,below,https://www.linkedin.com/jobs/view/4466692521
2026-09-22,li,Eaton,Data Center Design Manager (Electrical),"Rome, Latium, Italy",,True,below,https://www.linkedin.com/jobs/view/4429886098
2026-09-22,li,Pennylane,Senior Design Manager,"Rome, Latium, Italy",,True,below,https://www.linkedin.com/jobs/view/4468691491
2026-09-22,li,RIMOND,Design Manager,"Milan, Lombardy, Italy",,True,below,https://www.linkedin.com/jobs/view/4467568100
2026-09-22,li,Marcus Webb Associates Limited,European R&D Leader,"Bologna, Emilia-Romagna, Italy",,False,below,https://www.linkedin.com/jobs/view/4468632552
2026-09-22,li,Gualini,DESIGN MANAGER - Facade,,,True,below,https://www.linkedin.com/jobs/view/4434871176
2026-09-22,li,Ratti S.p.A. Società Benefit,Design & Archive Manager,"Guanzate, Lombardy, Italy",,True,below,https://www.linkedin.com/jobs/view/4467973791
2026-09-22,li,STMicroelectronics Italia,Analog Design Manager,"Cornaredo, Lombardy, Italy",,True,below,https://www.linkedin.com/jobs/view/4467996547
2026-09-22,li,Jobgether,Head of UX/UI,,,True,target,https://www.linkedin.com/jobs/view/4466852960
2026-09-22,li,STMicroelectronics Italia,Analog Design Manager,"Agrate Brianza, Lombardy, Italy",,True,below,https://www.linkedin.com/jobs/view/4468206632
2026-09-22,li,Arcadis,Design Manager,"Milan, Lombardy, Italy",,True,below,https://www.linkedin.com/jobs/view/4465983974
2026-09-22,li,ADHR GROUP,Responsabile ufficio tecnico,"Valduggia, Piedmont, Italy",,False,below,https://www.linkedin.com/jobs/view/4465965586
2026-09-22,li,"G.D S.p.A, a Coesia company",Senior HW Project Leader,"Bologna, Emilia-Romagna, Italy",,False,below,https://www.linkedin.com/jobs/view/4465965418
2026-09-22,li,STACK Infrastructure,Regional Design Manager,"Milan, Lombardy, Italy",,True,below,https://www.linkedin.com/jobs/view/4467746778
2026-09-22,li,Equans Italia,Design Project Manager,"Milan, Lombardy, Italy",,True,below,https://www.linkedin.com/jobs/view/4467204500
2026-09-22,indeed,UniCredit Group,Senior Trade Finance & Working Capital Sales Manager,"Milano, LOM, IT",unicredit,False,below,https://it.indeed.com/viewjob?jk=80d8439153898191
2026-09-22,indeed,Txt Group,Senior RPG/AS400 Developer,"Brescia, LOM, IT",,False,below,https://it.indeed.com/viewjob?jk=705b93c5294ac7d5
2026-09-22,indeed,Relatech SPA,Service Designer Intern,"LOM, IT",,True,below,https://it.indeed.com/viewjob?jk=b517ebd2c820e40f
2026-09-22,indeed,Thermo Fisher Scientific,"Senior CTM, Hematology/Oncology","Milano, LOM, IT",,False,below,https://it.indeed.com/viewjob?jk=bd1173ec8b602709
2026-09-22,indeed,RINA,Junior Naval Architect & Marine Engineer - Categorie Protette,"Genova, LIG, IT",,False,below,https://it.indeed.com/viewjob?jk=9afbd75d9893424d
2026-09-22,indeed,WSP,"Licensing Officer Assistant - Varese, Italia","Ispra, LOM, IT",,False,below,https://it.indeed.com/viewjob?jk=5b031fd52d95739c
2026-09-22,indeed,AccessiWay,Senior Revenue Operations Manager,"Torino, PIE, IT",,False,below,https://it.indeed.com/viewjob?jk=e1cb1f308a0e8e8f
2026-09-22,indeed,Amazon.com,"HR Specialist, Research, Strategy & Solutions, Employee Experience & Outcomes (EXO)","Milano, LOM, IT",amazon,False,below,https://it.indeed.com/viewjob?jk=4f0041edfa0bb484
2026-09-22,indeed,McDermott,Senior Manager Contract Management,"Milano, LOM, IT",,False,below,https://it.indeed.com/viewjob?jk=763b53707ff812a8
2026-09-22,indeed,ABB,SAP Security & Authorization Lead,"Sesto San Giovanni, LOM, IT",tabby,False,target,https://it.indeed.com/viewjob?jk=552b784f6c3c1ada
2026-09-22,indeed,ABB,Robotics Senior Mechanical Designer,"Sesto San Giovanni, LOM, IT",tabby,True,below,https://it.indeed.com/viewjob?jk=ada4f9e27d162736
2026-09-22,indeed,Mott MacDonald,Senior Electrical Engineer,"Genova, LIG, IT",,False,below,https://it.indeed.com/viewjob?jk=eb0ed7b5aa98b918
2026-09-22,indeed,Prysmian Group,Italy R&D Specialties Design & Cost Engineer,"Merlino, LOM, IT",,False,below,https://it.indeed.com/viewjob?jk=0d1f41dda8e7139b
2026-09-22,indeed,Hitachi Energy,Senior Signalling System Engineer,"Torino, PIE, IT",,False,below,https://it.indeed.com/viewjob?jk=debd20c37fe1127b
2026-09-22,indeed,Sysdig,Senior Software Engineer (Platform team),"Lavoro da casa, IT",,False,below,https://it.indeed.com/viewjob?jk=00e38a23298d6c49
2026-09-22,indeed,Contentsquare,Senior Strategic Consultant Professional Services,IT,,False,below,https://it.indeed.com/viewjob?jk=126a330786af0f85
2026-09-22,indeed,Hitachi Rail,Senior Signalling System Engineer,"Torino, PIE, IT",,False,below,https://it.indeed.com/viewjob?jk=e439310036e96fae
2026-09-22,indeed,JAKALA,Experienced Professional | Senior Manager Energy,"Milano, LOM, IT",,False,below,https://it.indeed.com/viewjob?jk=7509efa4f7f7b913
2026-09-22,indeed,JAKALA,Experienced Professional | Senior Manager Telco,"Roma, LAZ, IT",,False,below,https://it.indeed.com/viewjob?jk=417b073339c5531c
2026-09-22,indeed,Chiesi Farmaceutici S.p.A.,Senior Clinical Project Manager,"Parma, EMI, IT",,False,below,https://it.indeed.com/viewjob?jk=3ac319924d21869b
2026-09-22,li,MKS Inc.,Responsable d'équipe de conception avancée en mécatronique // Senior Manager R&D (H/F),"Beaune-la-Rolande, Centre-Val de Loire, France",,False,below,https://www.linkedin.com/jobs/view/4420101686
2026-09-22,li,Goodman,Data Centre Design Manager,"Paris, Île-de-France, France",,True,below,https://www.linkedin.com/jobs/view/4424236961
2026-09-22,li,IDEMIA,Design Manager - Design Lab,"Vitré, Brittany, France",,True,below,https://www.linkedin.com/jobs/view/4469178561
2026-09-22,li,Edvance,Chef de bureau d'études H/F,"Lyon, Auvergne-Rhône-Alpes, France",,False,below,https://www.linkedin.com/jobs/view/4469127793
2026-09-22,li,Pennylane,Senior Design Manager,,,True,below,https://www.linkedin.com/jobs/view/4468690424
2026-09-22,li,Pennylane,Senior Design Manager,"Paris, Île-de-France, France",,True,below,https://www.linkedin.com/jobs/view/4468696402
2026-09-22,li,Arcadis,Design Management Lead Data Center,"Paris, Île-de-France, France",,True,target,https://www.linkedin.com/jobs/view/4458000183
2026-09-22,li,Malt,Head of Product Design,"Paris, Île-de-France, France",,True,target,https://www.linkedin.com/jobs/view/4457963203
2026-09-22,li,Jobgether,Mockup Design Team Manager,,,True,below,https://www.linkedin.com/jobs/view/4467548621
2026-09-22,li,Lynxeo,Responsable Design & Ingénierie Produits (H/F),"Mehun-sur-Yèvre, Centre-Val de Loire, France",,True,below,https://www.linkedin.com/jobs/view/4386879720
2026-09-22,li,DASSAULT FALCON SERVICE,Responsable de bureau d’étude,"Le Bourget, Île-de-France, France",,False,below,https://www.linkedin.com/jobs/view/4465969410
2026-09-22,li,Jobgether,Head of UX/UI,,,True,target,https://www.linkedin.com/jobs/view/4466868095
2026-09-22,li,Verne,Data Centre Engineering Design Manager - PARIS Based,"Paris, Île-de-France, France",,False,below,https://www.linkedin.com/jobs/view/4466844370
2026-09-22,li,Bouygues Travaux Publics,Design Manager - Tunnel Package,"Guyancourt, Île-de-France, France",public-bank-berhad,True,below,https://www.linkedin.com/jobs/view/4463468779
2026-09-22,li,Pigment,Design Manager,"Lacaussade, Nouvelle-Aquitaine, France",,True,below,https://www.linkedin.com/jobs/view/4467268704
2026-09-22,li,Royal Caribbean Group,"Manager, Architecture and Design",,,True,below,https://www.linkedin.com/jobs/view/4467076944
2026-09-22,li,Louis Vuitton,Lead Digital Designer – Expériences transactionnelles & Services omnicanaux (F/H),"Paris, Île-de-France, France",,True,target,https://www.linkedin.com/jobs/view/4458205266
2026-09-22,li,Exyte,Senior Design Manager,"Aix-en-Provence, Provence-Alpes-Côte d'Azur, France",,True,below,https://www.linkedin.com/jobs/view/4429686740
2026-09-22,li,Artelia,Responsable de Pôle - Projeteurs Infrastructures Linéaires CAO/DAO - BIM,"Choisy-le-Roi, Île-de-France, France",telia-company,False,below,https://www.linkedin.com/jobs/view/4364619101
2026-09-22,li,UX-Republic,Lead Designer Senior (H/F) - Lyon,"Villeurbanne, Auvergne-Rhône-Alpes, France",public-bank-berhad,True,target,https://www.linkedin.com/jobs/view/4469897260
2026-09-22,indeed,ELSYS DESIGN,Leader Technique Vérification UVM H/F,"Valbonne, B8, FR",,False,below,https://fr.indeed.com/viewjob?jk=1a2605cc19542c79
2026-09-22,indeed,SALOMON,Senior Key Account Manager,"Annecy, ARA, FR",,False,below,https://fr.indeed.com/viewjob?jk=0adcc32d853ec7e8
2026-09-22,indeed,Ruby Labs,CRO Manager,"Eu, N, FR",,False,below,https://fr.indeed.com/viewjob?jk=25236b798083290f
2026-09-22,indeed,Ruby Labs,CRO Manager,"GE, FR",,False,below,https://fr.indeed.com/viewjob?jk=57d8aec8720046d4
2026-09-22,indeed,Atos,Senior Product Manager - AI Platforms & Agentic Solutions,"Bordeaux, NA, FR",,True,below,https://fr.indeed.com/viewjob?jk=485649ba7b12c985
2026-09-22,indeed,Eviden,HPC Software Architect R&D (M/F),"Échirolles, ARA, FR",,False,below,https://fr.indeed.com/viewjob?jk=95a9bc900f62cef9
2026-09-22,indeed,Solocal,[Alternance] UX Researcher H/F,"Boulogne-Billancourt, A8, FR",,True,below,https://fr.indeed.com/viewjob?jk=d8aac099eb394ef4
2026-09-22,indeed,Thermo Fisher Scientific,"Senior CTM, Hematology/Oncology","Télétravail, FR",,False,below,https://fr.indeed.com/viewjob?jk=8cb30f544a062d72
2026-09-22,indeed,PSL Research University,Manager senior Politiques publiques (F/H),"Paris, A8, FR",,False,below,https://fr.indeed.com/viewjob?jk=5730878f9452184a
2026-09-22,indeed,Hello Tomorrow,Deep Tech & Innovation Consulting Intern,"Paris, A8, FR",,False,below,https://fr.indeed.com/viewjob?jk=b2714683f6027cfc
2026-09-22,indeed,Verne,Data Center Snr Construction Project Manager,"Paris, A8, FR",,False,below,https://fr.indeed.com/viewjob?jk=3e24f13703ff60e9
2026-09-22,indeed,DeepHealth,Senior Data Engineer,"Paris, A8, FR",,False,below,https://fr.indeed.com/viewjob?jk=4b951dc3950feead
2026-09-22,indeed,Doctrine,Experienced / Senior Fullstack Engineer (Productivity),"Paris, A8, FR",,False,below,https://fr.indeed.com/viewjob?jk=170bd0bf1aa20524
2026-09-22,indeed,PHOTOROOM,Senior People Ops Manager (International),"Paris, A8, FR",,False,below,https://fr.indeed.com/viewjob?jk=23735c011f2e7d57
2026-09-22,indeed,Forvia,Industrial Design Trainee/Intern,"Brières-les-Scellés, A8, FR",,True,below,https://fr.indeed.com/viewjob?jk=ac34936147c4d020
2026-09-22,indeed,NTT DATA Business Solutions,Senior SAP QM Consultant,"Paris, A8, FR",,False,below,https://fr.indeed.com/viewjob?jk=7fc1a96d6eacdb59
2026-09-22,indeed,NTT DATA Business Solutions,SAP Finance Consultant (M/F),"Paris, A8, FR",,False,below,https://fr.indeed.com/viewjob?jk=cd2368b89445c351
2026-09-22,indeed,NTT DATA Business Solutions,Senior SAP CO Consultant,"Paris, A8, FR",,False,below,https://fr.indeed.com/viewjob?jk=62fe746d9d328af2
2026-09-22,indeed,NTT DATA Business Solutions,Consultant (e) Confirmé (e) SAP CO,"Paris, A8, FR",,False,below,https://fr.indeed.com/viewjob?jk=3fb62132b9ba856d
2026-09-22,indeed,NTT DATA Business Solutions,SAP EWM Consultant,"Paris, A8, FR",,False,below,https://fr.indeed.com/viewjob?jk=5401f85830abc0d9
2026-09-22,li,DEMATHIEU BARD,Chef de Groupe Bâtiment H/F,"Leudelange, Canton of Esch-sur-Alzette, Luxembourg",,False,below,https://www.linkedin.com/jobs/view/4461754970
2026-09-22,li,ArcelorMittal Long Carbon LATAM,Industrial Solutions Engineer,"Esch-sur-Alzette, Luxembourg, Luxembourg",,False,below,https://www.linkedin.com/jobs/view/4469512125
2026-09-22,li,ArcelorMittal Long Carbon LATAM,Engineering Project Leader Elec-Automation,"Belval, Luxembourg, Luxembourg",,False,below,https://www.linkedin.com/jobs/view/4469295956
2026-09-22,li,ArcelorMittal Long Carbon LATAM,Responsable Automation & Industrial Modeling,"Belval, Luxembourg, Luxembourg",,False,below,https://www.linkedin.com/jobs/view/4469508704
2026-09-22,li,STEINMETZDEMEYER architectes urbanistes,Architecte – Chef d’équipe (m/f/x) CDI – Luxembourg,,,False,below,https://www.linkedin.com/jobs/view/4467880557
2026-09-22,li,BEST Ingénieurs-Conseils,Projektleiter für Infrastruktur und Aussenanlagenbau (m/w/d),"Senningerberg, Luxembourg, Luxembourg",,False,below,https://www.linkedin.com/jobs/view/4468029416
2026-09-22,li,KR Recruitment Luxembourg,Chef de Projets Structures Métalliques – Industrie (F/H).,"Esch-Sur-Alzette, Luxembourg, Luxembourg",,False,below,https://www.linkedin.com/jobs/view/4466292315
2026-09-22,li,HPPA - Homes Pour Personnes Âgées,Responsable de l'encadrement et de l'animation pour notre HPPA à Grevenmacher CDD,"Grevenmacher, Grevenmacher, Luxembourg",,False,below,https://www.linkedin.com/jobs/view/4467199572
2026-09-22,li,Amazon,"Principal Technical Program Manager , World Wide Fulfillment Design & Engineering","Luxembourg, Luxembourg, Luxembourg",amazon,False,target,https://www.linkedin.com/jobs/view/4468327564
2026-09-22,li,OQ Technology,Telecom Systems Team Lead,"Leudelange, Luxembourg, Luxembourg",,False,target,https://www.linkedin.com/jobs/view/4465956381
2026-09-22,li,HPPA - Homes Pour Personnes Âgées,Responsable de l'encadrement et de l'animation pour notre HPPA à Grevenmacher CDD,"Grevenmacher, Grevenmacher, Luxembourg",,False,below,https://www.linkedin.com/jobs/view/4466857605
2026-09-22,li,ArcelorMittal Luxembourg,Responsable Automation & Industrial Modeling (AIM) H/F,"Esch-sur-Alzette, Luxembourg, Luxembourg",,False,below,https://www.linkedin.com/jobs/view/4465545799
2026-09-22,li,Rotarex,Senior R&D Engineer,"Lintgen, Luxembourg, Luxembourg",,False,below,https://www.linkedin.com/jobs/view/4451525120
2026-09-22,li,Drees & Sommer Luxembourg,Projektleiter (w/m/d) Hochbau,"Schuttrange, Luxembourg, Luxembourg",,False,below,https://www.linkedin.com/jobs/view/4415267972
2026-09-22,indeed,Northern Trust Corp.,Senior Fund Accounting Manager,LU,,False,below,https://lu.indeed.com/viewjob?jk=cc1ad7a945242cf4
2026-09-22,indeed,,Chief Compliance Officer (m/f/d),"Luxembourg, L0L, LU",,False,target,https://lu.indeed.com/viewjob?jk=13986c23cdba1b53
2026-09-22,indeed,PayPal,"Sr. Manager, Payments and Fraud Oversight","Luxembourg, L0L, LU",paypal,False,below,https://lu.indeed.com/viewjob?jk=96dbaa21780a6acb
2026-09-22,indeed,Adservio Luxembourg,Senior Consultant - .NET Developer (Security Clearance) - Luxembourg,"Luxembourg, L0L, LU",,False,below,https://lu.indeed.com/viewjob?jk=d17b1a7b40326a52
2026-09-22,indeed,Deloitte,AI & Data - Business Senior Consultant / Manager,"Luxembourg City, LU, LU",,False,below,https://lu.indeed.com/viewjob?jk=0ea90c4960c677ef
2026-09-22,indeed,Deloitte,AI & Data - Technical Senior Consultant / Manager,"Luxembourg City, LU, LU",,False,below,https://lu.indeed.com/viewjob?jk=fabc0a87a256889f
2026-09-22,indeed,LuxProvide,Head of Security,"Bertrange, L0L, LU",,False,target,https://lu.indeed.com/viewjob?jk=525877171db65704
2026-09-22,indeed,Grant Thornton,Experienced Consultant - EU & Public Institutions - ASAP - English Speaking,"Hamm, L0L, LU",,False,below,https://lu.indeed.com/viewjob?jk=e58de71e6ab8ab70
2026-09-22,indeed,European Investment Fund,Sustainable Finance Senior Officer,"Luxembourg, L0L, LU",,False,below,https://lu.indeed.com/viewjob?jk=4d02d2eef34294b4
2026-09-22,indeed,Alter Domus,"Senior Product Manager - Data Foundation, Entity Master, API Luxembourg, Luxembourg Sep. 16, 2026","Luxembourg, L0L, LU",,True,below,https://lu.indeed.com/viewjob?jk=effdecce13e29b18
2026-09-22,indeed,Alter Domus,"Senior Product Manager - Reporting, Dashboarding and Financial Statements Luxembourg, Luxembourg Sep. 16, 2026","Luxembourg, L0L, LU",,True,below,https://lu.indeed.com/viewjob?jk=ed794e0778fa795f
2026-09-22,indeed,Deloitte,"Business Analyst, Banking Operate Services","Luxembourg City, LU, LU",,False,below,https://lu.indeed.com/viewjob?jk=61cb5ed807e63ffb
2026-09-22,indeed,European Investment Fund,(Senior) Financial Reporting Officer,"Luxembourg, L0L, LU",,False,below,https://lu.indeed.com/viewjob?jk=5192a0e506e93873
2026-09-22,indeed,BearingPoint,"Senior Consultant / Manager in Finance, Risk & Regulatory Transformation (M/F/X)","Luxembourg, L0L, LU",,False,below,https://lu.indeed.com/viewjob?jk=2a261fb0bb01b15a
2026-09-22,indeed,BearingPoint,Senior Consultant / Manager in Wealth & Asset Management (M/F/X),"Luxembourg, L0L, LU",,False,below,https://lu.indeed.com/viewjob?jk=a0df51862eac19c0
2026-09-22,indeed,BearingPoint,Manager in Financial Services Transformation (M/F/X),"Luxembourg, L0L, LU",,False,below,https://lu.indeed.com/viewjob?jk=ac4a317bfe0c418f
2026-09-22,indeed,Amazon.com,"EU Third Party Logistics Procurement Specialist, External Fulfilment, EU","Luxembourg, L0L, LU",amazon,False,below,https://lu.indeed.com/viewjob?jk=ad0d6c501768e472
2026-09-22,indeed,Amazon.com,"HR Specialist, Research, Strategy & Solutions, Employee Experience & Outcomes (EXO)","Luxembourg, L0L, LU",amazon,False,below,https://lu.indeed.com/viewjob?jk=5f2be6bba9024922
2026-09-22,indeed,Amazon.com,"Snr Transportation Manager, Network and Speed - 3P Operations Transportation","Luxembourg, L0L, LU",amazon,False,below,https://lu.indeed.com/viewjob?jk=d961302cf01a4b00
2026-09-22,indeed,Amazon.com,"Program Manager, Instore Experience (ISX), Reverse Logistic Services (RLS)","Luxembourg, L0L, LU",amazon,False,below,https://lu.indeed.com/viewjob?jk=6db500438f948d22
2026-09-22,li,Siddha Group Jaipur,AGM/DGM - Architect - Sr Architect,"Sion, Valais, Switzerland",,False,below,https://www.linkedin.com/jobs/view/4469873341
2026-09-22,li,Implenia,Leiter:in Technisches Büro Spezialtiefbau,"Opfikon, Zurich, Switzerland",,False,below,https://www.linkedin.com/jobs/view/4467371448
2026-09-22,li,Implenia,Gesamtplanungsleiter:in Neubau GU/TU,"Opfikon, Zurich, Switzerland",,False,below,https://www.linkedin.com/jobs/view/4467379224
2026-09-22,li,Haskoning,Design Manager (MCF/ Data Centres),"Zurich, Zurich, Switzerland",,True,below,https://www.linkedin.com/jobs/view/4458440066
2026-09-22,li,Longines Watch Co. Francillon Ltd.,Retail Design Project Leader,"Saint-Imier, Berne, Switzerland",,True,below,https://www.linkedin.com/jobs/view/4448449934
2026-09-22,li,GamblingCareers.com,Design Lead,"Fully, Valais, Switzerland",,True,target,https://www.linkedin.com/jobs/view/4468613778
2026-09-22,li,MAAG Group,Manager Design Engineering,"Oberglatt, Zurich, Switzerland",,True,below,https://www.linkedin.com/jobs/view/4468350708
2026-09-22,li,Jobgether,Mockup Design Team Manager,,,True,below,https://www.linkedin.com/jobs/view/4467558482
2026-09-22,li,DEPT®,Associate Director Experience Design,"Zurich, Zurich, Switzerland",,True,target,https://www.linkedin.com/jobs/view/4440575959
2026-09-22,li,GE Vernova,Senior Plant Systems Leader (m/f),"Baden, Aargau, Switzerland",,False,below,https://www.linkedin.com/jobs/view/4468673417
2026-09-22,li,Schaerer Ltd,Head of Electronics (w/m/d) 100%,"Solothurn, Solothurn, Switzerland",,False,target,https://www.linkedin.com/jobs/view/4380791918
2026-09-22,li,Sonar,CVP of Design,"Geneva, Geneva, Switzerland",,True,below,https://www.linkedin.com/jobs/view/4468680502
2026-09-22,li,Manufacture Roger Dubuis,Store Design and Visual Merchandising Senior Project Manager,"Meyrin, Geneva, Switzerland",,True,below,https://www.linkedin.com/jobs/view/4467538364
2026-09-22,li,Jobgether,Head of UX/UI,,,True,target,https://www.linkedin.com/jobs/view/4466866120
2026-09-22,li,ATP architects engineers,Teamleitung (m/w/d) Tragwerksplanung / konstruktiver Ingenieurbau,"Zurich, Zurich, Switzerland",,False,below,https://www.linkedin.com/jobs/view/4439446685
2026-09-22,li,Selmoni Gruppe,Abteilungsleiter Elektroengineering (m/w/d) 80-100%,,,False,below,https://www.linkedin.com/jobs/view/4467755428
2026-09-22,li,Michael Page,Architecte Senior / Responsable d' Equipe H/F,"Vaud, Switzerland",,False,below,https://www.linkedin.com/jobs/view/4467287009
2026-09-22,li,Mercury,Design Manager,"Zurich, Zurich, Switzerland",,True,below,https://www.linkedin.com/jobs/view/4429684583
2026-09-22,li,On,Senior Lead - Brand Environment Design,"Zurich, Zurich, Switzerland",sony-interactive-entertainment,True,target,https://www.linkedin.com/jobs/view/4469931200
2026-09-22,li,On,"Senior Lead - Footwear Design, Performance Running","Zurich, Zurich, Switzerland",sony-interactive-entertainment,True,target,https://www.linkedin.com/jobs/view/4469935126
2026-09-22,indeed,Vetropack,Group Key Accounts & Customer Experience Manager,"Bülach, ZH, CH",,False,target,https://ch.indeed.com/viewjob?jk=2a9e9f4e5f5fe61a
2026-09-22,indeed,JULIUS BAER,AI Office – AI Transformation Manager 100% (f/m/d),"Zürich, ZH, CH",,False,below,https://ch.indeed.com/viewjob?jk=e0787beb1f241542
2026-09-22,indeed,iC Consult GmbH,Senior IAM-Consultant (m/w/d) – One Identity Manager,CH,,False,below,https://ch.indeed.com/viewjob?jk=a63e9dc447c9885d
2026-09-22,indeed,Swiss Re,"Senior AI Risk Manager (Hybrid; m/f/x/d; 80-100%), Zurich (Zurich, CH)","Zürich, ZH, CH",,False,below,https://ch.indeed.com/viewjob?jk=3be839a72ba513ec
2026-09-22,indeed,PwC,Manager / Senior Manager - Cloud Architect,"Zürich, ZH, CH",,False,below,https://ch.indeed.com/viewjob?jk=8fe1892d9ac698b5
2026-09-22,indeed,PwC,"Manager - Cloud, Data & AI - Data Management Specialist","Zürich, ZH, CH",,False,below,https://ch.indeed.com/viewjob?jk=3e2d58d47a4025f3
2026-09-22,indeed,World Economic Forum,"Specialist, Transforming Industrial Ecosystems","Genève, GE, CH",,False,below,https://ch.indeed.com/viewjob?jk=b8f885801ef33a0e
2026-09-22,indeed,Sonova,Interaction Designer,"Stäfa, ZH, CH",,True,below,https://ch.indeed.com/viewjob?jk=9b64e5f5822a6024
2026-09-22,indeed,Valora Group,Senior Software Engineer Fullstack (f/m/d),"Zürich, ZH, CH",,False,below,https://ch.indeed.com/viewjob?jk=bfb65df2e8e535a4
2026-09-22,indeed,ARTELIA,"SENIOR PROCESS ENGINEER FOR PHARMA, BIOTECH AND CHEMICAL PLANT ENGINEERING DE/FR-EN","Basel, BS, CH",telia-company,False,below,https://ch.indeed.com/viewjob?jk=22e70f620ac45775
2026-09-22,indeed,Pictet,Sustainability/Impact Data & AI Solutions Analyst (fixed-term contract; until 31.12.27),"Genève, GE, CH",,False,below,https://ch.indeed.com/viewjob?jk=6bed0bd410f90084
2026-09-22,indeed,Destinus,Senior Quality Manager,"Zürich, ZH, CH",,False,below,https://ch.indeed.com/viewjob?jk=2818c8be6ac27ae8
2026-09-22,indeed,BCIC swiss,Apple Platform Architect,"Basel, BL, CH",,False,below,https://ch.indeed.com/viewjob?jk=614f2f2201bb4ee7
2026-09-22,indeed,B-Global Tech,Senior Architect,"SG, CH",,False,below,https://ch.indeed.com/viewjob?jk=714ce8aaf1218720
2026-09-22,indeed,EF (Education First),Director of Digital Product Management - Internal Tour Operations Platform,"Zürich, ZH, CH",telefonica,True,target,https://ch.indeed.com/viewjob?jk=87d1138b17a45580
2026-09-22,indeed,Swisscom AG,Security Consultant,"Zürich, ZH, CH",,False,below,https://ch.indeed.com/viewjob?jk=fdcfe83afd593a7e
2026-09-22,indeed,Swisscom AG,Senior Cloud Solution Architect,"Zürich, ZH, CH",,False,below,https://ch.indeed.com/viewjob?jk=34bdf128318a3aba
2026-09-22,indeed,Swisscom AG,Senior M365 Engineer,"Bern, BE, CH",,False,below,https://ch.indeed.com/viewjob?jk=48116162736dfdad
2026-09-22,indeed,MEDLOG Transport & Logistics,IT Test Governance Manager,"Genève, GE, CH",,False,below,https://ch.indeed.com/viewjob?jk=65151d882f3fbc64
2026-09-22,indeed,Swisscom AG,Senior Consultant SAP for Utilities,"Zürich, ZH, CH",,False,below,https://ch.indeed.com/viewjob?jk=a511fad4808cda6e
2026-09-22,li,ATP architects engineers,Projektleiter:in MSR (m/w/d),"Vienna, Vienna, Austria",,False,below,https://www.linkedin.com/jobs/view/4383954302
2026-09-22,li,ISG International Service Group,SENIOR KONSTRUKTEUR MIT OPTION TEAMLEITUNG (m/w/d),"Klagenfurt, Carinthia, Austria",,False,below,https://www.linkedin.com/jobs/view/4460311452
2026-09-22,li,Mercury,Design Manager,"Vienna, Vienna, Austria",,True,below,https://www.linkedin.com/jobs/view/4371567554
2026-09-22,li,Fronius Österreich,Gruppenleiter Systemarchitektur & OT-Security Operations (m/w/d),"Sattledt, Upper Austria, Austria",,False,below,https://www.linkedin.com/jobs/view/4467838842
2026-09-22,li,NOVOMATIC,Head of Game Design 707Games (w/m/x),"Gumpoldskirchen, Lower Austria, Austria",,True,target,https://www.linkedin.com/jobs/view/4323287280
2026-09-22,li,Ramboll,Gesamtprojektleitung – Anlagenplanung- Energie/Umwelttechnik,"Vienna, Vienna, Austria",,False,below,https://www.linkedin.com/jobs/view/4466301699
2026-09-22,li,Porsche Holding,Teamleiter Elektrotechnik - Bauabteilung (w/m/d),"Salzburg, Austria",,False,below,https://www.linkedin.com/jobs/view/4468605693
2026-09-22,li,Novartis,Senior Manager – Head of Medical Device Laboratory (m/f/d),"Schaftenau, Tyrol, Austria",,False,target,https://www.linkedin.com/jobs/view/4466276327
2026-09-22,li,Greiner,Head of Project and Change Management (all genders),"Kremsmünster, Upper Austria, Austria",,False,target,https://www.linkedin.com/jobs/view/4467198388
2026-09-22,li,Octapharma Austria,Group Lead Engineer Fill & Finish (m/f/d) - Technical Unit,"Vienna, Vienna, Austria",,False,target,https://www.linkedin.com/jobs/view/4459804655
2026-09-22,li,Jobgether,Head of UX/UI,,,True,target,https://www.linkedin.com/jobs/view/4466856933
2026-09-22,li,Rheinmetall,Abteilungsleiter (m/w/d) Product Line HX,"Vienna, Vienna, Austria",,True,below,https://www.linkedin.com/jobs/view/4465976772
2026-09-22,li,PORR Group,Teamleitung Technische Gebäudeausstattung Healthcare,"Vienna, Vienna, Austria",,False,below,https://www.linkedin.com/jobs/view/4467715587
2026-09-22,li,Infineon Technologies,Senior Project Manager for Sensor Product Development (f/m/div),"Graz, Styria, Austria",,True,below,https://www.linkedin.com/jobs/view/4448863836
2026-09-22,li,ISG International Service Group,Senior Konstrukteur mit Option auf Teamleitung (m/w/d),"Klagenfurt, Carinthia, Austria",,False,below,https://www.linkedin.com/jobs/view/4465539797
2026-09-22,li,IVM Technical Consultants,Teamleiter* in (m/w/d),"Baden, Lower Austria, Austria",,False,below,https://www.linkedin.com/jobs/view/4465552672
2026-09-22,li,Bilfinger Life Science,Head of Design Engineering (w/m/d),"Puch bei Hallein, Salzburg, Austria",,True,target,https://www.linkedin.com/jobs/view/4455855392
2026-09-22,li,Siemens,R&D Group Leader for Vision & Web-Technologies (f/m/d),"Linz, Upper Austria, Austria",,False,target,https://www.linkedin.com/jobs/view/4465789316
2026-09-22,li,Siemens,R&D Group Leader for Vision & Web-Technologies (f/m/d),"Eisenstadt, Burgenland, Austria",,False,target,https://www.linkedin.com/jobs/view/4465799204
2026-09-22,li,Eaton,Low Voltage System Assembly (LVSA) Post-Order Engineering Lead (m/f/d),"Schrems, Lower Austria, Austria",,False,target,https://www.linkedin.com/jobs/view/4449573564
2026-09-22,indeed,Flinn,Senior Fullstack Engineer (w/m/d),"Wien, W, AT",,False,below,https://at.indeed.com/viewjob?jk=08897e3d2572aeea
2026-09-22,indeed,iC Consult GmbH,Senior IAM-Consultant (m/w/d) – One Identity Manager,AT,,False,below,https://at.indeed.com/viewjob?jk=7ff03ee142d7d061
2026-09-22,indeed,Wellhub,Country Lead & Revenue Senior Director,"Wien, W, AT",,False,target,https://at.indeed.com/viewjob?jk=da4ed0f1e5fed4c6
2026-09-22,indeed,RHI Magnesita,HR Generalist (all genders),"Leoben, ST, AT",,False,below,https://at.indeed.com/viewjob?jk=83f45023bd20733c
2026-09-22,indeed,N26,Senior Cloud Security Engineer,"Wien, W, AT",n26,False,below,https://at.indeed.com/viewjob?jk=0ec5db7fc33d9d06
2026-09-22,indeed,Falkensteiner Hotels & Residences,Front Office Manager:in (m/w/d) Triforêt Alpin.Resort managed by Falkensteiner | Hinterstoder,"Hinterstoder, O, AT",,False,below,https://at.indeed.com/viewjob?jk=1907bdc365e86f83
2026-09-22,indeed,Dynatrace,Senior Product Manager (m/f/x) - Application Security,"Wien, W, AT",,True,below,https://at.indeed.com/viewjob?jk=3bac84ac83b162c8
2026-09-22,indeed,MKS,Senior Engineering Project Manager (m/f/d),"Rankweil, V, AT",,False,below,https://at.indeed.com/viewjob?jk=474e6fcfd2b5a448
2026-09-22,indeed,Medizinische Universität Graz,Senior DevOps / Platform Engineer,"Graz, ST, AT",,False,below,https://at.indeed.com/viewjob?jk=a9717fee33298b8b
2026-09-22,indeed,Eaton,Service Enablement Program Manager EMEA,AT,,False,below,https://at.indeed.com/viewjob?jk=5d3c1a1f053fa36f
2026-09-22,indeed,GR8 Tech,Founding Engineer (Flutter),"Home Office, AT",,False,below,https://at.indeed.com/viewjob?jk=c1ae0b7fe678b1d4
2026-09-22,indeed,Magna International,Expert Space Systems (m/w/x),"Graz, ST, AT",,False,below,https://at.indeed.com/viewjob?jk=1270710e5e99a5ca
2026-09-22,indeed,Roche,Delivery Manager (m/f/d),"Wien, W, AT",,False,below,https://at.indeed.com/viewjob?jk=cd4efe21aca12f6f
2026-09-22,indeed,Innio,"Senior HR Manager, Corporate Functions (m/f/d)","Jenbach, T, AT",,False,below,https://at.indeed.com/viewjob?jk=b843ae1e2d7d6ce3
2026-09-22,indeed,Takeda Pharmaceuticals,DD&T Partner - Launch & Performance Excellence,"Wien, W, AT",,False,below,https://at.indeed.com/viewjob?jk=f9229a269de2557a
2026-09-22,indeed,PALFINGER,Senior Expert SAP (f/m/d) MM/EWM,"Bergheim, SA, AT",,False,below,https://at.indeed.com/viewjob?jk=a8af60e2bc473c55
2026-09-22,li,Welltec,"Manager, Design and Engineering","Allerød Municipality, Capital Region of Denmark, Denmark",,False,below,https://www.linkedin.com/jobs/view/4469863015
2026-09-22,li,Jacobs,Fagleder – Tunneler,,,False,below,https://www.linkedin.com/jobs/view/4413414139
2026-09-22,li,Kemp & Lauritzen A/S,Senior ABA-Serviceleder til Brand & Sikring,"Albertslund, Capital Region of Denmark, Denmark",,False,below,https://www.linkedin.com/jobs/view/4469206197
2026-09-22,li,the LEGO Group,"Senior Manager, Digital Print","Billund, Region of Southern Denmark, Denmark",,False,below,https://www.linkedin.com/jobs/view/4448738751
2026-09-22,li,Artelia Denmark,Chefspecialist med lederevner til hydraulik-teamet,,telia-company,False,below,https://www.linkedin.com/jobs/view/4413824171
2026-09-22,li,WSP Danmark,Senior Projekteringsleder indenfor anlægsprojekter,"Taastrup, Capital Region of Denmark, Denmark",,False,below,https://www.linkedin.com/jobs/view/4311634637
2026-09-22,li,Compass Human Resources Group - DENMARK,Projekteringschef,"Vejle Municipality, Region of Southern Denmark, Denmark",,False,below,https://www.linkedin.com/jobs/view/4467989040
2026-09-22,li,WSP Danmark,Fagprojektleder til konstruktioner,"Taastrup, Capital Region of Denmark, Denmark",,False,below,https://www.linkedin.com/jobs/view/4457900646
2026-09-22,li,Mane Contract Services,Lead Mechanical Engineer,"Capital Region of Denmark, Denmark",,False,target,https://www.linkedin.com/jobs/view/4466220003
2026-09-22,li,Norconsult Sverige,Fagansvarlig konstruktionsingeniør til Norconsult,"Herlev, Capital Region of Denmark, Denmark",,False,below,https://www.linkedin.com/jobs/view/4468310417
2026-09-22,li,COWI,Head of Discipline - Power Supply,"Kongens Lyngby, Capital Region of Denmark, Denmark",,False,target,https://www.linkedin.com/jobs/view/4465572817
2026-09-22,li,AKQA,Art Director,"Copenhagen, Capital Region of Denmark, Denmark",,False,target,https://www.linkedin.com/jobs/view/4458288408
2026-09-22,li,Syntegon,Mechanical Lead Engineer,"Sandved, Region Zealand, Denmark",,False,target,https://www.linkedin.com/jobs/view/4391212920
2026-09-22,li,the LEGO Group,Decoration Manager,"Billund, Region of Southern Denmark, Denmark",,False,below,https://www.linkedin.com/jobs/view/4446665008
2026-09-22,li,Deel,Senior Staff Product Designer - AI,,,True,target,https://www.linkedin.com/jobs/view/4455898418
2026-09-22,li,COWI,Structural Lead - Data Centre,"Esbjerg Municipality, Region of Southern Denmark, Denmark",,False,target,https://www.linkedin.com/jobs/view/4411600845
2026-09-22,li,Terma Group,"Manager, Radar Mechanical, Lystrup","Aarhus Municipality, Central Denmark Region, Denmark",,False,below,https://www.linkedin.com/jobs/view/4465779341
2026-09-22,li,NIRAS,"Ventilation og VVS fagledere til installationstungt byggeri, Allerød","Capital Region of Denmark, Denmark",,False,below,https://www.linkedin.com/jobs/view/4379138732
2026-09-22,li,Jacobs,Fagleder for Geoteknik til Infrastrukturprojekter,,,False,below,https://www.linkedin.com/jobs/view/4434455864
2026-09-22,li,APM Terminals,Senior Engineering Manager – Network Core Engineering,,,False,below,https://www.linkedin.com/jobs/view/4461230651
2026-09-22,indeed,PwC,Experienced Rewards Consultant - turn complex reward challenges into practical solutions,"København, D84, DK",,False,below,https://dk.indeed.com/viewjob?jk=8f210b8fc163f5fb
2026-09-22,indeed,Autodesk,"Account Executive, Regional Accounts, Denmark","arbejde hjemmefra, DK",,False,below,https://dk.indeed.com/viewjob?jk=815ad27fea064fc2
2026-09-22,indeed,Danfoss,"Sourcing Project Manager, Pipeline","Nordborg, D83, DK",,False,below,https://dk.indeed.com/viewjob?jk=48ea098e4972f620
2026-09-22,indeed,Coloplast,Product Development Project Manager,"Humlebæk, D84, DK",,True,below,https://dk.indeed.com/viewjob?jk=dee1db562880f54a
2026-09-22,indeed,COWI,Senior Cost Manager,"Kongens Lyngby, D84, DK",,False,below,https://dk.indeed.com/viewjob?jk=b5a17e11253c901f
2026-09-22,indeed,Pandora Jewelry,"Manager, RGM - Insights & Intelligence","København, D84, DK",,False,below,https://dk.indeed.com/viewjob?jk=2f2c19258fb96114
2026-09-22,indeed,TDC Group,Kubernetes Tech Lead,"København, D84, DK",,False,target,https://dk.indeed.com/viewjob?jk=d1e339ee4edcedb5
2026-09-22,indeed,TDC Group,Virtualization Tech Lead,"København, D84, DK",,False,target,https://dk.indeed.com/viewjob?jk=9f5174307041b985
2026-09-22,indeed,Coloplast,Coloplast Master Thesis Program 2027: Creating Value for HCP through Connected Care Services,"Humlebæk, D84, DK",,False,below,https://dk.indeed.com/viewjob?jk=d291eaa85d0ba1a9
2026-09-22,indeed,Energinet,Brænder du for kompleks softwareudvikling i stor skala?,"Fredericia, D83, DK",,False,below,https://dk.indeed.com/viewjob?jk=8d3ca18283d1a270
2026-09-22,indeed,itm8 Denmark,Senior Consultant - Microsoft Dynamics 365 CE,"København, D84, DK",,False,below,https://dk.indeed.com/viewjob?jk=990629bd937321bf
2026-09-22,indeed,PwC,"Integrationsarkitekt til at forbinde systemer, data og forretning","København, D84, DK",,False,below,https://dk.indeed.com/viewjob?jk=fe920410d94d78cd
2026-09-22,indeed,PwC,Cloud-arkitekt til at designe og realisere sikre cloudtransformationer,"København, D84, DK",,True,below,https://dk.indeed.com/viewjob?jk=1bff1982373d2dbc
2026-09-22,indeed,KK Wind Solutions,Senior Finance Solution Architect (D365 FO),"Ikast, D82, DK",,False,below,https://dk.indeed.com/viewjob?jk=38d7b1cf1e9725e6
2026-09-22,indeed,GN Group,Senior Training and Education Audiologist,"Ballerup, D84, DK",,False,below,https://dk.indeed.com/viewjob?jk=c2950f10b15ba2f7
2026-09-22,indeed,GN Group,Field Application Engineer,"Ballerup, D84, DK",,False,below,https://dk.indeed.com/viewjob?jk=02841a6f046a5343
2026-09-22,indeed,Formalize,Senior Software Engineer - Connect,"København, D84, DK",,False,below,https://dk.indeed.com/viewjob?jk=5014775f7be0fa04
2026-09-22,indeed,Nykredit,Bliv Senior Software Engineer til Core Customer i en foreningsejet Nykredit-koncern,"Nordhavn, D84, DK",,False,below,https://dk.indeed.com/viewjob?jk=0f35c13581e270b1
2026-09-22,indeed,Coloplast,Coloplast Master Thesis Program 2027: AI-enabled decision making for Product Portfolio Optimization,"Humlebæk, D84, DK",,True,below,https://dk.indeed.com/viewjob?jk=507aef7cb3e118b1
2026-09-22,indeed,Nordlys,Linux System Administrator med fokus på drift og udvikling,"København, D84, DK",,False,below,https://dk.indeed.com/viewjob?jk=f089e98b75ad5ba4
2026-09-22,li,DongCheng Tools,Senior Research And Development Manager,"Stockholm County, Sweden",,False,below,https://www.linkedin.com/jobs/view/4469582891
2026-09-22,li,Vattenfall Services Nordic AB,Konstruktionsledare Stationsprojekt,"Västerås, Västmanland County, Sweden",,False,below,https://www.linkedin.com/jobs/view/4459301723
2026-09-22,li,Vattenfall Services Nordic AB,Konstruktionsledare Stationsprojekt,"Jordbro, Stockholm County, Sweden",,False,below,https://www.linkedin.com/jobs/view/4459304697
2026-09-22,li,Vattenfall,Konstruktionsledare Stationsprojekt,"Jordbro, Stockholm County, Sweden",,False,below,https://www.linkedin.com/jobs/view/4457968121
2026-09-22,li,Vattenfall,Konstruktionsledare Stationsprojekt,"Malmo, Skåne County, Sweden",,False,below,https://www.linkedin.com/jobs/view/4457970099
2026-09-22,li,Sweco,Projekteringsledare inom bygg och fastighet till Stockholm,"Stockholm, Stockholm County, Sweden",,False,below,https://www.linkedin.com/jobs/view/4410637015
2026-09-22,li,E.ON Sverige,Projekteringsledare ledningar,"Malmo, Skåne County, Sweden",,False,below,https://www.linkedin.com/jobs/view/4466203652
2026-09-22,li,E.ON Sverige,Projekteringsledare ledningar,"Norrköping, Östergötland County, Sweden",,False,below,https://www.linkedin.com/jobs/view/4466209536
2026-09-22,li,SYSTRA Sverige,"Gruppchef HML & VDC/BIM (High speed, metro, lightweight & virtual design construction, Building information modelling) till SYSTRA I Göteborg","Gothenburg, Västra Götaland County, Sweden",,True,below,https://www.linkedin.com/jobs/view/4469101888
2026-09-22,li,Co. Society,Design Director,"Stockholm, Stockholm County, Sweden",,True,target,https://www.linkedin.com/jobs/view/4468814546
2026-09-22,li,Above,Visual Design Director,"Stockholm, Stockholm County, Sweden",,True,target,https://www.linkedin.com/jobs/view/4364705725
2026-09-22,li,Ramboll,Senior Projekteringsledare inom Transmission & Distribution,"Gothenburg, Västra Götaland County, Sweden",,False,below,https://www.linkedin.com/jobs/view/4465681906
2026-09-22,li,Ramboll,Senior Projekteringsledare inom Transmission & Distribution,"Linköping, Östergötland County, Sweden",,False,below,https://www.linkedin.com/jobs/view/4465683834
2026-09-22,li,Jobgether,Head of UX/UI,,,True,target,https://www.linkedin.com/jobs/view/4466868064
2026-09-22,li,Autoliv,ECU Project Leader / Design Leader,"Vårgårda, Västra Götaland County, Sweden",,True,below,https://www.linkedin.com/jobs/view/4466870025
2026-09-22,li,Saab,Sektionschef Ubåtskonstruktion,"Karlskrona, Blekinge County, Sweden",,False,below,https://www.linkedin.com/jobs/view/4458735980
2026-09-22,li,ScandiNova Systems,Group Manager for Mechanics,"Uppsala, Uppsala County, Sweden",,False,target,https://www.linkedin.com/jobs/view/4465564407
2026-09-22,li,Nordic Agir,"Projekteringsledare Byggnadsverk – Västlänken, Göteborg","Gothenburg, Västra Götaland County, Sweden",,False,below,https://www.linkedin.com/jobs/view/4465782419
2026-09-22,li,4C Strategies,Head of Design,"Stockholm, Stockholm County, Sweden",,True,target,https://www.linkedin.com/jobs/view/4441059995
2026-09-22,li,Sweco,Disciplinledare för process och rörkonstruktion,"Västmanland County, Sweden",,False,below,https://www.linkedin.com/jobs/view/4343833831
2026-09-22,indeed,PA Consulting,Managing Consultant - Public Services - Stockholm,"Stockholm, AB, SE",,False,below,https://se.indeed.com/viewjob?jk=710f5943c461fa94
2026-09-22,indeed,H&M,Engineering Manager - AdTech and Personalization,"Stockholm, AB, SE",,False,below,https://se.indeed.com/viewjob?jk=25f98babf870c297
2026-09-22,indeed,Valmet,Product Development Engineer,"Sundsvall, Y, SE",,False,below,https://se.indeed.com/viewjob?jk=25a78e8cd4495c2b
2026-09-22,indeed,Stockholm School of Economics,Head of Ecosystem for the MSc in Public Policy (MPP) program,"Stockholm, AB, SE",,False,target,https://se.indeed.com/viewjob?jk=3de3d39dbab5ed88
2026-09-22,indeed,Saab,Senior System Engineer within R&D and customer projects ﻿,"Göteborg, O, SE",,False,below,https://se.indeed.com/viewjob?jk=4108233d934d4559
2026-09-22,indeed,Blykalla,Senior Thermohydraulic Analyst,"Stockholm, AB, SE",,False,below,https://se.indeed.com/viewjob?jk=69028008abab8a26
2026-09-22,indeed,nion,AI-First Senior Software Engineer,"Stockholm, AB, SE",,False,below,https://se.indeed.com/viewjob?jk=1d5002759def372a
2026-09-22,indeed,Deloitte,Consultant/Senior Consultant for our Human Capital team with ServiceNow experience,"Stockholm, AB, SE",,False,below,https://se.indeed.com/viewjob?jk=746a5197ff464d4a
2026-09-22,indeed,H&M,Payroll Manager Sweden,"Stockholm, AB, SE",,False,below,https://se.indeed.com/viewjob?jk=6b64eda44035e9ba
2026-09-22,indeed,Valmet Aktiebolag,Product Development Engineer,"Sundsvall, Y, SE",,False,below,https://se.indeed.com/viewjob?jk=2914293743445685
2026-09-22,indeed,ABB,SAP Security & Authorization Lead,"U, SE",tabby,False,target,https://se.indeed.com/viewjob?jk=f3d3cf54d1bd53d3
2026-09-22,indeed,Portfolio Brands,Total Reward Partner,"Stockholm, AB, SE",,False,below,https://se.indeed.com/viewjob?jk=d60d9ad312555c4d
2026-09-22,indeed,Swedish Nutra AB,Marketing Manager (Head of Marketing),"Malmö, M, SE",,True,target,https://se.indeed.com/viewjob?jk=18137f1b0ccbc1f0
2026-09-22,indeed,ALSTOM,Bid Manager,"Västerås, U, SE",,False,below,https://se.indeed.com/viewjob?jk=31f8ea9f97abf665
2026-09-22,indeed,ALSTOM,Product Cost Engineer,"Västerås, U, SE",,False,below,https://se.indeed.com/viewjob?jk=fb3e9e8351d5644f
2026-09-22,indeed,Grafana Labs,"Senior Engineering Manager, Grafana Frontend | Sweden | Remote","Jobba hemifrån, SE",,False,below,https://se.indeed.com/viewjob?jk=1b33550221942a74
2026-09-22,indeed,Valmet,Senior Design Engineer,"Karlstad, S, SE",,True,below,https://se.indeed.com/viewjob?jk=32980e1ad5b23d89
2026-09-22,indeed,Marsh,"(Senior) Consultant (m/f/d) — Strategic People & Organization Advisory, Europe","Stockholm, AB, SE",marshmallow,False,below,https://se.indeed.com/viewjob?jk=dc965309205fbede
2026-09-22,indeed,Valmet Aktiebolag,Senior Design Engineer,"Karlstad, S, SE",,True,below,https://se.indeed.com/viewjob?jk=9531d6eda856c22b
2026-09-22,indeed,atNorth,Programme Manager,"Kista, AB, SE",,False,below,https://se.indeed.com/viewjob?jk=16e3010b9ff8c324
2026-09-22,li,Overhalla Betongbygg,konstruktør/ prosjekteringsleder,,,False,below,https://www.linkedin.com/jobs/view/4469873444
2026-09-22,li,Autodesk,"Director, UX Design - AEC Forma Design","Oslo, Oslo, Norway",,True,target,https://www.linkedin.com/jobs/view/4432105658
2026-09-22,li,Nscale,Design Manager or Senior Design Manager - Norway (Stargate Norway - Narvik),"Narvik, Nordland, Norway",,True,below,https://www.linkedin.com/jobs/view/4440976988
2026-09-22,li,Accenture Nordics,Design Manager,"Oslo, Oslo, Norway",accenture,True,below,https://www.linkedin.com/jobs/view/4453251879
2026-09-22,li,Ramboll,High Voltage Technical Scope Manager,"Kristiansand, Agder, Norway",,False,below,https://www.linkedin.com/jobs/view/4469175390
2026-09-22,li,Ramboll,High Voltage Technical Scope Manager,"Oslo, Oslo, Norway",,False,below,https://www.linkedin.com/jobs/view/4469183154
2026-09-22,li,American Bureau of Shipping (ABS),Principal Engineer - Technology,"Bergen, Vestland, Norway",,False,target,https://www.linkedin.com/jobs/view/4459835718
2026-09-22,li,Nscale,Design Manager or Senior Design Manager - Norway (Stargate Norway - Narvik),"Oslo, Oslo, Norway",,True,below,https://www.linkedin.com/jobs/view/4440995219
2026-09-22,li,Innovation Norway,Merkevare- og designansvarlig,"Oslo, Oslo, Norway",,True,below,https://www.linkedin.com/jobs/view/4468618717
2026-09-22,li,Statsbygg,Underdirektør tekniske- og byggfag,,,False,below,https://www.linkedin.com/jobs/view/4468830681
2026-09-22,li,Mercury,Design Manager,"Kristiansand, Agder, Norway",,True,below,https://www.linkedin.com/jobs/view/4457654125
2026-09-22,li,Texas Instruments Europe,Senior Analog IC Designer,"Oslo, Oslo, Norway",,True,below,https://www.linkedin.com/jobs/view/4382809474
2026-09-22,li,Norconsult Sverige,Avdelingsleder Energi og Smartteknologi - Norconsult,"Bærum, Viken, Norway",,False,below,https://www.linkedin.com/jobs/view/4467985479
2026-09-22,li,Norconsult,Avdelingsleder Energi og Smartteknologi - Norconsult,"Bærum, Viken, Norway",,False,below,https://www.linkedin.com/jobs/view/4466855149
2026-09-22,li,AFRY,AFRY Architects Trondheim søker gruppeleder,"Trondheim, Trøndelag, Norway",,False,below,https://www.linkedin.com/jobs/view/4467702393
2026-09-22,li,Baker Hughes,"Senior / Lead Engineer, Product Development & New Technology (M/F/D)","Stavanger, Rogaland, Norway",,False,target,https://www.linkedin.com/jobs/view/4460694407
2026-09-22,li,John Sisk & Son Ltd,MEP Lead,,,False,target,https://www.linkedin.com/jobs/view/4409296994
2026-09-22,li,LMOceans,Marine Systems Engineering Leader,,,False,below,https://www.linkedin.com/jobs/view/4465210043
2026-09-22,li,COWI,Civil Infrastructure Lead - Data Centres,"Bergen, Vestland, Norway",,False,target,https://www.linkedin.com/jobs/view/4408830013
2026-09-22,li,Mobile Career,"Design Leader, Software Design","Time, Rogaland, Norway",,True,below,https://www.linkedin.com/jobs/view/4470240962
2026-09-22,indeed,MacGregor,"Engineer, Electrical and Instrumentation","Arendal, N42, NO",,False,below,https://no.indeed.com/viewjob?jk=cffe16da1e9f6ed9
2026-09-22,indeed,Helly Hansen,Product Manager Workwear,"Oslo, N03, NO",,True,below,https://no.indeed.com/viewjob?jk=170229664c1359c1
2026-09-22,indeed,DeepOcean,Senior Cyber Security Engineer,"Oslo, N03, NO",,False,below,https://no.indeed.com/viewjob?jk=4ed1d7803af42364
2026-09-22,indeed,DeepOcean,"PhD research fellow in ""Distributed Optimization and Control of Reactive Power""","Porsgrunn, N38, NO",,False,below,https://no.indeed.com/viewjob?jk=17e5e0a2071b79e7
2026-09-22,indeed,DeepOcean,PhD research fellow in Green syngas from biomass waste gasification with CO2 capture,"Porsgrunn, N38, NO",,False,below,https://no.indeed.com/viewjob?jk=edc17cfc7b835cd4
2026-09-22,indeed,DeepOcean,Bli med å videreutvikle en idrettens mest populære plattformer i rollen som Fullstack-utvikler i Spond!,"Oslo, N03, NO",,False,below,https://no.indeed.com/viewjob?jk=39e551837f3dd2fd
2026-09-22,indeed,MacGregor,"Engineer, Hydraulics","Arendal, N42, NO",,False,below,https://no.indeed.com/viewjob?jk=4c9c62b345a35821
2026-09-22,indeed,Capgemini,Senior Consultant/Manager i CX Transformation-teamet,"Oslo, N03, NO",capgemini,False,below,https://no.indeed.com/viewjob?jk=e4e350d3ed94f15e
2026-09-22,indeed,DeepOcean,PhD Research Fellow in Civil Engineering and Infrastructure Materials,"Porsgrunn, N38, NO",,False,below,https://no.indeed.com/viewjob?jk=b598d08372994609
2026-09-22,indeed,Capgemini,Senior Consultant/Manager i CX Transformation-teamet,"Oslo, N03, NO",capgemini,False,below,https://no.indeed.com/viewjob?jk=510231d5b22c27d6
2026-09-22,indeed,nSCALE,Stakeholder & Community Engagement Manager,"Narvik, N18, NO",,False,below,https://no.indeed.com/viewjob?jk=7570ba9ee5a33004
2026-09-22,indeed,DeepOcean,Senior Automation Engineer,"Stavanger, N11, NO",,False,below,https://no.indeed.com/viewjob?jk=39775324206da0d4
2026-09-22,indeed,Strawberry,"Marketing Manager, Clarion Hotel","Oslo, N03, NO",,True,below,https://no.indeed.com/viewjob?jk=12d8105768ff9df3
2026-09-22,indeed,USN,PhD Research Fellow in Civil Engineering and Infrastructure Materials,"N38, NO",,False,below,https://no.indeed.com/viewjob?jk=1849095661f80778
2026-09-22,indeed,USN,PhD research fellow in Green syngas from biomass waste gasification with CO2 capture,"N38, NO",,False,below,https://no.indeed.com/viewjob?jk=bc5b72c4d6367555
2026-09-22,indeed,Strawberry,"Marketing Manager, Clarion Hotel","Oslo, N03, NO",,True,below,https://no.indeed.com/viewjob?jk=831e2e8dd8d66883
2026-09-22,indeed,DeepOcean,Lead a team powering sports streaming analytics for millions of fans every day,"Trondheim, N50, NO",,False,target,https://no.indeed.com/viewjob?jk=729c8ac4d062e674
2026-09-22,indeed,DeepOcean,We are looking for a Senior Electro-Mechanical Engineer,"Sandnes, N11, NO",,False,below,https://no.indeed.com/viewjob?jk=190606647bafaebd
2026-09-22,indeed,USN,"PhD research fellow in ""Distributed Optimization and Control of Reactive Power""","N38, NO",,False,below,https://no.indeed.com/viewjob?jk=9db94ee56f22b03c
2026-09-22,indeed,If Skadeförsäkring,Senior Developer – C# .Net,"Oslo, N03, NO",,False,below,https://no.indeed.com/viewjob?jk=e526cffd54b4a7ef
2026-09-22,li,Kenton Black,Senior Design Manager,"Berlin, Germany",,True,below,https://www.linkedin.com/jobs/view/4469865726
2026-09-22,li,HB Reavis,Design Development Manager,"Berlin, Germany",,True,below,https://www.linkedin.com/jobs/view/4469856178
2026-09-22,li,Haskoning,Design Manager (MCF/ Data Centres),"Frankfurt am Main, Hesse, Germany",,True,below,https://www.linkedin.com/jobs/view/4458442039
2026-09-22,li,Almedia,Head of Product Design,"Berlin, Germany",,True,target,https://www.linkedin.com/jobs/view/4449690252
2026-09-22,li,Tenova,Head of Mechanical Design (m/w/d),"Duisburg, North Rhine-Westphalia, Germany",,True,target,https://www.linkedin.com/jobs/view/4466681827
2026-09-22,li,Accenture DACH,Design Manager,"Frankfurt, Hesse, Germany",accenture,True,below,https://www.linkedin.com/jobs/view/4432695862
2026-09-22,li,ZIEGLER Group,Leiter Konstruktion m·w·d,"Giengen an der Brenz, Baden-Württemberg, Germany",,False,below,https://www.linkedin.com/jobs/view/4467840939
2026-09-22,li,TSL GmbH,Senior Design Manager,,,True,below,https://www.linkedin.com/jobs/view/4468399722
2026-09-22,li,over99,Design Lead,"Berlin, Berlin, Germany",,True,target,https://www.linkedin.com/jobs/view/4467592275
2026-09-22,li,TSMC,Custom Memory Design Manager,"Munich, Bavaria, Germany",,True,below,https://www.linkedin.com/jobs/view/4432498490
2026-09-22,li,DocCheck,Teamleiter:in Design (m/w/d),"Cologne, North Rhine-Westphalia, Germany",,True,below,https://www.linkedin.com/jobs/view/4467179844
2026-09-22,li,Equinix,Senior Design Manager (m/f/d),"Frankfurt, Hesse, Germany",,True,below,https://www.linkedin.com/jobs/view/4465960852
2026-09-22,li,Jobgether,Head of UX/UI,,,True,target,https://www.linkedin.com/jobs/view/4466858915
2026-09-22,li,Mercury,Design Manager,"Frankfurt, Hesse, Germany",,True,below,https://www.linkedin.com/jobs/view/4403028260
2026-09-22,li,The Platform Group,"(Senior) UX/UI Manager:in (m, w, d) für den Verbund Avocado Store GmbH & Hood Media GmbH","Hamburg, Hamburg, Germany",,True,below,https://www.linkedin.com/jobs/view/4465511415
2026-09-22,li,Grammer AG,Senior Manager R&D Seat Components (m/w/d),"Ursensollen, Bavaria, Germany",,False,below,https://www.linkedin.com/jobs/view/4466183987
2026-09-22,li,Kenton Black,Senior Design Manager,,,True,below,https://www.linkedin.com/jobs/view/4467065335
2026-09-22,li,AECOM,Data Centre – Design Manager (m/f/d)  MEP / Architectural Background,"Frankfurt, Hesse, Germany",,True,below,https://www.linkedin.com/jobs/view/4365870356
2026-09-22,li,cfab,Creative Design Lead (m/w/d),"Düsseldorf, North Rhine-Westphalia, Germany",,True,target,https://www.linkedin.com/jobs/view/4467413075
2026-09-22,li,CYBEX,Senior Manager Visual Merchandising Brand Experience Design(m/f/d),"Bayreuth, Bavaria, Germany",,True,below,https://www.linkedin.com/jobs/view/4393471648
2026-09-22,indeed,IDnow,"(Senior) Product Manager, Trust Platform- Core (f/m/d)","Berlin, BE, DE",,True,below,https://de.indeed.com/viewjob?jk=f5d659651585bdea
2026-09-22,indeed,IDnow,"Senior Product Manager,Trust Platform – Modules (f/m/d)","Berlin, BE, DE",,True,below,https://de.indeed.com/viewjob?jk=99896a014c798067
2026-09-22,indeed,BNY,"Director, POM Product Management Manager","Frankfurt am Main, HE, DE",,True,target,https://de.indeed.com/viewjob?jk=226704b410307803
2026-09-22,indeed,Flinn,Senior Fullstack Engineer (w/m/d),"Berlin, BE, DE",,False,below,https://de.indeed.com/viewjob?jk=fd6cd7b2e24c1d2d
2026-09-22,indeed,Factor Eleven,Senior Product Manager - Ad Creator (all genders),"München, BY, DE",,True,below,https://de.indeed.com/viewjob?jk=99e0d24f6f61a321
2026-09-22,indeed,GoodHabitz,Technical Product Manager,"Berlin, BE, DE",,True,below,https://de.indeed.com/viewjob?jk=793394e928ca6991
2026-09-22,indeed,iC Consult GmbH,(Senior) IAM-Consultant (m/w/d) – One Identity Manager,DE,,False,below,https://de.indeed.com/viewjob?jk=c2424f881bc31d9a
2026-09-22,indeed,Wooga,Senior UI/UX Designer - New Games (1-year contract),"Berlin, BE, DE",,True,below,https://de.indeed.com/viewjob?jk=0ca12565c2b8b84d
2026-09-22,indeed,Hyland,Alfresco Solution Consultant 2 (EMEA),"Berlin, BE, DE",,False,below,https://de.indeed.com/viewjob?jk=0a4463ddc4b646fc
2026-09-22,indeed,Keysight Technologies,Senior Account Manager - Aerospace & Defense,"München, BY, DE",,False,below,https://de.indeed.com/viewjob?jk=2b42516e1930dba0
2026-09-22,indeed,Mozilla Corporation,"Staff Technical Support Manager, Enterprise","Home Office, DE",,False,target,https://de.indeed.com/viewjob?jk=6f623a6e421432e5
2026-09-22,indeed,Siemens Healthineers,Global Education & Service Integration Specialist (f/m/d),"Erlangen, BY, DE",,False,below,https://de.indeed.com/viewjob?jk=3fa52a2e7d3bd80c
2026-09-22,indeed,Döhler GmbH,Manager Group Supply Chain Transformation (m/f/d),"Darmstadt, HE, DE",,False,target,https://de.indeed.com/viewjob?jk=986307d660601f79
2026-09-22,indeed,Hyland,Alfresco Solution Consultant 2 (EMEA),"Home Office, DE",,False,below,https://de.indeed.com/viewjob?jk=c05dd66f8ecfa224
2026-09-22,indeed,JPMorganChase,ICB Data Control Manager - Vice President (all genders),"Berlin-Kreuzberg, BE, DE",,False,target,https://de.indeed.com/viewjob?jk=f61fd1e0ba6a531d
2026-09-22,indeed,ATS Automation Tooling Systems Inc.,Senior Human Resources Manager,"Ingolstadt, BY, DE",,False,below,https://de.indeed.com/viewjob?jk=50151c78b2da5f01
2026-09-22,indeed,WEINOR GmbH,Senior Marketing Manager (w/m/d) - Partner Management,"Köln, NW, DE",,True,below,https://de.indeed.com/viewjob?jk=710395e7064ff0be
2026-09-22,indeed,Harman,Process Mining & Workflow Redesign Manager (m/f/d),"Garching bei München, BY, DE",,True,below,https://de.indeed.com/viewjob?jk=0bb2aadb61309a0d
2026-09-22,indeed,adidas,"Manager Technical Development Apparel - Partnerships, Y-3 - Temp until 31.10.2027 (m/f/d)","Herzogenaurach, BY, DE",,False,below,https://de.indeed.com/viewjob?jk=cdaecced4e40f86c
2026-09-22,indeed,adidas,Director HR (m/f/d)- Brands,"Herzogenaurach, BY, DE",,False,target,https://de.indeed.com/viewjob?jk=c275cb3a9a0461ef
2026-09-22,li,ALTEN,Team Leader,"Herstal, Walloon Region, Belgium",,False,below,https://www.linkedin.com/jobs/view/4469886010
2026-09-22,li,Haskoning,Design Manager (MCF/ Data Centres),"Destelbergen, Flemish Region, Belgium",,True,below,https://www.linkedin.com/jobs/view/4458089058
2026-09-22,li,TUC RAIL,Design Manager,"Brussels, Brussels Region, Belgium",,True,below,https://www.linkedin.com/jobs/view/4468673193
2026-09-22,li,TUC RAIL,Design Manager,"Auderghem, Belgium",,True,below,https://www.linkedin.com/jobs/view/4468612779
2026-09-22,li,Elia Group,Designer Coordinator Towers,"Brussels, Brussels Region, Belgium",telia-company,True,below,https://www.linkedin.com/jobs/view/4439996311
2026-09-22,li,TRACTEBEL,Project Leader Ports & Waterways,"Ghent, Flemish Region, Belgium",,False,below,https://www.linkedin.com/jobs/view/4459175976
2026-09-22,li,TRACTEBEL,Project Leader Ports & Waterways,"Ghent, Flemish Region, Belgium",,False,below,https://www.linkedin.com/jobs/view/4459166965
2026-09-22,li,Elia Group,"Designer Coordinator Low Voltage,","Brussels, Brussels Region, Belgium",telia-company,True,below,https://www.linkedin.com/jobs/view/4439980769
2026-09-22,li,Movu Robotics,Team Lead Controls Hardware Engineering,"Lokeren, Flemish Region, Belgium",,False,target,https://www.linkedin.com/jobs/view/4467554306
2026-09-22,li,Movu Robotics,Team Lead Electrical Engineering,"Lokeren, Flemish Region, Belgium",,False,target,https://www.linkedin.com/jobs/view/4467546498
2026-09-22,li,Jobgether,Head of UX/UI,,,True,target,https://www.linkedin.com/jobs/view/4466854913
2026-09-22,li,Thales,Team Leader Designers,"Herstal, Walloon Region, Belgium",,True,below,https://www.linkedin.com/jobs/view/4468256494
2026-09-22,li,Actemium Belgium,Mechanical design engineer / teamlead,"Ternat, Flemish Region, Belgium",,True,below,https://www.linkedin.com/jobs/view/4454247382
2026-09-22,li,We ARE Renewables,Lead Engineer - New Builds,"Flemish Region, Belgium",,False,target,https://www.linkedin.com/jobs/view/4464763826
2026-09-22,li,Kenton Black,Senior Design Manager,"Hainaut, Walloon Region, Belgium",,True,below,https://www.linkedin.com/jobs/view/4470420315
2026-09-22,li,Alstom,IXL Design Leader,"Charleroi, Walloon Region, Belgium",,True,below,https://www.linkedin.com/jobs/view/4467600506
2026-09-22,li,BioTalent,Head of Design & Development,"Turnhout, Flemish Region, Belgium",,True,target,https://www.linkedin.com/jobs/view/4454534943
2026-09-22,li,NERF Interieur,VACATURE head of design - maatwerk,"Hoogstraten, Flemish Region, Belgium",,True,target,https://www.linkedin.com/jobs/view/1914555345
2026-09-22,li,Alstom,Project ATC Design Leader,"Charleroi, Walloon Region, Belgium",,True,below,https://www.linkedin.com/jobs/view/4468140984
2026-09-22,li,BIMONA,Team Lead Controls Hardware Engineering,,,False,target,https://www.linkedin.com/jobs/view/4470281469
2026-09-22,indeed,Keystone Solutions,Senior AI Architect,"Brussels, BRU, BE",,False,below,https://be.indeed.com/viewjob?jk=b5e459e3c5a618ae
2026-09-22,indeed,Coca-Cola Europacific Partners,"Senior Manager, Employer Brand & Talent Attraction","Anderlecht, BRU, BE",,False,below,https://be.indeed.com/viewjob?jk=9aa0749eeaf1745c
2026-09-22,indeed,Fidelity International,"Investment Management Oversight, Associate Director","WAL, BE",fidelity-international,False,target,https://be.indeed.com/viewjob?jk=504cc272ceaf328c
2026-09-22,indeed,PM Group,Project Manager E&I,"Brussels, BRU, BE",,False,below,https://be.indeed.com/viewjob?jk=57ebbbb9089f7fb9
2026-09-22,indeed,The Coca-Cola Company,"Manager, Stills, Technical Consumer Data Research","Bruxelles Anderlecht, BRU, BE",,False,below,https://be.indeed.com/viewjob?jk=2859b2f369d2604e
2026-09-22,indeed,The Coca-Cola Company,"Manager, Global Adult Sparkling & ARTD, Technical Consumer Data Research","Bruxelles Anderlecht, BRU, BE",,False,below,https://be.indeed.com/viewjob?jk=3c65607d22a49522
2026-09-22,indeed,Palo Alto Networks,Channel Business Manager Belux,"Brussels, BRU, BE",,False,below,https://be.indeed.com/viewjob?jk=e4158224b0807d1f
2026-09-22,indeed,itsme,Senior Digital Product Designer (UX),"Brussels, BRU, BE",,True,below,https://be.indeed.com/viewjob?jk=0228e2fc0a821a5c
2026-09-22,indeed,EY,Senior Manager - Digital Finance and Transformation - Industries,"Diegem, VLG, BE",moneyfarm,False,below,https://be.indeed.com/viewjob?jk=b86d18289fffd5a4
2026-09-22,indeed,Thermo Fisher Scientific,Regulatory Affairs Manager,"Werk van thuis, BE",,False,below,https://be.indeed.com/viewjob?jk=91e2c05b7d1184fc
2026-09-22,indeed,JOHN COCKERILL,Sales Manager,"Seraing, WAL, BE",,False,below,https://be.indeed.com/viewjob?jk=65c420dd098cdbb7
2026-09-22,indeed,ENGIE,Electrical Engineer,"Brussels, BRU, BE",,False,below,https://be.indeed.com/viewjob?jk=91ed32a870435cd5
2026-09-22,indeed,Smappee,Embedded Software Engineer,"Harelbeke, VLG, BE",,False,below,https://be.indeed.com/viewjob?jk=9265f2413ae2e558
2026-09-22,indeed,ITS GROUP,Architecte Cybersécurité Senior,"Brussels, BRU, BE",fujitsu,False,below,https://be.indeed.com/viewjob?jk=2a93a55ad3a88a6f
2026-09-22,indeed,Neybor,EVENTS & COMMUNITY INTERN,"Bruxelles Ixelles, BRU, BE",,False,below,https://be.indeed.com/viewjob?jk=60d3ea9a164e5f4d
2026-09-22,indeed,ELMOS,Functioneel analist,"Brussels, BRU, BE",,False,below,https://be.indeed.com/viewjob?jk=a8bd6191ca8ef975
2026-09-22,indeed,Labcorp,"Senior Global Study Manager, Central Lab Services","Mechelen, VLG, BE",,False,below,https://be.indeed.com/viewjob?jk=31981a296d752045
2026-09-22,indeed,Capgemini,Business Analyst | Defense,"Diegem, VLG, BE",capgemini,False,below,https://be.indeed.com/viewjob?jk=9c6cd62d57238539
2026-09-22,indeed,EKXEL IT Services & Financial Engineering,Cybersecurity Analyst - CyberOps - EU Institution Brussels,"Brussels, BRU, BE",,False,below,https://be.indeed.com/viewjob?jk=8433391ccd8b5dfc
2026-09-22,indeed,EKXEL IT Services & Financial Engineering,Cyber Vulnerability and Penetration Consultant,"Brussels, BRU, BE",,False,below,https://be.indeed.com/viewjob?jk=6507eb36216a4d64
2026-09-22,li,TSL,MEP Design Manager,"Madrid, Community of Madrid, Spain",,True,below,https://www.linkedin.com/jobs/view/4457446559
2026-09-22,li,Haskoning,Design Manager (MCF/ Data Centres),"Málaga, Andalusia, Spain",,True,below,https://www.linkedin.com/jobs/view/4458428951
2026-09-22,li,Eaton,Data Center Design Manager (Electrical),"Madrid, Community of Madrid, Spain",,True,below,https://www.linkedin.com/jobs/view/4429886097
2026-09-22,li,Canva,Spain Design Lead (12 month contract),"Madrid, Community of Madrid, Spain",,True,target,https://www.linkedin.com/jobs/view/4460350163
2026-09-22,li,Eaton,Data Center Design Manager (Electrical),"Barcelona, Catalonia, Spain",,True,below,https://www.linkedin.com/jobs/view/4429870330
2026-09-22,li,DayOne,Extremely Low Voltage (ELV) Design Manager,"Madrid, Community of Madrid, Spain",,True,below,https://www.linkedin.com/jobs/view/4469177950
2026-09-22,li,SITA,Strategic Brand & Design Manager,"Barcelona, Catalonia, Spain",,True,below,https://www.linkedin.com/jobs/view/4466932626
2026-09-22,li,Scopely,"Senior Manager, UX Design_Monopoly GO!","Barcelona, Catalonia, Spain",,True,below,https://www.linkedin.com/jobs/view/4468830058
2026-09-22,li,Super,Head of Product Design - Manager role,"Madrid, Community of Madrid, Spain",,True,target,https://www.linkedin.com/jobs/view/4448532920
2026-09-22,li,Jobgether,Mockup Design Team Manager,,,True,below,https://www.linkedin.com/jobs/view/4467561463
2026-09-22,li,Jobgether,Head of UX/UI,,,True,target,https://www.linkedin.com/jobs/view/4466867111
2026-09-22,li,Exceltic,Responsable de Diseño Naval,,,False,below,https://www.linkedin.com/jobs/view/4465549934
2026-09-22,li,Exceltic,Responsable de Diseño Naval,"Madrid, Community of Madrid, Spain",,False,below,https://www.linkedin.com/jobs/view/4465552876
2026-09-22,li,Turner & Townsend,MEP Design Manager - Data Centres Construction,,,True,below,https://www.linkedin.com/jobs/view/4456877335
2026-09-22,li,Salter Grange,MEP Design Manager,"Barcelona, Catalonia, Spain",,True,below,https://www.linkedin.com/jobs/view/4467214472
2026-09-22,li,SACYR,"Design Manager - Arquitectura, Estructura y Urbanización de Obra de Edificación","Madrid, Community of Madrid, Spain",,True,below,https://www.linkedin.com/jobs/view/4442085250
2026-09-22,li,SACYR,Jefe/a de Diseño de Obras Civiles en Edificación Singular,"Sabiñánigo, Aragon, Spain",,False,below,https://www.linkedin.com/jobs/view/4442075751
2026-09-22,li,DayOne,Electrical Design Manager,"Madrid, Community of Madrid, Spain",,True,below,https://www.linkedin.com/jobs/view/4461059239
2026-09-22,li,BCNC GROUP,Design Leader – Automoción | CATIA V5 & Plastic Components,,,True,below,https://www.linkedin.com/jobs/view/4469147214
2026-09-22,li,BCNC GROUP,Design Leader – Automoción,"Barcelona, Catalonia, Spain",,True,below,https://www.linkedin.com/jobs/view/4462878843
2026-09-22,indeed,Alea,Podcast Producer,"Barcelona, CT, ES",,False,below,https://es.indeed.com/viewjob?jk=cd3f8b0930010cb7
2026-09-22,indeed,Spendesk,Head of Engineering,"Barcelona, CT, ES",spendesk,False,target,https://es.indeed.com/viewjob?jk=bc0a3f7f433158dc
2026-09-22,indeed,Align Technology,"Sr. Manager, Regional Privacy Lead - EMEA","Madrid, MD, ES",,False,target,https://es.indeed.com/viewjob?jk=5cd7af4fa6818683
2026-09-22,indeed,Hyland,Project Manager 3,"Madrid, MD, ES",,False,below,https://es.indeed.com/viewjob?jk=7e03fbe273a0d0b0
2026-09-22,indeed,Thermo Fisher Scientific,"Senior CTM, Hematology/Oncology","En remoto, ES",,False,below,https://es.indeed.com/viewjob?jk=0d1403f085336785
2026-09-22,indeed,AI Acquisition,Senior Talent Acquisition Specialist,ES,,False,below,https://es.indeed.com/viewjob?jk=89780c6690208210
2026-09-22,indeed,Capgemini,Fullstack Senior IA,"Barcelona, CT, ES",capgemini,False,below,https://es.indeed.com/viewjob?jk=40ff165c4da3baf6
2026-09-22,indeed,AstraZeneca,"Associate Director, Clinical AI","Barcelona, CT, ES",,False,target,https://es.indeed.com/viewjob?jk=5ad41a64a30e9d8b
2026-09-22,indeed,HBX Group,Distribution Performance Manager,"IB, ES",,False,below,https://es.indeed.com/viewjob?jk=4fb1970dd29c8714
2026-09-22,indeed,Ignite Travel,Dutch Speaking Google Ads Onboarding Account Manager,"Mataró, CT, ES",,False,below,https://es.indeed.com/viewjob?jk=cfa3f55823c16d3d
2026-09-22,indeed,AECOM,Senior Engineer - Bridges & Structures,"Madrid, MD, ES",,False,below,https://es.indeed.com/viewjob?jk=58e8fb3f598a3c9f
2026-09-22,indeed,Straumann Group,"Director, Global Software Development","Madrid, MD, ES",,False,target,https://es.indeed.com/viewjob?jk=3fc2720f596e10b7
2026-09-22,indeed,IESE Business School,Business Development Manager - IESE Publishing,"Barcelona, CT, ES",,False,below,https://es.indeed.com/viewjob?jk=6c932ddab2fcef60
2026-09-22,indeed,Amazon.com,"HR Specialist, Research, Strategy & Solutions, Employee Experience & Outcomes (EXO)","Madrid, MD, ES",amazon,False,below,https://es.indeed.com/viewjob?jk=59e4df33042e977a
2026-09-22,indeed,Amazon.com,"HR Specialist, Research, Strategy & Solutions, Employee Experience & Outcomes (EXO)","Barcelona, CT, ES",amazon,False,below,https://es.indeed.com/viewjob?jk=d882e5e2b9d4d937
2026-09-22,indeed,Flywire,"Manager II, Software Engineering, A Coruña","A Coruña, GA, ES",,False,below,https://es.indeed.com/viewjob?jk=1b32550f468166ee
2026-09-22,indeed,Omron,"(ORT-EMEA) Senior Software Engineer, Barcelona","Barcelona, CT, ES",,False,below,https://es.indeed.com/viewjob?jk=93dbe4df8f6bf641
2026-09-22,indeed,Amazon.com,"Vendor Manager, Translation Services Operations, Translation Services Operations","Barcelona, CT, ES",amazon,False,below,https://es.indeed.com/viewjob?jk=960583d8a3589158
2026-09-22,indeed,Tecdata Engineering,Consultor/a SAP Fiori ESS/MSS,"Madrid, MD, ES",,False,below,https://es.indeed.com/viewjob?jk=c7f8cdca666d3e22
2026-09-22,indeed,Shine Germany,"Senior Legal Counsel, Privacy & DPO (ILA region)","Las Matas, MD, ES",,False,below,https://es.indeed.com/viewjob?jk=5b719c215fb3f1d7
2026-09-22,li,Black & White Engineering,Design Manager (Data Centres),"Lisbon, Portugal",,True,below,https://www.linkedin.com/jobs/view/4469882404
2026-09-22,li,Visteon Corporation,Principal Engineer II Mechanical,"Palmela, Setúbal, Portugal",,False,target,https://www.linkedin.com/jobs/view/4459784015
2026-09-22,li,Bosch Portugal,Senior Project Manager (f/m/div.),"Cacia, Aveiro, Portugal",,False,below,https://www.linkedin.com/jobs/view/4469869183
2026-09-22,li,Bain & Company,"Design Manager, Creative Services","Lisbon, Lisbon, Portugal",,True,below,https://www.linkedin.com/jobs/view/4469194174
2026-09-22,li,Bain & Company,"Design Manager, Creative Services","Lisboa, Lisbon, Portugal",,True,below,https://www.linkedin.com/jobs/view/4467867554
2026-09-22,li,Accenture Portugal,Design Director,"Lisbon, Lisbon, Portugal",accenture,True,target,https://www.linkedin.com/jobs/view/4356155360
2026-09-22,li,Accenture Portugal,Senior Design Lead,"Lisbon, Lisbon, Portugal",accenture,True,target,https://www.linkedin.com/jobs/view/4355958458
2026-09-22,li,INEGI driving science & innovation,Líder Técnico - Otimização de Design (m/f/d),"Porto, Porto, Portugal",,True,below,https://www.linkedin.com/jobs/view/4469188321
2026-09-22,li,Quadrante,Team Leader - Fire Safety,"Porto, Portugal",,False,below,https://www.linkedin.com/jobs/view/4454632078
2026-09-22,li,Jobgether,Head of UX/UI,,,True,target,https://www.linkedin.com/jobs/view/4466871030
2026-09-22,li,Quadrante,Civil Project Manager,"Lisbon, Portugal",,False,below,https://www.linkedin.com/jobs/view/4466220193
2026-09-22,li,Thales,Project Design Authority - Air Traffic Control Projects,"Oeiras, Lisbon, Portugal",,True,below,https://www.linkedin.com/jobs/view/4446616054
2026-09-22,li,BETWEEN Group,Jefe Oficina Técnica de Obra- ALGARVE,"Albufeira, Faro, Portugal",,False,below,https://www.linkedin.com/jobs/view/4467739578
2026-09-22,li,Hays,Project Design & BIM Manager (m/f/d),"Porto, Portugal",,True,below,https://www.linkedin.com/jobs/view/4467234042
2026-09-22,li,Mace,Design Manager,"Lisbon, Lisbon, Portugal",,True,below,https://www.linkedin.com/jobs/view/4440570758
2026-09-22,li,CTS Group,Design Manager (m/f/d),"Porto Salvo, Lisbon, Portugal",,True,below,https://www.linkedin.com/jobs/view/4468796266
2026-09-22,li,Mace,Associate Director - Design Management,"Lisbon, Lisbon, Portugal",,True,target,https://www.linkedin.com/jobs/view/4467616632
2026-09-22,li,FPF - Federação Portuguesa de Futebol,Coordenador(a) de Designer,,,True,below,https://www.linkedin.com/jobs/view/4469935137
2026-09-22,li,Glanua,Process & Hydraulic Design Lead,"Lisbon, Lisbon, Portugal",,True,target,https://www.linkedin.com/jobs/view/4460009897
2026-09-22,li,Bosch Home Comfort Portugal,Senior Project Manager (f/m/div.),"Aveiro, Aveiro, Portugal",,False,below,https://www.linkedin.com/jobs/view/4467629943
2026-09-22,indeed,WIRE IT,Fullstack Java + React Developer + AI,"Lisboa, P11, PT",,False,below,https://pt.indeed.com/viewjob?jk=05a263dd1c7acc16
2026-09-22,indeed,Black & White Engineering,Principal Electrical Engineer,"Lisboa, P11, PT",,False,target,https://pt.indeed.com/viewjob?jk=1e8816413b592cbe
2026-09-22,indeed,GR8 Tech,Middle SMM Manager,"Lisboa, P11, PT",,False,below,https://pt.indeed.com/viewjob?jk=6d4c60d004051e1b
2026-09-22,indeed,IQVIA,Global Value Dossiers Writer - Global Health Economics team - Lisbon (hybrid/home-based),"Oeiras, P11, PT",,False,below,https://pt.indeed.com/viewjob?jk=0c3c6368f4cfa252
2026-09-22,indeed,Catawiki,Frontend Engineer,"Lisboa, P11, PT",,False,below,https://pt.indeed.com/viewjob?jk=261a0fbd9c3f9e25
2026-09-22,indeed,iSpeedtoLead,Senior AI Product Engineer,"Lisboa, P11, PT",,False,below,https://pt.indeed.com/viewjob?jk=204e113b6802716a
2026-09-22,indeed,Siemens,Senior Integration Engineer (Azure/.Net/Angular/GoLang) (m/f/d),"Lisboa, P11, PT",,False,below,https://pt.indeed.com/viewjob?jk=5bc762fda777cde0
2026-09-22,indeed,Siemens,Senior Integration Engineer (Azure/.Net/Angular/GoLang) (m/f/d),"Porto, P13, PT",,False,below,https://pt.indeed.com/viewjob?jk=03b6f4475e4440f2
2026-09-22,indeed,Q-Nis,Duct Package Manager,"Sines, P15, PT",,False,below,https://pt.indeed.com/viewjob?jk=ed1fdfb897140e85
2026-09-22,indeed,Kuehne+Nagel,Senior Cloud Engineer (m/f/d),"Porto, P13, PT",,False,below,https://pt.indeed.com/viewjob?jk=4ca01438ad7a05c0
2026-09-22,indeed,Powerdot,Operations Senior Coordinator,"Lisboa, P11, PT",,False,below,https://pt.indeed.com/viewjob?jk=0c2a39213519da30
2026-09-22,indeed,Natixis,Senior Network Engineer | BPCE-IT,"Lisboa, P11, PT",,False,below,https://pt.indeed.com/viewjob?jk=8a75858712e56541
2026-09-22,indeed,Natixis,Senior Data Domain Officer | Finance,"Porto, P13, PT",,False,below,https://pt.indeed.com/viewjob?jk=44521c6a3391de08
2026-09-22,indeed,,Senior Databricks Engineer,"Lisboa, P11, PT",,False,below,https://pt.indeed.com/viewjob?jk=1b9dabad48c9a81f
2026-09-22,indeed,,Senior Data Engineer,"Lisboa, P11, PT",,False,below,https://pt.indeed.com/viewjob?jk=534a10f83218447d
2026-09-22,indeed,Bain & Company,"Design Manager, Creative Services","Lisboa, P11, PT",,True,below,https://pt.indeed.com/viewjob?jk=6d7f51c36623424a
2026-09-22,indeed,Bain & Company,"Design Manager, Creative Services","Lisboa, P11, PT",,True,below,https://pt.indeed.com/viewjob?jk=65052ccc8dc39715
2026-09-22,indeed,TripleTen,Senior Meta Ads Manager,"Remoto, PT",,False,below,https://pt.indeed.com/viewjob?jk=009652a1b281f991
2026-09-22,indeed,AUTOMAISE,Head of Partnerships,"Lisboa, P11, PT",,False,target,https://pt.indeed.com/viewjob?jk=11e6fb5e94455e0c
2026-09-22,indeed,Shine Germany,Senior People Business Partner,"Porto, P13, PT",,False,below,https://pt.indeed.com/viewjob?jk=33b2228ff0e21105
2026-09-22,li,White Space Recruitment,Senior Design Manager - Based in Newcastle upon Tyne city centre,"Newcastle Upon Tyne, England, UK",,True,below,https://www.linkedin.com/jobs/view/4451383979
2026-09-22,li,Burns & McDonnell,"Senior Design Manager - Transmission & Distribution (Birmingham, UK)","Birmingham, England, UK",,True,below,https://www.linkedin.com/jobs/view/4256175579
2026-09-22,li,Laing O'Rourke,Senior HV Electrical Design Manager - Substations,"New Waltham, England, UK",,True,below,https://www.linkedin.com/jobs/view/4468015200
2026-09-22,li,Mace,Senior Design Manager,"Peterborough, England, UK",,True,below,https://www.linkedin.com/jobs/view/4469127598
2026-09-22,li,Salter Grange,Senior Design Manager,"London Area, United Kingdom",,True,below,https://www.linkedin.com/jobs/view/4468669267
2026-09-22,li,Equinix,Senior Design Manager (m/f/d),"London, England, UK",,True,below,https://www.linkedin.com/jobs/view/4465965794
2026-09-22,li,STACK Infrastructure,Senior Electrical Design Manager,"London, England, UK",,True,below,https://www.linkedin.com/jobs/view/4467751750
2026-09-22,li,Morgan Sindall Infrastructure,Senior Design Manager (SUBS),"Motherwell, Scotland, UK",,True,below,https://www.linkedin.com/jobs/view/4465717859
2026-09-22,li,Anglian Water Services,Senior Design Manager,"Peterborough, England, UK",,True,below,https://www.linkedin.com/jobs/view/4464783729
2026-09-22,li,Strava,"Senior Manager, Product Design","London, England, UK",,True,below,https://www.linkedin.com/jobs/view/4427875557
2026-09-22,li,Vantage,Senior Design Manager,"London, England, UK",,True,below,https://www.linkedin.com/jobs/view/4447523643
2026-09-22,li,Severn Trent,Senior Design Services Manager,"Birmingham, England, UK",,True,below,https://www.linkedin.com/jobs/view/4457356450
2026-09-22,li,s1jobs,Senior Design Manager,"Edinburgh, Scotland, UK",,True,below,https://www.linkedin.com/jobs/view/4467602731
2026-09-22,li,Murphy,Senior Design Manager,"Sandford-On-Thames, England, UK",,True,below,https://www.linkedin.com/jobs/view/4469987224
2026-09-22,li,VolkerWessels UK,Senior Design Manager,"West Midlands, England, UK",,True,below,https://www.linkedin.com/jobs/view/4470296514
2026-09-22,li,Black & White Engineering,Senior Design Manager,"Greater London, England, UK",,True,below,https://www.linkedin.com/jobs/view/4444526261
2026-09-22,li,Wates Group,Senior Design Manager,"Basingstoke, England, UK",,True,below,https://www.linkedin.com/jobs/view/4467643049
2026-09-22,li,Ballymore,Senior Design Manager,"London, England, UK",,True,below,https://www.linkedin.com/jobs/view/4470407384
2026-09-22,li,BakerHicks,Senior Design Manager - U&R,"England, United Kingdom",,True,below,https://www.linkedin.com/jobs/view/4433896393
2026-09-22,li,BW: Workplace Experts,Senior Design Manager,"London Area, United Kingdom",,True,below,https://www.linkedin.com/jobs/view/4468570364
2026-09-22,indeed,AECOM,Senior Electrical Engineer- Battery Energy Storage System (BESS),"Newcastle upon Tyne, ENG, GB",,False,below,https://uk.indeed.com/viewjob?jk=f9dedb493c64940c
2026-09-22,indeed,AECOM,Senior Electrical Engineer- Battery Energy Storage System (BESS),"Leeds, ENG, GB",,False,below,https://uk.indeed.com/viewjob?jk=619d0f1da368eec3
2026-09-22,indeed,AECOM,Senior Electrical Engineer- Battery Energy Storage System (BESS),"Bristol, ENG, GB",,False,below,https://uk.indeed.com/viewjob?jk=249ccda054d52d50
2026-09-22,indeed,AECOM,Senior Electrical Engineer- Battery Energy Storage System (BESS),"Edinburgh, SCT, GB",,False,below,https://uk.indeed.com/viewjob?jk=63990b39e0023f6a
2026-09-22,indeed,AECOM,Senior Electrical Engineer- Battery Energy Storage System (BESS),"Glasgow, SCT, GB",,False,below,https://uk.indeed.com/viewjob?jk=515d1a24f31339ac
2026-09-22,indeed,AECOM,Senior Electrical Engineer- Battery Energy Storage System (BESS),"Manchester, ENG, GB",,False,below,https://uk.indeed.com/viewjob?jk=6ab6a1651c0cbab6
2026-09-22,indeed,AECOM,Senior Electrical Engineer- Battery Energy Storage System (BESS),"Birmingham, ENG, GB",,False,below,https://uk.indeed.com/viewjob?jk=7637b741c2a14c54
2026-09-22,indeed,Tradeweb,Head of International Statutory Financial Reporting,"London, ENG, GB",,False,target,https://uk.indeed.com/viewjob?jk=10c07ebec0fba581
2026-09-22,indeed,Pentland Brands,EMEA Market Merchandiser - Berghaus,"London, ENG, GB",,False,below,https://uk.indeed.com/viewjob?jk=4735d32b6fb2bd8a
2026-09-22,indeed,Malloy Aeronautics Ltd,Business Development and Sales Manager,"Maidenhead, ENG, GB",,False,below,https://uk.indeed.com/viewjob?jk=0373bf37877d149b
2026-09-22,indeed,RightShip,Senior AI Engineer,"London, ENG, GB",,False,below,https://uk.indeed.com/viewjob?jk=12d6e69df69b42b9
2026-09-22,indeed,bp,Performance & Asset Optimization Lead,"Milton Keynes, ENG, GB",,False,target,https://uk.indeed.com/viewjob?jk=864da7cf60da5bfc
2026-09-22,indeed,AECOM,Senior Digital Data Analyst,"Birmingham, ENG, GB",,False,below,https://uk.indeed.com/viewjob?jk=41bbd2119794eb58
2026-09-22,indeed,Proservartner,Sales Account Manager,"Remote, GB",,False,below,https://uk.indeed.com/viewjob?jk=2d451322bd2e940b
2026-09-22,indeed,hobsons|choice,Senior Project Manager,"Swindon, ENG, GB",,False,below,https://uk.indeed.com/viewjob?jk=2fba5d45766cae7c
2026-09-22,indeed,LRQA group,Principal Security Consultant,"Remote, GB",,False,target,https://uk.indeed.com/viewjob?jk=9ee15268b0c2c023
2026-09-22,indeed,AtkinsRéalis,Senior Transport Planner,"Glasgow, SCT, GB",,False,below,https://uk.indeed.com/viewjob?jk=2ee2e8874164b217
2026-09-22,indeed,AtkinsRéalis,Senior Business Analyst,"London, ENG, GB",,False,below,https://uk.indeed.com/viewjob?jk=d090a290374c11bb
2026-09-22,indeed,AtkinsRéalis,Principal Consultant/ Associate Director,"London, ENG, GB",,False,target,https://uk.indeed.com/viewjob?jk=7a864ce81987f98c
2026-09-22,indeed,AtkinsRéalis,Senior Business Analyst – Aviation Digital Transformation,"London, ENG, GB",,False,below,https://uk.indeed.com/viewjob?jk=d187e6898aa5ce5c
2026-09-22,li,IC Resources,Senior Analog IC Design Manager,"Cork, County Cork, Ireland",,True,below,https://www.linkedin.com/jobs/view/4458715938
2026-09-22,li,Eaton,Design & Engineering Manager (Electrical - Data Centres) - Dublin,"Dublin, County Dublin, Ireland",,False,below,https://www.linkedin.com/jobs/view/4430233477
2026-09-22,li,Eaton,Design & Engineering Manager (Electrical - Data Centres) - Dublin,"Dublin 4, County Dublin, Ireland",,False,below,https://www.linkedin.com/jobs/view/4430217697
2026-09-22,li,Analog Devices,"Senior Manager, Layout","Limerick, County Limerick, Ireland",,False,below,https://www.linkedin.com/jobs/view/4466666999
2026-09-22,li,CareerWise Recruitment,Senior Analog Design Manager,"Cork, County Cork, Ireland",,True,below,https://www.linkedin.com/jobs/view/4469151091
2026-09-22,li,Anderson McQue,Head of Design,"Dublin, County Dublin, Ireland",,True,target,https://www.linkedin.com/jobs/view/4469137407
2026-09-22,li,Sigmar Recruitment,Senior Design Manager,"Dublin, County Dublin, Ireland",,True,below,https://www.linkedin.com/jobs/view/4468610166
2026-09-22,li,Super,Head of Product Design - Manager role,,,True,target,https://www.linkedin.com/jobs/view/4448545746
2026-09-22,li,Jobgether,Mockup Design Team Manager,,,True,below,https://www.linkedin.com/jobs/view/4467544655
2026-09-22,li,Collen Construction,Design Manager,"Dublin, County Dublin, Ireland",,True,below,https://www.linkedin.com/jobs/view/4468356638
2026-09-22,li,Equinix,Senior Design Manager (m/f/d),"Dublin, County Dublin, Ireland",,True,below,https://www.linkedin.com/jobs/view/4465968816
2026-09-22,li,Jobgether,Head of UX/UI,,,True,target,https://www.linkedin.com/jobs/view/4466865154
2026-09-22,li,Kenton Black,MEP Design Manager,"Maynooth, County Kildare, Ireland",,True,below,https://www.linkedin.com/jobs/view/4468247377
2026-09-22,li,PM Group,Principal Project Manager / Design Manager,"Dublin, County Dublin, Ireland",,True,target,https://www.linkedin.com/jobs/view/4465975539
2026-09-22,li,eir business talent,Senior Client-Side Design Manager,"Athlone, Ireland",,True,below,https://www.linkedin.com/jobs/view/4466189973
2026-09-22,li,Alternative Heat Ltd,Head of Design - Decarbonisation,"Santry, County Dublin, Ireland",,True,target,https://www.linkedin.com/jobs/view/4459675851
2026-09-22,li,GRAHAM Group,Design Manager - Dublin,"Dublin, County Dublin, Ireland",,True,below,https://www.linkedin.com/jobs/view/4466149659
2026-09-22,li,KM Lynskey,Design Manager,"Dublin, County Dublin, Ireland",,True,below,https://www.linkedin.com/jobs/view/4467059810
2026-09-22,li,publicjobs,Senior Executive Architect,"County Mayo, Ireland",public-bank-berhad,False,below,https://www.linkedin.com/jobs/view/4467200145
2026-09-22,li,Key Talent Solutions,Head of Design,"County Dublin, Ireland",,True,target,https://www.linkedin.com/jobs/view/4469954968
2026-09-22,indeed,DMT Renewables Ltd,Project Manager – Residential Retrofit / SEAI Warmer Homes,"Tallaght, D, IE",,False,below,https://ie.indeed.com/viewjob?jk=0897f8209112b811
2026-09-22,indeed,Think Differently,Advertising Sales Manager,"Dublin, D, IE",,False,below,https://ie.indeed.com/viewjob?jk=b9f2f53c0ea19cd3
2026-09-22,indeed,Electricity Supply Board (ESB),Project Development Senior Engineer,"Dublin, D, IE",,False,below,https://ie.indeed.com/viewjob?jk=8a59336985e88b8a
2026-09-22,indeed,Expleo Group,Head of Product (Maternity Leave Cover),"Dublin, D, IE",,True,target,https://ie.indeed.com/viewjob?jk=95f684e932d044e1
2026-09-22,indeed,Beaumont Hospital,Medical 2 Business Lead,"Dublin, D, IE",,False,target,https://ie.indeed.com/viewjob?jk=457a9f7a7b13666e
2026-09-22,indeed,Deloitte,AI Architect,"Dublin, D, IE",,False,below,https://ie.indeed.com/viewjob?jk=298fcec9f23ac4cf
2026-09-22,indeed,Think Differently,Advertising Sales Manager,"Dublin, D, IE",,False,below,https://ie.indeed.com/viewjob?jk=30bd9439aebfe721
2026-09-22,indeed,Datavant,"Senior Technical Product Manager, Data Connectivity","Galway, G, IE",,True,below,https://ie.indeed.com/viewjob?jk=b4afaf5a32047877
2026-09-22,indeed,Northern Trust Corp.,"Senior Audit Manager, AML & Financial Crime","Limerick, LK, IE",,False,below,https://ie.indeed.com/viewjob?jk=a7583347573644a5
2026-09-22,indeed,Electricity Supply Board (ESB),Project Development Engineer,"Dublin, D, IE",,False,below,https://ie.indeed.com/viewjob?jk=635d7c8fe55fb61a
2026-09-22,indeed,Okta,"Solutions Engineering Specialist, Auth0","Dublin, D, IE",,False,below,https://ie.indeed.com/viewjob?jk=a39860163a8d62d9
2026-09-22,indeed,Local Government Jobs Ireland,Executive Technician,"WH, IE",,False,below,https://ie.indeed.com/viewjob?jk=b4cfd51bf5e9d93a
2026-09-22,indeed,Westmeath County Council,EXECUTIVE TECHNICIAN,"WH, IE",,False,below,https://ie.indeed.com/viewjob?jk=5dc6bc13cb84467e
2026-09-22,indeed,Bentley Systems,"Program Manager, PMO","DUBLIN 2, D, IE",,False,below,https://ie.indeed.com/viewjob?jk=600c1af3589464f1
2026-09-22,indeed,Lavender hill hair ,Senior Stylist/Manager,"Celbridge, KE, IE",,False,below,https://ie.indeed.com/viewjob?jk=5158e3e46443a797
2026-09-22,indeed,Trading 212,Risk Manager,"Dublin, D, IE",,False,below,https://ie.indeed.com/viewjob?jk=f1d6000f3ec99267
2026-09-22,indeed,Hewlett Packard Enterprise | HPE,Commercial Account Manager - Networking,"Leixlip, KE, IE",,False,below,https://ie.indeed.com/viewjob?jk=4bde9a9232c0f2b6
2026-09-22,indeed,Eventcomms Agency,Event Executive | Global Events,"Swords, D, IE",,False,below,https://ie.indeed.com/viewjob?jk=f0ec85326a59b4ec
2026-09-22,indeed,Dornan Engineering Limited,Senior Project Manager,"Athlone, WH, IE",,False,below,https://ie.indeed.com/viewjob?jk=6b10d38c7c18240b
2026-09-22,indeed,Eventcomms Agency,Senior Event Manager | Global Events,"Swords, D, IE",,False,below,https://ie.indeed.com/viewjob?jk=513de07db9d20ad0
2026-09-22,li,Agensi Pekerjaan GMRecruitment Sdn Bhd,"Assistant Manager / Manager, Mechanical Design (Data Centre)",,,True,below,https://www.linkedin.com/jobs/view/4468496606
2026-09-22,li,Cundall,Senior Design Manager,"Kuala Lumpur, Federal Territory of Kuala Lumpur, Malaysia",,True,below,https://www.linkedin.com/jobs/view/4413865161
2026-09-22,li,Bina Initiatives Sdn Bhd,BIM Manager - Penang,"Petaling Jaya, Selangor, Malaysia",,False,below,https://www.linkedin.com/jobs/view/4468459738
2026-09-22,li,U Mobile,"Section Head, Experience and Transformation","Kuala Lumpur, Federal Territory of Kuala Lumpur, Malaysia",,False,below,https://www.linkedin.com/jobs/view/4432191086
2026-09-22,li,MODEC Offshore Production Systems (Singapore) / Offshore Frontier Solutions,"Group Lead, Static","Federal Territory of Kuala Lumpur, Malaysia",,False,target,https://www.linkedin.com/jobs/view/4440651177
2026-09-22,li,Arup,Associate Principal - Electrical (Property Lead),"Kuala Lumpur, Federal Territory of Kuala Lumpur, Malaysia",,False,target,https://www.linkedin.com/jobs/view/4469186637
2026-09-22,li,MODEC Offshore Production Systems (Singapore) / Offshore Frontier Solutions,"Group Lead Engineer, Piping Stress","Federal Territory of Kuala Lumpur, Malaysia",,False,target,https://www.linkedin.com/jobs/view/4439994037
2026-09-22,li,Airswift,Topside Piping & Layout Lead,"Kuala Lumpur, Federal Territory of Kuala Lumpur, Malaysia",swift,False,target,https://www.linkedin.com/jobs/view/4468855558
2026-09-22,li,Adecco,"Retail Design Manager | Retail Fit-Out & Mall Design | Salary Up to RM 13,000",,,True,below,https://www.linkedin.com/jobs/view/4467502000
2026-09-22,li,BJAK,Senior Visual Lead,"Petaling Jaya, Selangor, Malaysia",,False,target,https://www.linkedin.com/jobs/view/4467423750
2026-09-22,li,BJAK,Creative Design Lead,"Petaling Jaya, Selangor, Malaysia",,True,target,https://www.linkedin.com/jobs/view/4467436445
2026-09-22,li,Siemens Energy,Engineering Manager (HV Substation Design),"Petaling Jaya, Selangor, Malaysia",,False,below,https://www.linkedin.com/jobs/view/4448283598
2026-09-22,li,Electronic Arts (EA),Lead Product Designer,"Kuala Lumpur, Federal Territory of Kuala Lumpur, Malaysia",,True,target,https://www.linkedin.com/jobs/view/4465259411
2026-09-22,li,Confidential Careers,Creative Director (Advertising),"Federal Territory of Kuala Lumpur, Malaysia",,False,target,https://www.linkedin.com/jobs/view/4466194038
2026-09-22,li,Black & White Engineering,Design Manager,"Federal Territory of Kuala Lumpur, Malaysia",,True,below,https://www.linkedin.com/jobs/view/4465703737
2026-09-22,li,Randstad Malaysia,Mechanical Engineer (Senior to Associate Director) - Railway,"Kuala Lumpur, Federal Territory of Kuala Lumpur, Malaysia",aeon-bank-malaysia,False,target,https://www.linkedin.com/jobs/view/4464767264
2026-09-22,li,Malaysia Airlines,"Senior Manager, CX Ground",,aeon-bank-malaysia,False,below,https://www.linkedin.com/jobs/view/4465714654
2026-09-22,li,Vertiv,Lead Engineer,"Petaling Jaya, Selangor, Malaysia",,False,target,https://www.linkedin.com/jobs/view/4429556074
2026-09-22,li,GE Vernova,"Technical Leader - Regional Customer Applications, Asia","Kuala Lumpur, Federal Territory of Kuala Lumpur, Malaysia",,False,below,https://www.linkedin.com/jobs/view/4458161226
2026-09-22,li,Cundall,Associate/Associate Director (Electrical),"Kuala Lumpur, Federal Territory of Kuala Lumpur, Malaysia",,False,target,https://www.linkedin.com/jobs/view/4307982671
2026-09-22,indeed,Regent,Restaurant Manager (Signature Grill Restaurant) - Regent Kuala Lumpur (Pre-Opening),"Kuala Lumpur, M14, MY",,False,below,https://malaysia.indeed.com/viewjob?jk=58906245617e8839
2026-09-22,indeed,Regent,Signature Bar Manager - Regent Kuala Lumpur (Pre-opening),"Kuala Lumpur, M14, MY",,False,below,https://malaysia.indeed.com/viewjob?jk=d719e16155931b98
2026-09-22,indeed,STMicroelectronics,Real Estate Manager - APac,"Kuala Lumpur, M14, MY",,False,below,https://malaysia.indeed.com/viewjob?jk=680937242a5d851d
2026-09-22,indeed,Medivet Sdn Bhd,Business Development Executive/ Sr Executive,"Kepong, M14, MY",,False,below,https://malaysia.indeed.com/viewjob?jk=642cada52df32e39
2026-09-22,indeed,Procter & Gamble,Senior Brand Manager,"Kuala Lumpur, M14, MY",,False,below,https://malaysia.indeed.com/viewjob?jk=e669e6885e4bf9ba
2026-09-22,indeed,DAYONE DATA CENTERS SINGAPORE PTE. LTD.,HR Technology Workday Techno-Functional Senior Specialist,"Kuala Lumpur, M14, MY",,False,below,https://malaysia.indeed.com/viewjob?jk=482b2935c91739b7
2026-09-22,indeed,Tdgpeople International Sdn Bhd,Senior Visual Merchandiser Executive,"Setapak, M14, MY",,False,below,https://malaysia.indeed.com/viewjob?jk=dec1da694f7172ca
2026-09-22,indeed,KBC Global,Senior Commercial Services Manager,"Kuala Lumpur, M14, MY",,False,below,https://malaysia.indeed.com/viewjob?jk=4a3f0b0fe75ce85d
2026-09-22,indeed,McDermott,Associate Structural Engineer,"Kuala Lumpur, M14, MY",,False,below,https://malaysia.indeed.com/viewjob?jk=285d1639b42bfca1
2026-09-22,indeed,Yokogawa,Senior Commercial Services Manager,"Kuala Lumpur, M14, MY",,False,below,https://malaysia.indeed.com/viewjob?jk=af89fc73e2603aff
2026-09-22,indeed,Hong Leong Bank,Manager - Personal Financial Services (Compliance & Operational Risk),"Kuala Lumpur, M14, MY",hong-leong-bank,False,below,https://malaysia.indeed.com/viewjob?jk=8ea794575fbbbaa0
2026-09-22,indeed,Lama Tile-Works (Seremban) Sdn Bhd,Marketing Executive,"Kuala Lumpur, M14, MY",,False,below,https://malaysia.indeed.com/viewjob?jk=f824cc57d230d60e
2026-09-22,indeed,SotaTek,QA Automation Lead,"Kuala Lumpur, M14, MY",,False,target,https://malaysia.indeed.com/viewjob?jk=266570358e709914
2026-09-22,indeed,BrioHR,"Design and Training Specialist, Senior Associate Mid Senior level","Kuala Lumpur, M14, MY",,True,below,https://malaysia.indeed.com/viewjob?jk=c6961895fa64a651
2026-09-22,indeed,HSBC,Brokerage Products Manager,"Kuala Lumpur, M14, MY",hsbc,False,below,https://malaysia.indeed.com/viewjob?jk=e64443413a00bb08
2026-09-22,indeed,Tech Aalto Pte ltd,Network Lead,"Kuala Lumpur, M14, MY",,False,target,https://malaysia.indeed.com/viewjob?jk=d28548aefbc232fb
2026-09-22,indeed,Standard Chartered Bank,Assistant Manager,"Kuala Lumpur, M14, MY",standard-chartered,False,below,https://malaysia.indeed.com/viewjob?jk=097dd62e255f5cec
2026-09-22,indeed,Boston Consulting Group,"Project Leader to Partner, Insurance Practice","Kuala Lumpur, M14, MY",,False,below,https://malaysia.indeed.com/viewjob?jk=fa60d9a41633c71f
2026-09-22,indeed,Microsoft,Regional Partner Development Manager,"Kuala Lumpur, M14, MY",microsoft,False,below,https://malaysia.indeed.com/viewjob?jk=de33f6dbee13a059
2026-09-22,indeed,Microsoft,Customer Success Account Manager,"Kuala Lumpur, M14, MY",microsoft,False,below,https://malaysia.indeed.com/viewjob?jk=6131b4297896b01f
2026-09-22,li,Confidential,Senior Manager MEP Design,"Dubai, United Arab Emirates",,True,below,https://www.linkedin.com/jobs/view/4469870883
2026-09-22,li,Larsen & Toubro,Lead Telecom Design,"Dubai, Dubai, United Arab Emirates",,True,target,https://www.linkedin.com/jobs/view/4469520746
2026-09-22,li,Talents Tide,Technical Manager - Office-Based - Construction,"Dubai, United Arab Emirates",,False,below,https://www.linkedin.com/jobs/view/4468098637
2026-09-22,li,Emirates,Design & Projects Manager - Luxury Interiors and Premium Environments,"Dubai, Dubai, United Arab Emirates",emirates,True,below,https://www.linkedin.com/jobs/view/4455867089
2026-09-22,li,Al Abbar Group,Senior Design Manager,"Dubai, United Arab Emirates",,True,below,https://www.linkedin.com/jobs/view/4466646430
2026-09-22,li,Sana Commerce,Head of Research and Design,"Dubai, Dubai, United Arab Emirates",,True,target,https://www.linkedin.com/jobs/view/4469169266
2026-09-22,li,James L Williams Middle East,Electrical Design Manager – Data Centre,"Dubai, Dubai, United Arab Emirates",,True,below,https://www.linkedin.com/jobs/view/4468614401
2026-09-22,li,Expo City Dubai,Design Manager,"Dubai, United Arab Emirates",,True,below,https://www.linkedin.com/jobs/view/4466267721
2026-09-22,li,Stantec,Digital Delivery Manager – Buildings Design Delivery,"Dubai, Dubai, United Arab Emirates",,True,below,https://www.linkedin.com/jobs/view/4467160103
2026-09-22,li,Zutari,Data Centre Senior Design Manager (Mechanical/Electrical Engineer),"Dubai, Dubai, United Arab Emirates",,False,below,https://www.linkedin.com/jobs/view/4422920894
2026-09-22,li,Mace,MEP Design Manager,"Dubai, Dubai, United Arab Emirates",,True,below,https://www.linkedin.com/jobs/view/4459038915
2026-09-22,li,Al-Futtaim,Design Manager - Interiors | Real Estate | Hotels & Residential,"Dubai, Dubai, United Arab Emirates",,True,below,https://www.linkedin.com/jobs/view/4468201095
2026-09-22,li,Al-Futtaim,Senior Design Manager | Real Estate | Residential & Commercial,"Dubai, Dubai, United Arab Emirates",,True,below,https://www.linkedin.com/jobs/view/4467718126
2026-09-22,li,AECOM,Design Manager,"Dubai, Dubai, United Arab Emirates",,True,below,https://www.linkedin.com/jobs/view/4466125289
2026-09-22,li,Parfums de Marly,Senior Creative Retail Design Manager,"Dubai, United Arab Emirates",,True,below,https://www.linkedin.com/jobs/view/4467465826
2026-09-22,li,Parfums de Marly,Senior Visual Merchandising Manager,"Dubai, United Arab Emirates",,False,below,https://www.linkedin.com/jobs/view/4467468983
2026-09-22,li,10 Design,Studio Lead,"Dubai, Dubai, United Arab Emirates",,False,target,https://www.linkedin.com/jobs/view/4459696324
2026-09-22,li,No Grey Area,Lighting Design Manager,"Dubai, United Arab Emirates",,True,below,https://www.linkedin.com/jobs/view/4468515568
2026-09-22,li,UpNext UAE,Concept Design Manager,"Dubai, United Arab Emirates",,True,below,https://www.linkedin.com/jobs/view/4470291024
2026-09-22,li,Whizz HR,Design Lead,"Sharjah, Sharjah Emirate, United Arab Emirates",,True,target,https://www.linkedin.com/jobs/view/4470282883
2026-09-22,indeed,COOL SILK TEXTILE LLC,Sales Assistant – Textile Industry | Career Development to Sales Executive,"Dubai, DU, AE",,False,below,https://ae.indeed.com/viewjob?jk=e71ed74100fd9a30
2026-09-22,indeed,RISETECH AUTO SERVICES L.L.C,Position: Senior Digital Marketing Specialist (Automotive Sector),"Dubai, DU, AE",,False,below,https://ae.indeed.com/viewjob?jk=8a2557226d36f368
2026-09-22,indeed,AECOM,Assistant Project Manager,"Dubai, DU, AE",,False,below,https://ae.indeed.com/viewjob?jk=c3ab89de732af9d3
2026-09-22,indeed,AECOM,Assistant Project Manager (Urbanism + Planning),"Dubai, DU, AE",,False,below,https://ae.indeed.com/viewjob?jk=e668342f19f1ddda
2026-09-22,indeed,AECOM,Senior BIM Technician,"Dubai, DU, AE",,False,below,https://ae.indeed.com/viewjob?jk=e6294f99c1bd7679
2026-09-22,indeed,Mace Group,Senior Procurement Advisory Manager (M3),"Dubai, DU, AE",,False,below,https://ae.indeed.com/viewjob?jk=064b9306faac0888
2026-09-22,indeed,Wefit Contracting and Maintenance,Operations Manager,"Dubai, DU, AE",,False,below,https://ae.indeed.com/viewjob?jk=4e2eaaa4ce4cb076
2026-09-22,indeed,Ventures Middle East LLC,Senior Research Executive,"Dubai, DU, AE",,False,below,https://ae.indeed.com/viewjob?jk=10b77933046fc7e9
2026-09-22,indeed,Chalhoub Group,Regional Account Manager - Christofle,"Dubai, DU, AE",,False,below,https://ae.indeed.com/viewjob?jk=d7906975498f0b2c
2026-09-22,indeed,Property Finder,"Senior Product Manager, Value Creation","Dubai, DU, AE",,True,below,https://ae.indeed.com/viewjob?jk=b1abe6e482b9e781
2026-09-22,indeed,Legora,"Director of Legal Engineering, Dubai","Dubai, DU, AE",,False,target,https://ae.indeed.com/viewjob?jk=b5bcce078b625871
2026-09-22,indeed,Smarter,Country Head Construction,"Dubai, DU, AE",,False,below,https://ae.indeed.com/viewjob?jk=1e5ab8cb4ed58e6b
2026-09-22,indeed,AECOM,BIM Team Lead,"Dubai, DU, AE",,False,target,https://ae.indeed.com/viewjob?jk=8608f9f3f775f8dd
2026-09-22,indeed,Bloombox LLC,Senior Florist,"Dubai, DU, AE",,False,below,https://ae.indeed.com/viewjob?jk=23d1c8e6164e4105
2026-09-22,indeed,MM Coaching Limited,Head of Paid Marketing,"Dubai, DU, AE",,False,target,https://ae.indeed.com/viewjob?jk=4f44a4b57d1093e5
2026-09-22,indeed,Maklad Design,Senior Civil Site Engineer- 60-Day Project-Based Contract,"Dubai, DU, AE",,False,below,https://ae.indeed.com/viewjob?jk=43638eb1d449401e
2026-09-22,indeed,L&T Technology Services Ltd.,Lead Telecom Design,"Dubai, DU, AE",,True,target,https://ae.indeed.com/viewjob?jk=b2a60eac450efd15
2026-09-22,indeed,Star Bright Day Nursery,Content and Marketing Executive,"Jebel Ali, DU, AE",,False,below,https://ae.indeed.com/viewjob?jk=7e178bfbd2be8046
2026-09-22,indeed,Venco Imtiaz Contracting Co,Land Surveyor Manager,"Dubai, DU, AE",,False,below,https://ae.indeed.com/viewjob?jk=e113b4ffc9ce03d7
2026-09-22,indeed,Amazon.com,"Sr. Product Manager, Emerging Stores CX Improvements, Amazon Customer Service","Dubai, DU, AE",amazon,True,below,https://ae.indeed.com/viewjob?jk=74e550a0a461cc94
2026-09-22,li,"Design and Projects International, C.A. (DAPIN)",Telecom Lead Dubai 100% onsite,,,False,target,https://www.linkedin.com/jobs/view/4468707129
2026-09-22,li,Khazna Data Centers,"Manager Civil, Structural and Architectural (CSA)","Abu Dhabi Emirate, United Arab Emirates",,False,below,https://www.linkedin.com/jobs/view/4469847182
2026-09-22,li,WSP in the Middle East,Associate / Associate Director – Technical Architect,"Abu Dhabi, Abu Dhabi Emirate, United Arab Emirates",,False,target,https://www.linkedin.com/jobs/view/4458824114
2026-09-22,li,Wasael Property Management,Senior Design Manager,"Abu Dhabi, Abu Dhabi Emirate, United Arab Emirates",,True,below,https://www.linkedin.com/jobs/view/4458643016
2026-09-22,li,Big Fish Consult,Senior Urban Design Manager,"Abu Dhabi, Abu Dhabi Emirate, United Arab Emirates",,True,below,https://www.linkedin.com/jobs/view/4469100570
2026-09-22,li,Wasael Property Management,Design Manager,"Abu Dhabi, Abu Dhabi Emirate, United Arab Emirates",,True,below,https://www.linkedin.com/jobs/view/4458634208
2026-09-22,li,Black & White Engineering,Associate Director - Mechanical,"Abu Dhabi Emirate, United Arab Emirates",,False,target,https://www.linkedin.com/jobs/view/4467824954
2026-09-22,li,Dubai Holding,Senior Manager - Development (Dubai Holding Real Estate),,,False,below,https://www.linkedin.com/jobs/view/4467500613
2026-09-22,li,GHD,Senior Project Manager (Design) - Infrastructure,"Abu Dhabi, Abu Dhabi Emirate, United Arab Emirates",,True,below,https://www.linkedin.com/jobs/view/4440235271
2026-09-22,li,GHD,Senior Project Manager (Design) - Buildings,"Abu Dhabi, Abu Dhabi Emirate, United Arab Emirates",,True,below,https://www.linkedin.com/jobs/view/4440239173
2026-09-22,li,Rowad Modern Engineering,BIM Architectural Team Leader,"Abu Dhabi, Abu Dhabi Emirate, United Arab Emirates",,False,below,https://www.linkedin.com/jobs/view/4468671020
2026-09-22,li,Wood,PMC Senior Interface Engineer,"Abu Dhabi, Abu Dhabi Emirate, United Arab Emirates",,False,below,https://www.linkedin.com/jobs/view/4468666129
2026-09-22,li,IMKAN Properties,Senior Design Manager,"Abu Dhabi Emirate, United Arab Emirates",,True,below,https://www.linkedin.com/jobs/view/4465968799
2026-09-22,li,Zutari,Design Manager,"Abu Dhabi, Abu Dhabi Emirate, United Arab Emirates",,True,below,https://www.linkedin.com/jobs/view/4434984820
2026-09-22,li,Jobgether,Head of UX/UI,,,True,target,https://www.linkedin.com/jobs/view/4466861875
2026-09-22,li,Good Maven,Design Director,"Abu Dhabi, Abu Dhabi Emirate, United Arab Emirates",,True,target,https://www.linkedin.com/jobs/view/4455857244
2026-09-22,li,Larsen & Toubro,Design Lead - Substation (Civil & Structural),,,True,target,https://www.linkedin.com/jobs/view/4402975572
2026-09-22,li,Target Engineering Construction Co LLC,Discipline Manager (Static),"Abu Dhabi Emirate, United Arab Emirates",,False,below,https://www.linkedin.com/jobs/view/4464770590
2026-09-22,li,Vertiv,Supervisor Product Management,,,True,below,https://www.linkedin.com/jobs/view/4404891704
2026-09-22,li,MTEC Electromechanical Works LLC,MEP Technical Manager,"Abu Dhabi Emirate, United Arab Emirates",,False,below,https://www.linkedin.com/jobs/view/4466934405
2026-09-22,indeed,Parsons,Senior Civil 3D Modeler (Utilities),"Abu Dhabi, AZ, AE",,False,below,https://ae.indeed.com/viewjob?jk=819258866c63b605
2026-09-22,indeed,PortecLink General Trading,Mechanical (HVAC) Senior Engineer,"Abu Dhabi, AZ, AE",,False,below,https://ae.indeed.com/viewjob?jk=019642510553501d
2026-09-22,indeed,AL BORKAN GLOBAL GENERAL CONTRACTING - L.L.C,Senior MEP Draftsman,"Abu Dhabi, AZ, AE",,False,below,https://ae.indeed.com/viewjob?jk=b5cc0962e01ccc69
2026-09-22,indeed,Mfour Building Contracting LLC,Technical Manager,"Abu Dhabi, AZ, AE",,False,below,https://ae.indeed.com/viewjob?jk=f4bf606075375183
2026-09-22,indeed,Mace Group,Stakeholder Manager,"Abu Dhabi, AZ, AE",,False,below,https://ae.indeed.com/viewjob?jk=5ac7fca0ddeb8651
2026-09-22,indeed,Parsons,Project Manager - Buildings,"Abu Dhabi, AZ, AE",,False,below,https://ae.indeed.com/viewjob?jk=9e612cf7a9c3a515
2026-09-22,indeed,TARGET Engineering Construction Company,Structural Design Engineer,"Abu Dhabi, AZ, AE",,True,below,https://ae.indeed.com/viewjob?jk=2afebd9d7e483f3c
2026-09-22,indeed,AECOM,Senior Commercial Manager - Rail Systems,"Abu Dhabi, AZ, AE",,False,below,https://ae.indeed.com/viewjob?jk=b551f96fd4bc371e
2026-09-22,indeed,,QA/QC Manager,"Abu Dhabi, AZ, AE",,False,below,https://ae.indeed.com/viewjob?jk=2b63484a59eee87b
2026-09-22,indeed,Wood,PMC Senior Project Engineer,"Abu Dhabi, AZ, AE",,False,below,https://ae.indeed.com/viewjob?jk=5e1802cc31b3bfa1
2026-09-22,indeed,Etihad Airways,Lifecycle Strategy Manager - UAE Nationals Only,"Abu Dhabi, AZ, AE",etihad-airways,True,below,https://ae.indeed.com/viewjob?jk=a6c2376297a11c06
2026-09-22,indeed,Etihad Airways,Lifecycle Strategy Manager - UAE Nationals Only,"Abu Dhabi, AZ, AE",etihad-airways,True,below,https://ae.indeed.com/viewjob?jk=34e9e3db83cd028d
2026-09-22,indeed,Property Shop Investment LLC,Leasing Manager - Arabic Speaker,"Abu Dhabi, AZ, AE",,False,below,https://ae.indeed.com/viewjob?jk=8e05f725162135d5
2026-09-22,indeed,KBR,Electrical Delivery Engineer,"Abu Dhabi, AZ, AE",,False,below,https://ae.indeed.com/viewjob?jk=ed27e429b6f3e473
2026-09-22,indeed,KBR,Senior Construction Manager,"Abu Dhabi, AZ, AE",,False,below,https://ae.indeed.com/viewjob?jk=d02c7f50f0bf1f3a
2026-09-22,indeed,KBR,Commissioning Superintendent Mechanical,"Abu Dhabi, AZ, AE",,False,below,https://ae.indeed.com/viewjob?jk=1faf62d5011bff18
2026-09-22,indeed,KBR,Commissioning Superintendent Electrical,"Abu Dhabi, AZ, AE",,False,below,https://ae.indeed.com/viewjob?jk=002dfea01104a16b
2026-09-22,indeed,KBR,Commissioning Superintendent I&C,"Abu Dhabi, AZ, AE",,False,below,https://ae.indeed.com/viewjob?jk=7798a5aeeee6e2c8
2026-09-22,indeed,KBR,Contracts Manager,"Abu Dhabi, AZ, AE",,False,below,https://ae.indeed.com/viewjob?jk=c66b694e074013dd
2026-09-22,indeed,KBR,Project Control Manager,"Abu Dhabi, AZ, AE",,False,below,https://ae.indeed.com/viewjob?jk=d9f9908080d775c1
2026-09-22,li,Cygnify,Product Design Development Manager,"Singapore, Singapore",,True,below,https://www.linkedin.com/jobs/view/4467354538
2026-09-22,li,NCS Group,#EG AI Consultant Lead,"Singapore, Singapore",,False,target,https://www.linkedin.com/jobs/view/4467357332
2026-09-22,li,KPMG Singapore,"UIUX Designer, Senior Associate / Assistant Manager","Singapore, Singapore",,True,below,https://www.linkedin.com/jobs/view/4424165061
2026-09-22,li,Dyson,Design Manager - Experience,"Singapore, Singapore",,True,below,https://www.linkedin.com/jobs/view/4415343377
2026-09-22,li,GovTech Singapore,"Deputy Director, Design Management, Product Development Office","Singapore, Singapore",,True,target,https://www.linkedin.com/jobs/view/4414441519
2026-09-22,li,GovTech Singapore,"Senior / Lead Designer, Students Mission (MOE)",,,True,target,https://www.linkedin.com/jobs/view/4468490205
2026-09-22,li,Tapestry,"Senior Manager, Digital Product Management & AI","Singapore, Singapore",,True,below,https://www.linkedin.com/jobs/view/4411198723
2026-09-22,li,Tan Tock Seng Hospital,"Sr Manager, CHI - Kaizen Office","Singapore, Singapore",,False,below,https://www.linkedin.com/jobs/view/4469509437
2026-09-22,li,BIT Official,Head of Product Design,"Singapore, Singapore",,True,target,https://www.linkedin.com/jobs/view/4466647393
2026-09-22,li,Singapore Institute of Technology,Senior Professional Officer (& above) in UX / UI Design (IaaS Centre),"Singapore, Singapore",,True,below,https://www.linkedin.com/jobs/view/4414777840
2026-09-22,li,Airwallex,Director of Product Design - Developer Platform,"Singapore, Singapore",airwallex,False,target,https://www.linkedin.com/jobs/view/4363289951
2026-09-22,li,Singapore Airlines,Customer Experience - Senior Service Designer / Service Designer,"Singapore, Singapore",singapore-airlines,True,below,https://www.linkedin.com/jobs/view/4467190943
2026-09-22,li,ACRA - Accounting and Corporate Regulatory Authority,"[PDMD] Manager/Senior Manager, Product Design & Management Department","Singapore, Singapore",,True,below,https://www.linkedin.com/jobs/view/4457760937
2026-09-22,li,Singapore Post,"Senior Manager, Digital Product",,,True,below,https://www.linkedin.com/jobs/view/4467954113
2026-09-22,li,Thoughtworks,Lead Experience Designer,"Singapore, Singapore",,True,target,https://www.linkedin.com/jobs/view/4465765219
2026-09-22,li,"Ministry of Social and Family Development, Singapore (MSF)",Assistant Director (Service Archetype Lead),"Singapore, Singapore",,False,target,https://www.linkedin.com/jobs/view/4441431905
2026-09-22,li,Land Transport Authority (LTA) Singapore,"[LTA-TRO] SERVICE DESIGN SENIOR/ MANAGER, TRAFFIC & ROAD IT","Singapore, Singapore",,True,below,https://www.linkedin.com/jobs/view/4461577485
2026-09-22,li,Ministry of Defence of Singapore,Manager (Systems Development),"Singapore, Singapore",,False,below,https://www.linkedin.com/jobs/view/4444283159
2026-09-22,li,AvePoint,Senior UX Designer #379,,,True,below,https://www.linkedin.com/jobs/view/4384212562
2026-09-22,li,Maybank,Customer Growth & Engagement Lead (Deepen & Grow Customer Base),,maybank,False,target,https://www.linkedin.com/jobs/view/4468153999
2026-09-22,indeed,Nanyang Technological University,"Manager, Web Projects and Digital Experience","Nanyang Avenue, S00, SG",,False,below,https://sg.indeed.com/viewjob?jk=6bd2b063aeae3d26
2026-09-22,indeed,NTT SINGAPORE PTE. LTD.,Digital Product Owner (Banking Digital Channels) – Contract,"Toa Payoh, S00, SG",,True,below,https://sg.indeed.com/viewjob?jk=8479657b9c594ba9
2026-09-22,indeed,Sonova,Conversion Rate Optimisation (CRO) Lead,"Singapore, S00, SG",,False,target,https://sg.indeed.com/viewjob?jk=a3b045da9567a7f2
2026-09-22,indeed,SGX,"Intern - Business Management Transformation (Spring 2027, Jan to Jun)","Singapore, S00, SG",,False,below,https://sg.indeed.com/viewjob?jk=55da3de7b127214c
2026-09-22,indeed,NTT SINGAPORE PTE. LTD.,Product Owner - Contract,"Singapore, S00, SG",,True,below,https://sg.indeed.com/viewjob?jk=a0edb1d384940b6e
2026-09-22,indeed,Alpsoft Technologies Pte. Ltd.,Senior Business Analyst - Agile / Government Project,"Clementi, S00, SG",,False,below,https://sg.indeed.com/viewjob?jk=0e9ac4cdc5bd05a9
2026-09-22,indeed,OCBC,Product Designer,"Singapore, S00, SG",ocbc-bank,True,below,https://sg.indeed.com/viewjob?jk=8922c2c3a2a50063
2026-09-22,indeed,SECTION PTE. LTD.,Senior Business Analyst,"Little India, S00, SG",,False,below,https://sg.indeed.com/viewjob?jk=5c6521807deaee3a
2026-09-22,indeed,NCS,#EG AI Consultant Lead,"Singapore, S00, SG",,False,target,https://sg.indeed.com/viewjob?jk=43f69046b498f125
2026-09-22,indeed,Romulus Digital,Project Manager,"River Valley, S00, SG",,False,below,https://sg.indeed.com/viewjob?jk=c60b89faf7d5b66d
2026-09-22,indeed,Romulus Digital,Software Engineering Lead,"River Valley, S00, SG",,False,target,https://sg.indeed.com/viewjob?jk=cc0a34b45cb3bb02
2026-09-22,indeed,HI5 CONSULTING SOLUTIONS PTE LTD,Senior Salesforce Developer,SG,,False,below,https://sg.indeed.com/viewjob?jk=2b774559f43c3e67
2026-09-22,indeed,Visa,Sr. Client Consulting Manager (Transformation Specialist),"Downtown Core, S00, SG",visa,False,below,https://sg.indeed.com/viewjob?jk=2bfc1eb65faf010b
2026-09-22,indeed,HYPERSCAL SOLUTIONS PTE. LTD.,"Project Manager (Learning Space Technology Services) (3-year contract), IITS","Bugis, S00, SG",,False,below,https://sg.indeed.com/viewjob?jk=79242c2c55441e8a
2026-09-22,indeed,Vertical Institute,HR Business Partner,"Geylang, S00, SG",,False,below,https://sg.indeed.com/viewjob?jk=e5632e10397ab754
2026-09-22,indeed,Citi,"Front - End Developer, Assistant Vice President","Singapore, S00, SG",,False,target,https://sg.indeed.com/viewjob?jk=0969de7b8205bfa0
2026-09-22,indeed,Citi,"Front - End Developer, Assistant Vice President","Singapore, S00, SG",,False,target,https://sg.indeed.com/viewjob?jk=843e15052ce6d3ca
2026-09-22,indeed,Trinax Private Limited,Project Executive Intern,"Kallang, S00, SG",,False,below,https://sg.indeed.com/viewjob?jk=9f7f40c2b0c780b7
2026-09-22,indeed,Singapore Post,Principal UX Architect,"Singapore, S00, SG",,True,target,https://sg.indeed.com/viewjob?jk=06dad99eb79e7f5a
2026-09-22,indeed,Singapore Post,"Senior Manager, Digital Product","Singapore, S00, SG",,True,below,https://sg.indeed.com/viewjob?jk=bd3a1a0745e374b3
2026-09-22,li,Standard Chartered,"Associate Director, Mobile Capabilities",,standard-chartered,False,target,https://www.linkedin.com/jobs/view/4467357571
2026-09-22,li,Standard Chartered,"Director, Digital Assets",,standard-chartered,False,target,https://www.linkedin.com/jobs/view/4467342970
2026-09-22,li,The Hong Kong Jockey Club,"Deputy Executive Manager, Digital Experience and Innovation","Happy Valley, Hong Kong SAR",,False,below,https://www.linkedin.com/jobs/view/4469591051
2026-09-22,li,AIA Hong Kong and Macau,"Digital Experience, Senior Principal","Hong Kong, Hong Kong SAR",,False,target,https://www.linkedin.com/jobs/view/4466697148
2026-09-22,li,Alvarez & Marsal,"Senior Manager, Digital Product Owner – Financial Services","Central, Hong Kong SAR",,True,below,https://www.linkedin.com/jobs/view/4460340008
2026-09-22,li,BJAK,Product Lead - AI Neobank App,,,True,target,https://www.linkedin.com/jobs/view/4469109859
2026-09-22,li,Binance,"Senior Product Operation Manager, Binance Square","Hong Kong, Hong Kong SAR",,True,below,https://www.linkedin.com/jobs/view/4414472288
2026-09-22,li,WeLab Bank,"WeLab Bank - Senior Manager, Business Growth & Project Management – Digital Banking & Financial Services","Hong Kong, Hong Kong SAR",,False,below,https://www.linkedin.com/jobs/view/4440200690
2026-09-22,li,Doit,Product Lead - AI Stockbroking App,,,True,target,https://www.linkedin.com/jobs/view/4466657658
2026-09-22,li,Doit,Product Lead - AI Investing App,,,True,target,https://www.linkedin.com/jobs/view/4466660606
2026-09-22,li,BJAK,Product Lead - AI Investing,,,True,target,https://www.linkedin.com/jobs/view/4469112454
2026-09-22,li,AIA Hong Kong and Macau,"Customer Centricity, Senior Principal (Associate Director)","Hong Kong, Hong Kong SAR",,False,target,https://www.linkedin.com/jobs/view/4448091212
2026-09-22,li,OKX,"Product Director, Localisation & AI Evals","Hong Kong, Hong Kong SAR",,True,target,https://www.linkedin.com/jobs/view/4466828071
2026-09-22,li,Manulife,"Director, Product Proposition & Solutions","Hong Kong, Hong Kong SAR",,True,target,https://www.linkedin.com/jobs/view/4466832400
2026-09-22,li,Shangri-La Group,"Vice President, Family Experience","Hong Kong, Hong Kong SAR",,False,target,https://www.linkedin.com/jobs/view/4377571625
2026-09-22,li,ZA,Senior Marketing & Brand Manager,"Hong Kong, Hong Kong SAR",zalando,False,below,https://www.linkedin.com/jobs/view/4436527690
2026-09-22,li,Bank of China (Hong Kong),Customer Experience Manager / Deputy Customer Experience Manager,,,False,below,https://www.linkedin.com/jobs/view/4465719098
2026-09-22,li,CLSA,"Associate Director, Digital Product Operations, Wealth Management","Hong Kong, Hong Kong SAR",,True,target,https://www.linkedin.com/jobs/view/4454221504
2026-09-22,li,YesStyle.com,"Manager/Senior Manager, App Product and Growth Strategy","Hong Kong, Hong Kong SAR",,True,below,https://www.linkedin.com/jobs/view/4470230855
2026-09-22,indeed,iFAST Corporation,Human Resources Executive (TA-Focused),"Tsim Sha Tsui, KOW, HK",,False,below,https://hk.indeed.com/viewjob?jk=349e3841a902b633
2026-09-22,indeed,Mox Bank,"Marketing Manager, CRM and Performance Marketing",HK,,True,below,https://hk.indeed.com/viewjob?jk=98677d136b66a9f6
2026-09-22,li,Binance,"Senior Product Operation Manager, Binance Square","Taipei, Taipei City, Taiwan",,True,below,https://www.linkedin.com/jobs/view/4414470290
2026-09-22,li,Lenovo,Product Innovation Management,"Zhongshan District, Taipei City, Taiwan",,True,below,https://www.linkedin.com/jobs/view/4458662560
2026-09-22,li,BJAK,Product Lead - AI Neobank App,"Taipei City, Taiwan",,True,target,https://www.linkedin.com/jobs/view/4469119361
2026-09-22,li,BJAK,Product Lead - AI Investing,"Taipei City, Taiwan",,True,target,https://www.linkedin.com/jobs/view/4468895917
2026-09-22,li,Gate,Senior Product Manager (Trading),,,True,below,https://www.linkedin.com/jobs/view/4398996752
2026-09-22,li,Klook,"Senior Manager, Vertical Planning & Operations","Taipei City, Taiwan",,False,below,https://www.linkedin.com/jobs/view/4469168667
2026-09-22,li,BJAK,Product Lead - AI Stockbroking,"Taipei City, Taiwan",,True,target,https://www.linkedin.com/jobs/view/4469132268
2026-09-22,li,BJAK,Product Lead - AI Finance,"Taipei City, Taiwan",,False,target,https://www.linkedin.com/jobs/view/4469114295
2026-09-22,li,MoneyHero Group (Nasdaq: MNY),"Product Owner, Content and Web Operations","Taipei, Taipei City, Taiwan",,True,below,https://www.linkedin.com/jobs/view/4446536108
2026-09-22,li,BJAK,Business Unit Head - Wealth Management App,"Taiwan, Taiwan",,False,below,https://www.linkedin.com/jobs/view/4468601260
2026-09-22,li,Future Lab 未來實驗室,營運增長主管 Growth Lead（CGO 儲備戰力）,"Zhongshan District, Taipei City, Taiwan",,False,target,https://www.linkedin.com/jobs/view/4466822753
2026-09-22,li,Doit,Head of Strategy and Product,"Taipei City, Taipei City, Taiwan",,True,target,https://www.linkedin.com/jobs/view/4466838104
2026-09-22,li,Gamania Digital Entertainment,Operations Manager,"Taipei City, Taiwan",,False,below,https://www.linkedin.com/jobs/view/4467952212
2026-09-22,li,ASML,CS - HMI Group Lead  (tsmc team2) - Hsinchu,,asml,False,target,https://www.linkedin.com/jobs/view/4431369381
2026-09-22,li,BJAK,Business Unit Head - AI Payments App,"Taiwan, Taiwan",,False,below,https://www.linkedin.com/jobs/view/4467711472
2026-09-22,li,Novo Nordisk,E-health & Patient Ecosystem Manager I-Taipei,"Taipei, Taipei City, Taiwan",,False,below,https://www.linkedin.com/jobs/view/4465200925
2026-09-22,li,Coupang,Senior Product Manager,"Taipei, Taipei City, Taiwan",coupang,True,below,https://www.linkedin.com/jobs/view/4465495700
2026-09-22,li,Chubb,【安達產險】E-Commerce & Digital Solution Supervisor,"Taipei City, Taiwan",,False,below,https://www.linkedin.com/jobs/view/4408850076
2026-09-22,li,Coupang,"Principal, Product Management (Search & Discovery - Taiwan)","Taipei, Taipei City, Taiwan",coupang,True,target,https://www.linkedin.com/jobs/view/4470262133
2026-09-22,li,Rakuten,"Creative Director B2B Creative Web Design Group - Marketing Section , Corporate Business Marketing Department , Group Sales Division(GSD)","Tokyo, Tokyo, Japan",rakuten,False,target,https://www.linkedin.com/jobs/view/4414919625
2026-09-22,li,Tapestry,"Director, Digital COE Lead, North Asia","Minato-ku, Aichi, Japan",,False,target,https://www.linkedin.com/jobs/view/4411509190
2026-09-22,li,WPP,"WPP Production | Interactive Project Director, Japan","Tokyo, Tokyo, Japan",,False,target,https://www.linkedin.com/jobs/view/4441612111
2026-09-22,li,Avanade,"Manager, UX Design","Tokyo, Tokyo, Japan",,True,below,https://www.linkedin.com/jobs/view/4448718964
2026-09-22,li,Accenture Japan,エクスペリエンス マネジメント / Experience management_管理職_Song,"Tokyo, Tokyo, Japan",accenture,False,below,https://www.linkedin.com/jobs/view/4434344119
2026-09-22,li,MSD,Experience Design Strategist,"Tokyo, Tokyo, Japan",,True,below,https://www.linkedin.com/jobs/view/4448749824
2026-09-22,li,Accenture Japan,エクスペリエンス マネジメント / Experience management_Song,"Tokyo, Tokyo, Japan",accenture,False,below,https://www.linkedin.com/jobs/view/4434328822
2026-09-22,li,株式会社ギークリー（GEEKLY）,NCDC株式会社 DXコンサルタント（マネージャー／シニアレベル）(231262),"Chiyoda, Tokyo, Japan",,False,below,https://www.linkedin.com/jobs/view/4468882946
2026-09-22,li,EY,【TC-Digital Engineering】カスタマーテクノロジーコンサルタント／CX変革コンサルタント,"Chiyoda, Tokyo, Japan",moneyfarm,False,below,https://www.linkedin.com/jobs/view/4242867874
2026-09-22,li,EY,【TC-Digital Engineering】カスタマーテクノロジーコンサルタント／CX変革コンサルタント,"Osaka, Osaka, Japan",moneyfarm,False,below,https://www.linkedin.com/jobs/view/4242865929
2026-09-22,li,BJAK,Product Lead - AI Neobank App,"Tokyo, Japan",,True,target,https://www.linkedin.com/jobs/view/4469114880
2026-09-22,li,doda (デューダ),【Web・UIディレクター】プライムSler／大型プロジェクトの開発を経験◆年休125日／週4在宅可,"Tokyo, Tokyo, Japan",,False,below,https://www.linkedin.com/jobs/view/4468673449
2026-09-22,li,Woven by Toyota,シニアクリエイティブストラテジー & UXデザイナー・Energy Products,"Chiyoda, Tokyo, Japan",toyota,False,below,https://www.linkedin.com/jobs/view/4448028643
2026-09-22,li,HARMAN International,UXUI Design Manager,"Tokyo, Tokyo, Japan",,True,below,https://www.linkedin.com/jobs/view/4438080555
2026-09-22,li,Hitachi,【3104】社会課題解決に向けた社会インフラDXをリードするデザイナー[Assistant Manager],"Tokyo, Tokyo, Japan",,False,below,https://www.linkedin.com/jobs/view/4465012138
2026-09-22,li,Mastercard,Product Innovation Manager: Product Strategist / Facilitator,"Tokyo, Tokyo, Japan",mastercard,True,below,https://www.linkedin.com/jobs/view/4455825782
2026-09-22,li,Good Maven,Head of Design,"Tokyo, Japan",,True,target,https://www.linkedin.com/jobs/view/4409287414
2026-09-22,li,Aquent,プロダクト・UI/UXデザイナー_マネージャー・マネージャー候補　　出社/在宅ワークのハイブリット型就業！家庭用および医療用健康機器の開発・販売企業 [AQ-18863],"Kyoto, Japan",,True,below,https://www.linkedin.com/jobs/view/4468573707
2026-09-22,li,Aquent,UIUXデザイナー マネージャー候補　　コスメ・美容に興味のある方おすすめ！国内最大級のコスメ・美容総合サイト運営企業 [AQ-18873],"Tokyo, Tokyo, Japan",,False,below,https://www.linkedin.com/jobs/view/4468579528
2026-09-22,li,doda (デューダ),UIUXディレクター◆大手新卒就活サイト◆課題解決のためのプランニングなど◆リモート可,"Tokyo, Tokyo, Japan",,False,below,https://www.linkedin.com/jobs/view/4467677696
2026-09-22,indeed,株式会社SUPER STUDIO,【10月31日(土)開催!1day選考会】DXコンサルタント,"下目黒, JPC, JP",,False,below,https://jp.indeed.com/viewjob?jk=46f68dffab972dc9
2026-09-22,indeed,METATEAM株式会社,管理職採用/業務・ITコンサルタント/成長フェーズ企業のコアメンバーへ/2022年コンサル部門設立/ITコンサルタント/東京都/正社員,"南青山, JPC, JP",,False,below,https://jp.indeed.com/viewjob?jk=cd8986e5a4f30352
2026-09-22,li,ActAI,Creative Director,"Seoul, South Korea",,False,target,https://www.linkedin.com/jobs/view/4468718385
2026-09-22,li,CJ OLIVE YOUNG,Product Designer (팀장급),"Seoul, Seoul, South Korea",,True,below,https://www.linkedin.com/jobs/view/4450014832
2026-09-22,li,BJAK,Product Lead - AI Neobank App,"Seoul, South Korea",,True,target,https://www.linkedin.com/jobs/view/4469129002
2026-09-22,li,BJAK,Product Lead - AI Investing,"Seoul, South Korea",,True,target,https://www.linkedin.com/jobs/view/4468899684
2026-09-22,li,CJ OLIVE YOUNG,Product Manager - Commerce Display,"Seoul, Seoul, South Korea",,True,below,https://www.linkedin.com/jobs/view/4404080131
2026-09-22,li,CJ ENM ENTERTAINMENT DIV.,[CJ ENM] Mnet Plus Product Design Part Lead_경력채용,"Seoul, Seoul, South Korea",,True,below,https://www.linkedin.com/jobs/view/4347557580
2026-09-22,li,SpoonLabs,Product Manager,"Gangnam District, Seoul, South Korea",,True,below,https://www.linkedin.com/jobs/view/4467182475
2026-09-22,li,Richemont,Digital Technology Director,"Seoul, Seoul, South Korea",,False,target,https://www.linkedin.com/jobs/view/4457936084
2026-09-22,li,Levit 레브잇 (Alwayz 올웨이즈),Product Owner,"Seoul, South Korea",,True,below,https://www.linkedin.com/jobs/view/4466826956
2026-09-22,li,MUSINSA 무신사,Product Manager (앱테크),"Seoul, Seoul, South Korea",,True,below,https://www.linkedin.com/jobs/view/4448822483
2026-09-22,li,더크리스피 - The Crispy Inc.,크러쉬팝(캐릭터AI챗) PO / Product Lead 채용,"Seoul, South Korea",,True,target,https://www.linkedin.com/jobs/view/4465215232
2026-09-22,li,Makro PRO,Senior Manager- Product Owner,,,True,below,https://www.linkedin.com/jobs/view/4383502666
2026-09-22,li,KRAFTON Inc.,[AI Frontier Div.] Game Product Owner (7년 이상),"Seoul, Seoul, South Korea",,True,below,https://www.linkedin.com/jobs/view/4439051998
2026-09-22,li,Next Securities,UX Design Lead,"Seoul, South Korea",,True,target,https://www.linkedin.com/jobs/view/4470269842
2026-09-22,li,Next Securities,BX Design Lead,"Seoul, South Korea",,True,target,https://www.linkedin.com/jobs/view/4470269852
2026-09-22,li,42dot,Connect Product Portfolio Governance Team Lead,"Seongnam, Gyeonggi, South Korea",,True,target,https://www.linkedin.com/jobs/view/4457330840
2026-09-22,li,42dot,Senior Product Designer (Connect),"Seongnam, Gyeonggi, South Korea",,True,below,https://www.linkedin.com/jobs/view/4442729368
2026-09-22,li,Doit,Product Lead - AI Neobank App,,,True,target,https://www.linkedin.com/jobs/view/4468505157
2026-09-22,li,Doit,Product Lead - AI Stockbroking App,,,True,target,https://www.linkedin.com/jobs/view/4468502260
2026-09-22,li,Riot Games,Regional Publishing Product Lead - Riftbound,"Seoul, South Korea",,True,target,https://www.linkedin.com/jobs/view/4468521954
2026-09-22,indeed,StudioXID,Account Manager,"봉은사로, 11, KR",,False,below,https://kr.indeed.com/viewjob?jk=9548cb3c661f2f7a
2026-09-22,li,Auckland Council,Product Owner Web & Digital Experience,"Auckland, Auckland, New Zealand",,True,below,https://www.linkedin.com/jobs/view/4468471940
2026-09-22,li,Heropa,Head of Product,,,True,target,https://www.linkedin.com/jobs/view/4468707791
2026-09-22,li,PwC New Zealand,Customer Transformation – CX & Service Design – Associate Director,"Auckland, Auckland, New Zealand",,True,target,https://www.linkedin.com/jobs/view/4468855198
2026-09-22,li,Vista,Senior Product Designer,"Auckland, Auckland, New Zealand",,True,below,https://www.linkedin.com/jobs/view/4468853488
2026-09-22,li,Vista Group,Senior Product Designer,"Auckland, Auckland, New Zealand",,True,below,https://www.linkedin.com/jobs/view/4468862515
2026-09-22,li,Air New Zealand,Senior Manager - Customer Lifecycle Marketing (Chapter Lead),"Auckland, Auckland, New Zealand",,False,target,https://www.linkedin.com/jobs/view/4468861380
2026-09-22,li,Kiwibank,Main Bank Growth Manager,"Wellington, Wellington, New Zealand",kiwibank,False,below,https://www.linkedin.com/jobs/view/4467822829
2026-09-22,li,Fisher & Paykel Appliances,Head of Digital Product Engineering,"Auckland, Auckland, New Zealand",,False,target,https://www.linkedin.com/jobs/view/4458920299
2026-09-22,li,PwC New Zealand,Customer Transformation - Expressions of interest,"Auckland, New Zealand",,False,below,https://www.linkedin.com/jobs/view/4467580672
2026-09-22,li,NZ Transport Agency Waka Kotahi,Manager Customer Relations,"Wellington, Wellington, New Zealand",,False,below,https://www.linkedin.com/jobs/view/4467143137
2026-09-22,li,NZ Transport Agency Waka Kotahi,Manager Customer Relations,"Palmerston North, Manawatū-Whanganui, New Zealand",,False,below,https://www.linkedin.com/jobs/view/4467143136
2026-09-22,li,Generate KiwiSaver Scheme,Senior Product Manager,"Auckland, Auckland, New Zealand",,True,below,https://www.linkedin.com/jobs/view/4459604730
2026-09-22,li,PwC New Zealand,Customer Transformation - Expressions of interest,"Auckland, Auckland, New Zealand",,False,below,https://www.linkedin.com/jobs/view/4468349065
2026-09-22,li,NZ Transport Agency Waka Kotahi,Manager Customer Relations,"Hamilton, Waikato, New Zealand",,False,below,https://www.linkedin.com/jobs/view/4467138235
2026-09-22,li,NZ Transport Agency Waka Kotahi,Manager Customer Relations,"Auckland, Auckland, New Zealand",,False,below,https://www.linkedin.com/jobs/view/4467127997
2026-09-22,li,Auckland Council,Practice Managers,"Auckland, Auckland, New Zealand",,False,below,https://www.linkedin.com/jobs/view/4466816987
2026-09-22,li,PwC New Zealand,Customer Transformation - Expressions of interest,"Wellington, New Zealand",,False,below,https://www.linkedin.com/jobs/view/4467115385
2026-09-22,li,Halter,Head of Creative Design,"Auckland, New Zealand",,True,target,https://www.linkedin.com/jobs/view/4466178091
2026-09-22,li,Kernel,Lead Product Designer,"Auckland, Auckland, New Zealand",,True,target,https://www.linkedin.com/jobs/view/4465768518
2026-09-22,li,Orah,Product Design Manager,"Auckland, New Zealand",,True,below,https://www.linkedin.com/jobs/view/4470261122
2026-09-22,indeed,Pushpay,Senior Full Stack Software Engineer,"Auckland City, N, NZ",,False,below,https://nz.indeed.com/viewjob?jk=ff90a921695bd1ed
2026-09-22,indeed,Auckland Council,Product Owner Web & Digital Experience,"Auckland City, N, NZ",,True,below,https://nz.indeed.com/viewjob?jk=d1afbe4f9cbf3320
2026-09-22,indeed,New Zealand Red Cross,Web Channel and Development Lead,"Wellington City, N, NZ",,False,target,https://nz.indeed.com/viewjob?jk=0c4c00fc884b1957
2026-09-22,li,AustralianSuper,Lead Product Designer,"Melbourne, Victoria, Australia",,True,target,https://www.linkedin.com/jobs/view/4468497843
2026-09-22,li,Xero,"Senior Manager, Web Strategy","Melbourne, Victoria, Australia",xero,True,below,https://www.linkedin.com/jobs/view/4441301705
2026-09-22,li,Commonwealth Bank,Chapter Lead - Brand Strategy - 12 month contract,"Sydney, New South Wales, Australia",commonwealth-bank-of-australia,True,target,https://www.linkedin.com/jobs/view/4469841541
2026-09-22,li,Airwallex,Staff Product Designer,"Melbourne, Victoria, Australia",airwallex,True,target,https://www.linkedin.com/jobs/view/4143796007
2026-09-22,li,University of Wollongong,"Senior Manager, Digital Experience","Wollongong, New South Wales, Australia",,False,below,https://www.linkedin.com/jobs/view/4468850520
2026-09-22,li,MacKillop Family Services,Innovation Lead | McAuley Community Services for Women,"Footscray, Victoria, Australia",,False,target,https://www.linkedin.com/jobs/view/4466675202
2026-09-22,li,Cardinia Shire Council,Customer Experience Functional Lead,"Officer, Victoria, Australia",,False,target,https://www.linkedin.com/jobs/view/4464475667
2026-09-22,li,Visa,Senior Client Consulting Manager - Visa Consulting & Analytics (VCA) - Sydney or Melbourne,"Sydney, New South Wales, Australia",visa,False,below,https://www.linkedin.com/jobs/view/4432535126
2026-09-22,li,NGS Super,"Senior Manager, Digital Experience","Sydney, New South Wales, Australia",,False,below,https://www.linkedin.com/jobs/view/4464863079
2026-09-22,li,Teachers Health,"Digital, CRO and Experimentation Lead","Sydney, New South Wales, Australia",,False,target,https://www.linkedin.com/jobs/view/4468838803
2026-09-22,li,Australian Red Cross Lifeblood,Employee Experience Design Lead,"West Melbourne, Victoria, Australia",,True,target,https://www.linkedin.com/jobs/view/4468818781
2026-09-22,li,RACV,"Senior Digital Product Owner, Website","Melbourne, Victoria, Australia",,True,below,https://www.linkedin.com/jobs/view/4467113834
2026-09-22,li,Jobgether,Head of UX/UI,,,True,target,https://www.linkedin.com/jobs/view/4466848993
2026-09-22,li,Mable,"Senior Manager, Digital Experience","Sydney, New South Wales, Australia",,False,below,https://www.linkedin.com/jobs/view/4453496762
2026-09-22,li,Transport for NSW,Director Customer Experience Design,"Kirribilli, New South Wales, Australia",,True,target,https://www.linkedin.com/jobs/view/4467941703
2026-09-22,li,Spotlight Retail Group (SRG),Customer Experience Manager,"South Melbourne, Victoria, Australia",,False,below,https://www.linkedin.com/jobs/view/4465963353
2026-09-22,li,Canva,Head of Product Design - Growth,"Sydney, New South Wales, Australia",,True,target,https://www.linkedin.com/jobs/view/4439789653
2026-09-22,li,Kia Australia Pty Ltd,General Manager of Digital & Customer Experience,"Macquarie Park, New South Wales, Australia",,False,below,https://www.linkedin.com/jobs/view/4466143314
2026-09-22,li,DFP Recruitment,Lead UXUI Designers,"Sydney, New South Wales, Australia",,True,target,https://www.linkedin.com/jobs/view/4468183568
2026-09-22,li,Deloitte,"Lead Director, AI Design Technology","Sydney, New South Wales, Australia",,True,target,https://www.linkedin.com/jobs/view/4470279042
2026-09-22,indeed,Leidos,Business Analyst,"Melbourne, VIC, AU",,False,below,https://au.indeed.com/viewjob?jk=34f733908d8779b4
2026-09-22,indeed,NCS,Product Manager (Identity Verification),"Sydney, NSW, AU",,True,below,https://au.indeed.com/viewjob?jk=cbc00fadfc9e8dc3
2026-09-22,indeed,NCS,Product Manager (Authentication),"Sydney, NSW, AU",,True,below,https://au.indeed.com/viewjob?jk=0de41b446bb2c252
2026-09-22,indeed,Department of Education,Senior Analyst - UX Lead,"Melbourne City Centre, VIC, AU",,False,target,https://au.indeed.com/viewjob?jk=dc1295b0a79599bc
2026-09-22,indeed,Victorian Government,Senior Analyst - UX Lead,"Melbourne, VIC, AU",,False,target,https://au.indeed.com/viewjob?jk=e7d26ff26d286342
2026-09-22,indeed,Blueberry,Senior Software Engineer,"Sydney, NSW, AU",,False,below,https://au.indeed.com/viewjob?jk=0bce49bb14337184
2026-09-22,indeed,Sitemate,Senior Full Stack Engineer - Hybrid,"Melbourne, VIC, AU",,False,below,https://au.indeed.com/viewjob?jk=a40fb4520f3d0de7
2026-09-22,indeed,Sitemate,Senior Full Stack Engineer - Hybrid,"Sydney, NSW, AU",,False,below,https://au.indeed.com/viewjob?jk=e55860e6eda26274
2026-09-22,indeed,RACV,Senior Digital Product Owner - Website,"Melbourne, VIC, AU",,True,below,https://au.indeed.com/viewjob?jk=43837e9b11edf591
2026-09-22,indeed,Globant,".Net Developer, Architect","NSW, AU",,False,below,https://au.indeed.com/viewjob?jk=c54b07a0d80a0f87
2026-09-22,li,Cyient,Senior Service Designer,"North Holland, Netherlands",,True,below,https://www.linkedin.com/jobs/view/4467603068
2026-09-22,li,Kramp,Head of Product – Buying Journey,"Utrecht, Utrecht, Netherlands",,True,target,https://www.linkedin.com/jobs/view/4469879352
2026-09-22,li,Kramp,Head of Product – Buying Journey,"Varsseveld, Gelderland, Netherlands",,True,target,https://www.linkedin.com/jobs/view/4469868771
2026-09-22,li,Kraft Heinz,"Service Experience Manager, Global","Amsterdam, North Holland, Netherlands",,False,below,https://www.linkedin.com/jobs/view/4432900597
2026-09-22,li,Secfi,Lead Product Designer,"Amsterdam, North Holland, Netherlands",,True,target,https://www.linkedin.com/jobs/view/4457344632
2026-09-22,li,Netprofiler,Innovation and Product Director - Search,"Amsterdam, North Holland, Netherlands",,True,target,https://www.linkedin.com/jobs/view/4469147163
2026-09-22,li,Het Nederlandse Rode Kruis,Senior Strategic Service designer,"The Hague, South Holland, Netherlands",,True,below,https://www.linkedin.com/jobs/view/4466616479
2026-09-22,li,ANWB,Product Owner Digitaal Samenwerken,"The Hague, South Holland, Netherlands",,True,below,https://www.linkedin.com/jobs/view/4469156056
2026-09-22,li,MediaMarkt Benelux,CRO Manager,"Rotterdam, South Holland, Netherlands",,False,below,https://www.linkedin.com/jobs/view/4420126401
2026-09-22,li,BJAK,Product Lead - AI Neobank App,,,True,target,https://www.linkedin.com/jobs/view/4469107889
2026-09-22,li,VodafoneZiggo,Chapter Lead Customer Journey & Experience,"Utrecht, Utrecht, Netherlands",vodafone,False,target,https://www.linkedin.com/jobs/view/4466283670
2026-09-22,li,Booking.com,Senior Quantitative Research Manager,"Amsterdam, North Holland, Netherlands",booking-com,True,below,https://www.linkedin.com/jobs/view/4459603241
2026-09-22,li,MR MARVIS,Senior UX Designer,"Amsterdam, North Holland, Netherlands",,True,below,https://www.linkedin.com/jobs/view/4468371922
2026-09-22,li,Jobgether,Mockup Design Team Manager,,,True,below,https://www.linkedin.com/jobs/view/4467557511
2026-09-22,li,Jobgether,Head of UX/UI,,,True,target,https://www.linkedin.com/jobs/view/4466876004
2026-09-22,li,Wrike,Group Product Manager [Klaxoon],"Amsterdam, North Holland, Netherlands",,True,target,https://www.linkedin.com/jobs/view/4440394739
2026-09-22,li,iO,Digital Projectmanager,"Den Bosch, North Brabant, Netherlands",fidelity-international,False,below,https://www.linkedin.com/jobs/view/4149008806
2026-09-22,li,ANWB,Chapter Lead Product Delivery,"The Hague, South Holland, Netherlands",,True,target,https://www.linkedin.com/jobs/view/4403476382
2026-09-22,li,Brivo,Senior Product Manager,"Amsterdam, North Holland, Netherlands",,True,below,https://www.linkedin.com/jobs/view/4464778860
2026-09-22,li,Voodoo,Product Lead - Portfolio Midcore Games,"Amsterdam, North Holland, Netherlands",,True,target,https://www.linkedin.com/jobs/view/4430907645
2026-09-22,indeed,Catawiki,Frontend Engineer,"Amsterdam, NH, NL",,False,below,https://nl.indeed.com/viewjob?jk=b82bd1f5a597817d
2026-09-22,indeed,Lefebvre Sdu,Senior Product Owner,"Den Haag, ZH, NL",,True,below,https://nl.indeed.com/viewjob?jk=066989be92b8b6e9
2026-09-22,indeed,Fill you In,Business Analist,"Den Haag, ZH, NL",,False,below,https://nl.indeed.com/viewjob?jk=01d0995e7d523b8c
2026-09-22,indeed,Fill you In,Business Analist,"Den Haag, ZH, NL",,False,below,https://nl.indeed.com/viewjob?jk=8f9512df37126803
2026-09-22,indeed,TOPdesk,Senior UX Researcher,"Delft, ZH, NL",,True,below,https://nl.indeed.com/viewjob?jk=adca65d7c07d85e3
2026-09-22,indeed,Dyflexis,Senior Graphic Designer,"Den Haag, ZH, NL",,True,below,https://nl.indeed.com/viewjob?jk=79c93b4ab93d2bae
2026-09-22,indeed,Hewlett Packard Enterprise | HPE,Senior Network Engineer,"Schiphol, NH, NL",,False,below,https://nl.indeed.com/viewjob?jk=4d247171907a42cf
2026-09-22,indeed,WorkFlex International,Senior UI/UX Designer,"Amsterdam Zuid, NH, NL",,True,below,https://nl.indeed.com/viewjob?jk=37885c1bc2763e0c
2026-09-22,li,ghd,Head of Ecommerce,"Florence, Italy Metropolitan Area",,False,target,https://www.linkedin.com/jobs/view/4469861212
2026-09-22,li,Prada Group,Digital Applications Product Manager,"Milan, Lombardy, Italy",,True,below,https://www.linkedin.com/jobs/view/4449751849
2026-09-22,li,Michael Page,E-Commerce Manager - Pneumatici (Brescia),"Brescia, Lombardy, Italy",,False,below,https://www.linkedin.com/jobs/view/4466666462
2026-09-22,li,Pennylane,Senior Design Manager,"Rome, Latium, Italy",,True,below,https://www.linkedin.com/jobs/view/4468691491
2026-09-22,li,EY,Manager Product Design & Blueprint Engineering,"Milan, Lombardy, Italy",moneyfarm,False,below,https://www.linkedin.com/jobs/view/4448435095
2026-09-22,li,EY,Manager Product Design & Blueprint Engineering,"Rome, Latium, Italy",moneyfarm,False,below,https://www.linkedin.com/jobs/view/4448416860
2026-09-22,li,Dr. Schär,Head of Global Digital Data & Platforms,"Postal, Trentino-Alto Adige, Italy",,False,target,https://www.linkedin.com/jobs/view/4468636957
2026-09-22,li,Blossom,Senior Art Director,"Milan, Lombardy, Italy",,False,target,https://www.linkedin.com/jobs/view/4468634659
2026-09-22,li,Toptal,Senior Product Manager,,,True,below,https://www.linkedin.com/jobs/view/4448663985
2026-09-22,li,Jobgether,Head of UX/UI,,,True,target,https://www.linkedin.com/jobs/view/4466852960
2026-09-22,li,Intermedia Selection,Head of Product,"Lombardy, Italy",,True,target,https://www.linkedin.com/jobs/view/4465989640
2026-09-22,li,Jobgether,Head of Product,,,True,target,https://www.linkedin.com/jobs/view/4466837140
2026-09-22,li,ADP,"Director, Product Management","Milan, Lombardy, Italy",,True,target,https://www.linkedin.com/jobs/view/4436649814
2026-09-22,li,LHH,Responsabile Marketing & Digital Transformation,"Bologna, Emilia-Romagna, Italy",,False,below,https://www.linkedin.com/jobs/view/4467701992
2026-09-22,li,Mollie,Senior Product Delivery Manager -  Onboarding,"Milan, Lombardy, Italy",mollie,True,below,https://www.linkedin.com/jobs/view/4458218299
2026-09-22,li,South Pole,Digital Product Owner,"Florence, Tuscany, Italy",,True,below,https://www.linkedin.com/jobs/view/4438817940
2026-09-22,li,ABB,E-commerce Marketplace Lead,"Bergamo, Lombardy, Italy",tabby,False,target,https://www.linkedin.com/jobs/view/4465104615
2026-09-22,li,Assist Digital,Digital Marketing Manager,,,True,below,https://www.linkedin.com/jobs/view/4468554326
2026-09-22,li,Ariston Group,FRONT-END SUB-CHAPTER LEAD,"Milan, Lombardy, Italy",,False,target,https://www.linkedin.com/jobs/view/4469913147
2026-09-22,li,Assist Digital,Consulting Manager,,,False,below,https://www.linkedin.com/jobs/view/4468546680
2026-09-22,indeed,Contentsquare,Senior Strategic Consultant Professional Services,IT,,False,below,https://it.indeed.com/viewjob?jk=126a330786af0f85
2026-09-22,indeed,Bluserena Hotels & Resorts,Digital Marketing Manager (m/f/d),"Pescara, ABR, IT",,True,below,https://it.indeed.com/viewjob?jk=17185e9b42c66db2
2026-09-22,li,Schneider Electric,"Senior Manager, Innovation and Technology Management","Grenoble, Auvergne-Rhône-Alpes, France",,False,below,https://www.linkedin.com/jobs/view/4468759686
2026-09-22,li,Schneider Electric,"Senior Manager, Innovation and Technology Management","Rueil-Malmaison, Île-de-France, France",,False,below,https://www.linkedin.com/jobs/view/4468747845
2026-09-22,li,leboncoin,Product Designer - (N/F/H),"Paris, Île-de-France, France",,True,below,https://www.linkedin.com/jobs/view/4416663256
2026-09-22,li,Pennylane,Senior Design Manager,"Paris, Île-de-France, France",,True,below,https://www.linkedin.com/jobs/view/4468696402
2026-09-22,li,Pennylane,Senior Design Manager,,,True,below,https://www.linkedin.com/jobs/view/4468690424
2026-09-22,li,Malt,Head of Product Design,"Paris, Île-de-France, France",,True,target,https://www.linkedin.com/jobs/view/4457963203
2026-09-22,li,L'OCCITANE Group (B Corp),CDI - Senior E-Commerce Experience & CRO Leader F/H - Erborian,"Paris, Île-de-France, France",,False,below,https://www.linkedin.com/jobs/view/4468642735
2026-09-22,li,Interflora France,Senior Customer Journey & Process Excellence Manager H/F,"Lyon, Auvergne-Rhône-Alpes, France",,False,below,https://www.linkedin.com/jobs/view/4466290595
2026-09-22,li,ATH Medical,Head of Product & Adoption H/F,"Boulogne-Billancourt, Île-de-France, France",,True,target,https://www.linkedin.com/jobs/view/4467573096
2026-09-22,li,Jobgether,Head of UX/UI,,,True,target,https://www.linkedin.com/jobs/view/4466868095
2026-09-22,li,Pigment,Lead Product Designer - Agentic AI,,,True,target,https://www.linkedin.com/jobs/view/4426339289
2026-09-22,li,XTB online investing,Head of Virality & Customer Engagement,"Paris, Île-de-France, France",,False,target,https://www.linkedin.com/jobs/view/4468207259
2026-09-22,li,Louis Vuitton,Lead Digital Designer – Expériences transactionnelles & Services omnicanaux (F/H),"Paris, Île-de-France, France",,True,target,https://www.linkedin.com/jobs/view/4458205266
2026-09-22,li,STATION F,PRODUCT DESIGN LEAD,"Saint-Ouen, Centre-Val de Loire, France",,True,target,https://www.linkedin.com/jobs/view/4465765437
2026-09-22,li,Pigment,Design Manager,"Lacaussade, Nouvelle-Aquitaine, France",,True,below,https://www.linkedin.com/jobs/view/4467268704
2026-09-22,li,NEXTON,Product Designer Senior H/F,"Lille, Hauts-de-France, France",,True,below,https://www.linkedin.com/jobs/view/4467604665
2026-09-22,li,L'Oréal,Product Design Lead,"St.-Ouen, Île-de-France, France",,True,target,https://www.linkedin.com/jobs/view/4459794138
2026-09-22,li,Saegus,Senior Manager - Agile & Innovation Consulting,,,False,below,https://www.linkedin.com/jobs/view/4320672477
2026-09-22,li,Saegus,Directeur/Directrice - Design & Développement Digital,"Paris, Île-de-France, France",,True,below,https://www.linkedin.com/jobs/view/4224668606
2026-09-22,indeed,Ruby Labs,CRO Manager,"Eu, N, FR",,False,below,https://fr.indeed.com/viewjob?jk=25236b798083290f
2026-09-22,indeed,Ruby Labs,CRO Manager,"GE, FR",,False,below,https://fr.indeed.com/viewjob?jk=57d8aec8720046d4
2026-09-22,indeed,Solocal,[Alternance] UX Researcher H/F,"Boulogne-Billancourt, A8, FR",,True,below,https://fr.indeed.com/viewjob?jk=d8aac099eb394ef4
2026-09-22,indeed,Ekimetrics,Stage de 6 mois UX/UI Designer (H/F/N) – PARIS,"Paris, A8, FR",,True,below,https://fr.indeed.com/viewjob?jk=a3b5207ecadda074
2026-09-22,indeed,IT Link,UX designer Senior (F/H/X),"Lyon, ARA, FR",,True,below,https://fr.indeed.com/viewjob?jk=fca626b1b8baa885
2026-09-22,indeed,Schneider Electric,Responsable senior innovation et gestion technologique,"Grenoble, ARA, FR",,False,below,https://fr.indeed.com/viewjob?jk=34ae5cb04450ade8
2026-09-22,indeed,Schneider Electric,"Senior Manager, Innovation and Technology Management","Grenoble, ARA, FR",,False,below,https://fr.indeed.com/viewjob?jk=31b777c7fc72909a
2026-09-22,indeed,Smile,Product Designer Sénior (H/F) - Lyon,"Villeurbanne, ARA, FR",,True,below,https://fr.indeed.com/viewjob?jk=5402de54dc85fbde
2026-09-22,indeed,Airbus,Stage 2027 Design Industriel – Conception de Cabines d'Avion (f/h),"Toulouse, O, FR",,True,below,https://fr.indeed.com/viewjob?jk=a8cbf39cab09cc6e
2026-09-22,indeed,ADEQUASYS,Développeur Full Stack H/F,"Romans-sur-Isère, ARA, FR",,False,below,https://fr.indeed.com/viewjob?jk=cbc2f091807fbd69
2026-09-22,indeed,StratNXT,Consultant CRO,"Paris, A8, FR",,False,below,https://fr.indeed.com/viewjob?jk=b62a8a2401b2acab
2026-09-22,indeed,OVHcloud,Senior Design Engineer H/F/N,"Roubaix, HDF, FR",,True,below,https://fr.indeed.com/viewjob?jk=861fd02e8d205746
2026-09-22,indeed,AssessFirst,Senior Product Designer,"Paris, A8, FR",,True,below,https://fr.indeed.com/viewjob?jk=f1928f75474789d9
2026-09-22,indeed,DATAIKU,Associate UX Designer,"Paris, A8, FR",,True,below,https://fr.indeed.com/viewjob?jk=807fc2714d1eb5a0
2026-09-22,indeed,Randstad,architecte si junior (h/f) - cdi - île-de-france,"Issy-les-Moulineaux, A8, FR",,False,below,https://fr.indeed.com/viewjob?jk=4aa00fad9eff2861
2026-09-22,indeed,Sandvik,Product Director - Metrology Software,"Montbonnot-Saint-Martin, ARA, FR",,True,target,https://fr.indeed.com/viewjob?jk=4287a552ab1a7fd8
2026-09-22,indeed,Randstad,senior account manager cdi - toulouse h/f,"Toulouse, O, FR",,False,below,https://fr.indeed.com/viewjob?jk=5118af348b862ad3
2026-09-22,indeed,Sopra Steria,Ingénieur Analytics Senior - Sopra Steria Next - IDF,"Courbevoie, A8, FR",,False,below,https://fr.indeed.com/viewjob?jk=6a72e303b06b071d
2026-09-22,indeed,,Tech Lead front et maîtrise UX - Paris/Lille (IT) / Freelance,"Paris, A8, FR",,True,target,https://fr.indeed.com/viewjob?jk=185083f71b6042d8
2026-09-22,indeed,Groupe Talents Handicap,SAP S/4HANA Project Manager & Consultant(e)s – SAP Excellence Center Paris – Ile-de-France,"Nanterre, A8, FR",,False,below,https://fr.indeed.com/viewjob?jk=e52be5038304fb2a
2026-09-22,li,Silicon Luxembourg,"Head of After-Market Services Returns & Remedies, EU FBA","Luxembourg, Luxembourg, Luxembourg",,False,target,https://www.linkedin.com/jobs/view/4469512497
2026-09-22,li,Amazon,"Head of After-Market Services Returns & Remedies, EU FBA","Luxembourg, Luxembourg, Luxembourg",amazon,False,target,https://www.linkedin.com/jobs/view/4468835954
2026-09-22,li,Jobgether,Head of Product,,,True,target,https://www.linkedin.com/jobs/view/4466830617
2026-09-22,li,SIGI - Syndicat Intercommunal de Gestion Informatique,Responsable du Pôle Produits(m/f),"Contern, Luxembourg, Luxembourg",,False,below,https://www.linkedin.com/jobs/view/4468194681
2026-09-22,indeed,Deloitte,Digital Core Banking Consultant / Senior Consultant for our Banking Solutions Team,"Luxembourg City, LU, LU",,False,below,https://lu.indeed.com/viewjob?jk=0f50089d4da5fd1b
2026-09-22,li,HUG - Hopitaux Universitaires de Genève,Chef ou Cheffe du service relation utilisateurs et utilisatrices - 80% à 100%,"Carouge, Geneva, Switzerland",,False,below,https://www.linkedin.com/jobs/view/4465032479
2026-09-22,li,GetYourGuide,"Group Product Manager, B2C","Zurich, Zurich, Switzerland",,True,target,https://www.linkedin.com/jobs/view/4441994806
2026-09-22,li,JTI,Website & UX Capability Manager (m/f/d),"Geneva, Geneva, Switzerland",,True,below,https://www.linkedin.com/jobs/view/4467819796
2026-09-22,li,OMEGA SA,PRODUCT MANAGEMENT LEADER (H/F),"Biel, Berne, Switzerland",,True,below,https://www.linkedin.com/jobs/view/4466902299
2026-09-22,li,Adobe,PLG Strategy Lead,"Basel, Basel, Switzerland",adobe,True,target,https://www.linkedin.com/jobs/view/4440285529
2026-09-22,li,EF Educational Tours,Director of Digital Product Management - Internal Tour Operations Platform,"Zurich, Zurich, Switzerland",,True,target,https://www.linkedin.com/jobs/view/4468016064
2026-09-22,li,Haleon,Global Marketing Manager - Equity,"Nyon, Vaud, Switzerland",,True,below,https://www.linkedin.com/jobs/view/4467858615
2026-09-22,li,Logitech,PWS Global Marketing Manager,"Lausanne, Vaud, Switzerland",,True,below,https://www.linkedin.com/jobs/view/4469145285
2026-09-22,li,GamblingCareers.com,Design Lead,"Fully, Valais, Switzerland",,True,target,https://www.linkedin.com/jobs/view/4468613778
2026-09-22,li,DEPT®,Associate Director Experience Design,"Zurich, Zurich, Switzerland",,True,target,https://www.linkedin.com/jobs/view/4440575959
2026-09-22,li,Sonar,CVP of Design,"Geneva, Geneva, Switzerland",,True,below,https://www.linkedin.com/jobs/view/4468680502
2026-09-22,li,Jobgether,Mockup Design Team Manager,,,True,below,https://www.linkedin.com/jobs/view/4467558482
2026-09-22,li,St. Galler Kantonalbank AG,Teamleiter*in Produktmanagement Zahlen und Sparen 80 – 100%,"St Gallen, St Gallen, Switzerland",,False,below,https://www.linkedin.com/jobs/view/4467558341
2026-09-22,li,GetYourGuide,UX Research Programs & Operations (Zurich),"Zurich, Zurich, Switzerland",,True,below,https://www.linkedin.com/jobs/view/4459304846
2026-09-22,li,neon,"Head of Customer Lifecycle & Activation (CRM), 80-100%","Zurich, Zurich, Switzerland",,False,target,https://www.linkedin.com/jobs/view/4466262203
2026-09-22,li,Jobgether,Head of UX/UI,,,True,target,https://www.linkedin.com/jobs/view/4466866120
2026-09-22,li,Swiss Post,Leiter:in Product & Business Development Digital Advertising,"Bern, Berne, Switzerland",,True,below,https://www.linkedin.com/jobs/view/4466588661
2026-09-22,li,FIFA,Senior Digital Communications Product Manager,"Zurich, Zurich, Switzerland",,True,below,https://www.linkedin.com/jobs/view/4468215721
2026-09-22,li,Google,"Group Product Manager, Search Content Platform","Zurich, Zurich, Switzerland",google,True,target,https://www.linkedin.com/jobs/view/4465794146
2026-09-22,indeed,Sonova,Interaction Designer,"Stäfa, ZH, CH",,True,below,https://ch.indeed.com/viewjob?jk=9b64e5f5822a6024
2026-09-22,li,Blum Group,Head of Digital Marketing & Customer Relationship Improvement (m/w/d),"Höchst, Vorarlberg, Austria",,False,target,https://www.linkedin.com/jobs/view/4427734191
2026-09-22,li,BJAK,Product Lead - AI Neobank App,,,True,target,https://www.linkedin.com/jobs/view/4469108876
2026-09-22,li,BJAK,Product Lead - AI Stockbroking,,,True,target,https://www.linkedin.com/jobs/view/4469137044
2026-09-22,li,Doit,Product Lead - AI Investing App,,,True,target,https://www.linkedin.com/jobs/view/4466660312
2026-09-22,li,Kira,Product Lead - AI Neobank App,,,True,target,https://www.linkedin.com/jobs/view/4466664232
2026-09-22,li,Meusburger Georg GmbH & Co KG,Abteilungsleitung E-Commerce (m/w/d),"Wolfurt, Vorarlberg, Austria",,False,below,https://www.linkedin.com/jobs/view/4411944955
2026-09-22,li,Kira,Product Lead - AI Stockbroking App,,,True,target,https://www.linkedin.com/jobs/view/4466662310
2026-09-22,li,Doit,Product Lead - AI Finance App,,,False,target,https://www.linkedin.com/jobs/view/4466656321
2026-09-22,li,BJAK,Product Lead - AI Investing,,,True,target,https://www.linkedin.com/jobs/view/4469102609
2026-09-22,li,BJAK,Product Lead - AI Finance,,,False,target,https://www.linkedin.com/jobs/view/4469104198
2026-09-22,li,NOVOMATIC,Head of Game Design 707Games (w/m/x),"Gumpoldskirchen, Lower Austria, Austria",,True,target,https://www.linkedin.com/jobs/view/4323287280
2026-09-22,li,XXXLdigital – Part of XXXL Group,Stabsstelle Produktleitung (m/w/d),"Vienna, Vienna, Austria",,False,below,https://www.linkedin.com/jobs/view/4401626054
2026-09-22,li,XXXLdigital – Part of XXXL Group,Stabsstelle Produktleitung (m/w/d),"Wels, Upper Austria, Austria",,False,below,https://www.linkedin.com/jobs/view/4401608567
2026-09-22,li,Jobgether,Head of UX/UI,,,True,target,https://www.linkedin.com/jobs/view/4466856933
2026-09-22,li,Jobgether,Head of Product,,,True,target,https://www.linkedin.com/jobs/view/4466820698
2026-09-22,li,Toptal,Senior Product Manager,,,True,below,https://www.linkedin.com/jobs/view/4448683455
2026-09-22,li,KTM AG,Head of Digital Customer Solutions*,"Mattighofen, Upper Austria, Austria",,False,target,https://www.linkedin.com/jobs/view/4448864034
2026-09-22,li,Siemens,R&D Group Leader for Vision & Web-Technologies (f/m/d),"Linz, Upper Austria, Austria",,False,target,https://www.linkedin.com/jobs/view/4465789316
2026-09-22,li,Siemens,R&D Group Leader for Vision & Web-Technologies (f/m/d),"Eisenstadt, Burgenland, Austria",,False,target,https://www.linkedin.com/jobs/view/4465799204
2026-09-22,li,Sportradar,Senior Product Lead (m/f/d),"Vienna, Vienna, Austria",,True,target,https://www.linkedin.com/jobs/view/4470290897
2026-09-22,indeed,Roche,Delivery Manager (m/f/d),"Wien, W, AT",,False,below,https://at.indeed.com/viewjob?jk=cd4efe21aca12f6f
2026-09-22,li,Opacity,Lead Product Designer,"Copenhagen, Capital Region of Denmark, Denmark",,True,target,https://www.linkedin.com/jobs/view/4469192872
2026-09-22,li,Zensai,Senior Product Operations Manager,,,True,below,https://www.linkedin.com/jobs/view/4468720234
2026-09-22,li,Dalux,Product Director,"Copenhagen Municipality, Capital Region of Denmark, Denmark",,True,target,https://www.linkedin.com/jobs/view/4420994656
2026-09-22,li,the LEGO Group,"Senior Manager, Global Brand Operations",,,False,below,https://www.linkedin.com/jobs/view/4466640669
2026-09-22,li,the LEGO Group,"Senior Manager, Global Brand Operations","Billund, Region of Southern Denmark, Denmark",,False,below,https://www.linkedin.com/jobs/view/4466628868
2026-09-22,li,DFDS,Product Owner,"Copenhagen Municipality, Capital Region of Denmark, Denmark",,True,below,https://www.linkedin.com/jobs/view/4469162850
2026-09-22,li,DEPT®,Senior Digital Commerce Strategist (Dutch or Danish speaking),"Copenhagen, Capital Region of Denmark, Denmark",,True,below,https://www.linkedin.com/jobs/view/4312039272
2026-09-22,li,Jobgether,Head of Product,,,True,target,https://www.linkedin.com/jobs/view/4466817705
2026-09-22,li,Deel,Senior Staff Product Designer - AI,,,True,target,https://www.linkedin.com/jobs/view/4455898418
2026-09-22,li,YouSee,Product Experience Manager – Security,"Copenhagen, Capital Region of Denmark, Denmark",,True,below,https://www.linkedin.com/jobs/view/4467495840
2026-09-22,li,Dalux,Development Team Lead with People Management responsibility,"Copenhagen Municipality, Capital Region of Denmark, Denmark",,False,target,https://www.linkedin.com/jobs/view/4379953053
2026-09-22,li,Adform,"Product Director, Shared Services & Settings","Copenhagen, Capital Region of Denmark, Denmark",,True,target,https://www.linkedin.com/jobs/view/4465231012
2026-09-22,li,the LEGO Group,"Product Manager, Retail Execution","Copenhagen, Capital Region of Denmark, Denmark",,True,below,https://www.linkedin.com/jobs/view/4455882763
2026-09-22,li,3Shape,People and Project Manager - for AI-assisted diagnostic medical software,"Copenhagen, Capital Region of Denmark, Denmark",,False,below,https://www.linkedin.com/jobs/view/4470438019
2026-09-22,li,Precis,Engineering Lead,"Copenhagen Municipality, Capital Region of Denmark, Denmark",,False,target,https://www.linkedin.com/jobs/view/4468762949
2026-09-22,indeed,Danske Bank,Senior Product Owner - Inhouse Squad,DK,danske-bank,True,below,https://dk.indeed.com/viewjob?jk=a8f0aaf0cf1c2e48
2026-09-22,indeed,GN Group,Software Engineering Manager - Hearing,"Ballerup, D84, DK",,False,below,https://dk.indeed.com/viewjob?jk=deed6a7fc0539347
2026-09-22,li,H&M,"Creative Lead, Digital Experience","Stockholm, Stockholm County, Sweden",,False,target,https://www.linkedin.com/jobs/view/4469854723
2026-09-22,li,Lovable,Product Manager (Build Experience),"Stockholm, Stockholm County, Sweden",,True,below,https://www.linkedin.com/jobs/view/4393003930
2026-09-22,li,Legora,Senior Product Manager - UX Core,"Stockholm, Stockholm County, Sweden",,True,below,https://www.linkedin.com/jobs/view/4429889677
2026-09-22,li,Jönköpings kommun,Utvecklingsledare med fokus på invånarupplevelsen,"Jönköping, Jönköping County, Sweden",,False,below,https://www.linkedin.com/jobs/view/4466584425
2026-09-22,li,Above,Visual Design Director,"Stockholm, Stockholm County, Sweden",,True,target,https://www.linkedin.com/jobs/view/4364705725
2026-09-22,li,BJAK,Product Lead - AI Neobank App,,,True,target,https://www.linkedin.com/jobs/view/4469116880
2026-09-22,li,BJAK,Product Lead - AI Stockbroking,,,True,target,https://www.linkedin.com/jobs/view/4469122421
2026-09-22,li,Instabee,Design Director,"Stockholm, Stockholm County, Sweden",,True,target,https://www.linkedin.com/jobs/view/4431289255
2026-09-22,li,Clavister,Product Owner IAM,"Stockholm, Stockholm County, Sweden",,True,below,https://www.linkedin.com/jobs/view/4467580909
2026-09-22,li,Jobgether,Head of UX/UI,,,True,target,https://www.linkedin.com/jobs/view/4466868064
2026-09-22,li,GeoGuessr,UI Design lead,"Stockholm, Stockholm County, Sweden",,True,target,https://www.linkedin.com/jobs/view/4465216872
2026-09-22,li,Region Skåne,Digital strateg och projektledare till Koncernstab kommunikation,"Malmo, Skåne County, Sweden",,False,below,https://www.linkedin.com/jobs/view/4466545892
2026-09-22,li,Worldline,Lead UX/UI Designer,"Stockholm, Stockholm County, Sweden",,True,target,https://www.linkedin.com/jobs/view/4454741728
2026-09-22,li,Infosys,"UX Designer | Trucks, Functions & Software Defined Vehicle | Gothenburg","Gothenburg, Västra Götaland County, Sweden",,True,below,https://www.linkedin.com/jobs/view/4465233915
2026-09-22,li,Arbetsförmedlingen,Produktansvarig – arbetsformedlingen.se,"Solna, Stockholm County, Sweden",,False,below,https://www.linkedin.com/jobs/view/4467060177
2026-09-22,li,AKQA,Associate Project Director,"Stockholm, Stockholm County, Sweden",,False,target,https://www.linkedin.com/jobs/view/4411399336
2026-09-22,li,4C Strategies,Head of Design,"Stockholm, Stockholm County, Sweden",,True,target,https://www.linkedin.com/jobs/view/4441059995
2026-09-22,li,Arbetsförmedlingen,Sektionschef intern- och extern digital kommunikation på IT-avdelningen,"Solna, Stockholm County, Sweden",,False,below,https://www.linkedin.com/jobs/view/4466793618
2026-09-22,li,B3 Business Transformation,Projektledare / Produktägare för AI-accelererade team,"Stockholm, Stockholm County, Sweden",,False,below,https://www.linkedin.com/jobs/view/4378191213
2026-09-22,li,Epidemic Sound,Lead Product Designer,"Stockholm, Stockholm County, Sweden",,True,target,https://www.linkedin.com/jobs/view/4456780933
2026-09-22,indeed,Deploja AB,Sales & Growth Manager – IT Consulting,"Solna, AB, SE",,False,below,https://se.indeed.com/viewjob?jk=dd856eeea450f794
2026-09-22,indeed,Nordic Investin Group,Senior UX Designer,"Stockholm, AB, SE",,True,below,https://se.indeed.com/viewjob?jk=8feefc82f0aaa93f
2026-09-22,indeed,Nordic Investin Group Aktiebolag,Senior UX Designer,"Stockholm, AB, SE",,True,below,https://se.indeed.com/viewjob?jk=e9e4a69cad16980c
2026-09-22,indeed,Recruit on Demand,Senior App Developer,"Stockholm, AB, SE",,False,below,https://se.indeed.com/viewjob?jk=589d69e5d0cf7268
2026-09-22,indeed,NIBE,Senior Fullstackutvecklare till NIBE Group Web Team,"Markaryd, G, SE",,False,target,https://se.indeed.com/viewjob?jk=20b8e299b1154c44
2026-09-22,indeed,Sylog,Cloud Fullstack Developer,"Stockholm, AB, SE",,False,below,https://se.indeed.com/viewjob?jk=ded35add66f659e8
2026-09-22,li,Autodesk,"Director, UX Design - AEC Forma Design","Oslo, Oslo, Norway",,True,target,https://www.linkedin.com/jobs/view/4432105658
2026-09-22,li,Capgemini Invent,Senior Consultant/Manager i CX Transformation-teamet,"Oslo, Oslo, Norway",capgemini,False,below,https://www.linkedin.com/jobs/view/4469130940
2026-09-22,li,Six Robotics,Lead Product Designer (UX/UI),"Oslo, Oslo, Norway",,True,target,https://www.linkedin.com/jobs/view/4457280469
2026-09-22,li,Innovation Norway,Merkevare- og designansvarlig,"Oslo, Oslo, Norway",,True,below,https://www.linkedin.com/jobs/view/4468618717
2026-09-22,li,eBay,Customer Experience & Improvement Lead,"Oslo, Oslo, Norway",,False,target,https://www.linkedin.com/jobs/view/4466606914
2026-09-22,li,Jobgether,Head of Product,,,True,target,https://www.linkedin.com/jobs/view/4466837155
2026-09-22,li,Eidsiva,Produkteier web og digitale kundeopplevelser,"Innlandet, Norway",,False,below,https://www.linkedin.com/jobs/view/4464332970
2026-09-22,li,SpareBank 1 Utvikling,"Produktleder | Vil du skape produkter som betyr noe i hverdagen til 1,2 millioner kunder?","Oslo, Oslo, Norway",,False,below,https://www.linkedin.com/jobs/view/4467734400
2026-09-22,li,Norwegian,Director Product Management,"Oslo, Oslo, Norway",,True,target,https://www.linkedin.com/jobs/view/4465529451
2026-09-22,li,Norges domstoler,Vil du lede et av Norges viktigste miljøer for IT-brukerstøtte?,"Trondheim, Trøndelag, Norway",,False,below,https://www.linkedin.com/jobs/view/4465917240
2026-09-22,li,Cisco,Product Design Lead - Collaboration & Human-Technology Interaction,,cisco,True,target,https://www.linkedin.com/jobs/view/4439099642
2026-09-22,li,Vierityspalkki.fi,Digital Development Specialist,,,False,below,https://www.linkedin.com/jobs/view/4466490662
2026-09-22,li,Mobile Career,"Design Leader, Software Design","Time, Rogaland, Norway",,True,below,https://www.linkedin.com/jobs/view/4470240962
2026-09-22,li,Statistics Norway,Produkteier (Formidlingsplattformen),,,False,below,https://www.linkedin.com/jobs/view/4469969837
2026-09-22,indeed,Halliburton,Senior Software Engineer,"Oslo, N03, NO",,False,below,https://no.indeed.com/viewjob?jk=c8baa18ba296e6a0
2026-09-22,indeed,DeepOcean,Product Engineer,"Bergen, N46, NO",,False,below,https://no.indeed.com/viewjob?jk=03a7ddb9f35d8f0b
2026-09-22,li,EDEKA IT,Product Owner UX (m/w/d),"Mannheim, Baden-Württemberg, Germany",,True,below,https://www.linkedin.com/jobs/view/4469817033
2026-09-22,li,Montblanc,Product Manager Ecommerce UX & CRO,"Hamburg, Hamburg, Germany",,True,below,https://www.linkedin.com/jobs/view/4440264080
2026-09-22,li,Proalpha,Group UX/UI Lead m/w/d,,,True,target,https://www.linkedin.com/jobs/view/4459855856
2026-09-22,li,Almedia,Head of Product Design,"Berlin, Germany",,True,target,https://www.linkedin.com/jobs/view/4449690252
2026-09-22,li,Stage Entertainment Germany,UX Lead (m/w/d),"Hamburg, Germany",,True,target,https://www.linkedin.com/jobs/view/4469131682
2026-09-22,li,HelloFresh,"(Senior) Director UX, Operations","Berlin, Berlin, Germany",,True,target,https://www.linkedin.com/jobs/view/4459857844
2026-09-22,li,Telekom MMS,Head of Mobile Experience (m/w/d),"Stuttgart, Baden-Württemberg, Germany",,False,target,https://www.linkedin.com/jobs/view/4385070139
2026-09-22,li,OTTO,Senior UX Manager B2B | User Experience Management (w/m/d),"Hamburg, Hamburg, Germany",,True,below,https://www.linkedin.com/jobs/view/4468628972
2026-09-22,li,Google,UX Design Strategic Lead,"Munich, Bavaria, Germany",google,True,target,https://www.linkedin.com/jobs/view/4457982677
2026-09-22,li,over99,Design Lead,"Berlin, Berlin, Germany",,True,target,https://www.linkedin.com/jobs/view/4467592275
2026-09-22,li,XTB online investing,Head of Virality & Customer Engagement,"Berlin, Berlin, Germany",,False,target,https://www.linkedin.com/jobs/view/4467162713
2026-09-22,li,Jobgether,Head of UX/UI,,,True,target,https://www.linkedin.com/jobs/view/4466858915
2026-09-22,li,Amadeus Fire,Senior Innovation Manager Digitale Transformation (m/w/d),"Hannover, Lower Saxony, Germany",amadeus,False,below,https://www.linkedin.com/jobs/view/4468254084
2026-09-22,li,The Platform Group,"(Senior) UX/UI Manager:in (m, w, d) für den Verbund Avocado Store GmbH & Hood Media GmbH","Hamburg, Hamburg, Germany",,True,below,https://www.linkedin.com/jobs/view/4465511415
2026-09-22,li,Deutsche Telekom,Lead Design Systems (m/ w/ d/ x),"Darmstadt, Hesse, Germany",deutsche-telekom,True,target,https://www.linkedin.com/jobs/view/4450217759
2026-09-22,li,Deutsche Telekom,Lead Design Systems (m/ w/ d/ x),"Bonn, North Rhine-Westphalia, Germany",deutsche-telekom,True,target,https://www.linkedin.com/jobs/view/4450230686
2026-09-22,li,Deel,"Director, Product Design - Connectivity",,,True,target,https://www.linkedin.com/jobs/view/4456501442
2026-09-22,li,TeamBank AG,Senior Customer Journey & Experience Manager (d/m/w),"Nuremberg, Bavaria, Germany",,False,below,https://www.linkedin.com/jobs/view/4465785058
2026-09-22,li,A.P. Moller - Maersk,"Senior Customer Experience Manager, Automotive (German Speaking)","Hamburg, Germany",,False,below,https://www.linkedin.com/jobs/view/4468530597
2026-09-22,li,Wrike,Group Product Manager [Klaxoon],"Berlin, Berlin, Germany",,True,target,https://www.linkedin.com/jobs/view/4451361366
2026-09-22,indeed,Igel Technology,Product Manager (m/f/d) - Augsburg,"Augsburg, BY, DE",,True,below,https://de.indeed.com/viewjob?jk=2b7703e6bd6ed589
2026-09-22,indeed,Wooga,Senior UI/UX Designer - New Games (1-year contract),"Berlin, BE, DE",,True,below,https://de.indeed.com/viewjob?jk=0ca12565c2b8b84d
2026-09-22,indeed,The Customization Group,Senior Shop Manager (Cologne) (m/f/d),"Köln, NW, DE",,False,below,https://de.indeed.com/viewjob?jk=63e83a54e7df4861
2026-09-22,indeed,Wooga,Senior UI/UX Designer - New Games (1-year contract),"Berlin, BE, DE",,True,below,https://de.indeed.com/viewjob?jk=03a83def8eb6ec72
2026-09-22,indeed,Appmatics,(Senior) QA Manager (m/w/d),"Köln, NW, DE",,False,below,https://de.indeed.com/viewjob?jk=46026e60c0499a9e
2026-09-22,indeed,,MARKETING & BRAND MANAGER (F/M/D) - with Lead Perspective,"Köln, NW, DE",,False,target,https://de.indeed.com/viewjob?jk=b7b716deeaa14356
2026-09-22,indeed,Contentsquare,Senior Strategic Consultant Professional Services,DE,,False,below,https://de.indeed.com/viewjob?jk=45b8cc3e1fc47951
2026-09-22,indeed,Digital Loop GmbH,Senior Project Manager in Marketing Technologies,"München, BY, DE",,False,below,https://de.indeed.com/viewjob?jk=4e9575cd10f8e7da
2026-09-22,indeed,1KOMMA5˚,(Senior) Product Manager Heating & Cooling (m/f/d),"Home Office, DE",,True,below,https://de.indeed.com/viewjob?jk=1f60425fc55d1269
2026-09-22,indeed,1KOMMA5˚,(Senior) Product Manager Heating & Cooling (m/f/d),"Home Office, DE",,True,below,https://de.indeed.com/viewjob?jk=27ac1fe9a2ab4ab7
2026-09-22,indeed,FORTÉ,Freelance - Senior Project Manager (m/w/d),"Berlin, BE, DE",,False,below,https://de.indeed.com/viewjob?jk=ef917328d337a7f8
2026-09-22,indeed,Otto GmbH & Co. KGaA,Senior UX Manager B2B | User Experience Management (w/m/d),"Hamburg, HH, DE",,True,below,https://de.indeed.com/viewjob?jk=eaadac08295e6b2e
2026-09-22,indeed,Haiilo GmbH,Senior Product Manager,"Hamburg, HH, DE",,True,below,https://de.indeed.com/viewjob?jk=e0104b9217d55a50
2026-09-22,indeed,Vogel Communications Group,Senior Projektmanager / Project Manager Digital & Content Marketing (all genders),"Berlin, BE, DE",,False,below,https://de.indeed.com/viewjob?jk=4ee94e68cbdf24a7
2026-09-22,indeed,TOPdesk,Senior UX Researcher,"Kaiserslautern, RP, DE",,True,below,https://de.indeed.com/viewjob?jk=6d996a68fd285379
2026-09-22,indeed,Syzygy Group,Senior Account Manager Digital (w/m/d) / Senior Project Manager Digital (w/m/d),"Frankfurt am Main, HE, DE",,False,below,https://de.indeed.com/viewjob?jk=ffd3fbc9b05c017f
2026-09-22,indeed,SYZYGY,Senior Account Manager Digital (w/m/d) / Senior Project Manager Digital (w/m/d),"Frankfurt am Main, HE, DE",,False,below,https://de.indeed.com/viewjob?jk=8443ac6f53bac8dc
2026-09-22,indeed,The Platform Group SE & Co. KGaA,"(Senior) UX/UI Manager:in (m, w, d) für den Verbund Avocado Store GmbH & Hood Media GmbH","Hamburg, HH, DE",,True,below,https://de.indeed.com/viewjob?jk=f8b6243e86dbcf49
2026-09-22,indeed,ABOUT YOU SE & Co. KG,Senior Product Manager (m/f/d),"Berlin, BE, DE",,True,below,https://de.indeed.com/viewjob?jk=e869f6c11c976f64
2026-09-22,indeed,IDT Corporation,Senior Android Engineer,"BY, DE",,False,below,https://de.indeed.com/viewjob?jk=c09e3a644405cf1d
2026-09-22,li,Spott,Head of Product,"Leuven, Flemish Region, Belgium",,True,target,https://www.linkedin.com/jobs/view/4469867371
2026-09-22,li,Telenet group,Product Owner CVP,"Mechelen, Flemish Region, Belgium",,True,below,https://www.linkedin.com/jobs/view/4432978648
2026-09-22,li,Sia,"Manager Marketing, Customer Experience and Digital Transformation","Antwerp, Flemish Region, Belgium",atlassian,False,below,https://www.linkedin.com/jobs/view/4469121650
2026-09-22,li,Teamleader,Head of Product,"Ghent, Flemish Region, Belgium",,True,target,https://www.linkedin.com/jobs/view/4466919806
2026-09-22,li,Sia,Manager Marketing Strategy & Digital Transformation,"Brussels, Brussels Region, Belgium",atlassian,False,below,https://www.linkedin.com/jobs/view/4469133333
2026-09-22,li,Inetum,AI Transformation & Product Discovery Lead,"Mechelen, Flemish Region, Belgium",,True,target,https://www.linkedin.com/jobs/view/4459802531
2026-09-22,li,Jobgether,Head of UX/UI,,,True,target,https://www.linkedin.com/jobs/view/4466854913
2026-09-22,li,Jobgether,Head of Product,,,True,target,https://www.linkedin.com/jobs/view/4466826554
2026-09-22,li,Addition,Head of Product,"Gistel, Flemish Region, Belgium",,True,target,https://www.linkedin.com/jobs/view/4467109368
2026-09-22,li,Argenta,Manager Daily Banking,"Antwerp, Flemish Region, Belgium",,False,below,https://www.linkedin.com/jobs/view/4353727464
2026-09-22,li,Wrike,Group Product Manager [Klaxoon],"Brussels, Brussels Region, Belgium",,True,target,https://www.linkedin.com/jobs/view/4440391969
2026-09-22,li,Immoweb,Director of Product,"Brussels, Brussels Region, Belgium",,True,target,https://www.linkedin.com/jobs/view/4458231580
2026-09-22,li,dualoop,Senior Product Manager,"Brussels Region, Belgium",,True,below,https://www.linkedin.com/jobs/view/4466536279
2026-09-22,li,itsme®,Innovation Manager,"Brussels, Brussels Region, Belgium",,False,below,https://www.linkedin.com/jobs/view/4467294707
2026-09-22,li,Jobloom,Head of eCommerce,"Ghent, Flemish Region, Belgium",,False,target,https://www.linkedin.com/jobs/view/4467070141
2026-09-22,li,Generations Recruitment,Senior Brand Manager Interim,"Brussels Region, Belgium",,False,below,https://www.linkedin.com/jobs/view/4465718667
2026-09-22,li,EY,Lead Product Manager - Financial Services - Studio +,"Diegem, Flemish Region, Belgium",moneyfarm,True,target,https://www.linkedin.com/jobs/view/4428254691
2026-09-22,li,Magic Betting,Product / Digital UX Manager,"Olen, Flemish Region, Belgium",,True,below,https://www.linkedin.com/jobs/view/4469884972
2026-09-22,li,Ariad,UX Strategist & UX researcher,,,True,below,https://www.linkedin.com/jobs/view/4470425209
2026-09-22,li,BDO Belgium,Manager FS – Customer & Sales (Digital Channels),"Zaventem, Flemish Region, Belgium",,False,below,https://www.linkedin.com/jobs/view/4315302733
2026-09-22,indeed,itsme,Senior Digital Product Designer (UX),"Brussels, BRU, BE",,True,below,https://be.indeed.com/viewjob?jk=0228e2fc0a821a5c
2026-09-22,indeed,Rydoo,Account Manager (German Speaker),"Antwerpen, VLG, BE",,False,below,https://be.indeed.com/viewjob?jk=5b20cf372276b389
2026-09-22,li,Autodesk,"Director, UX Design - AEC Forma Design","Barcelona, Catalonia, Spain",,True,target,https://www.linkedin.com/jobs/view/4432105659
2026-09-22,li,MANGO,LEAD PRODUCT DESIGNER,"Palau-solità i Plegamans, Catalonia, Spain",,True,target,https://www.linkedin.com/jobs/view/4408501562
2026-09-22,li,Canva,Spain Design Lead (12 month contract),"Madrid, Community of Madrid, Spain",,True,target,https://www.linkedin.com/jobs/view/4460350163
2026-09-22,li,SITA,Strategic Brand & Design Manager,"Barcelona, Catalonia, Spain",,True,below,https://www.linkedin.com/jobs/view/4466932626
2026-09-22,li,Scopely,"Senior Manager, UX Design_Monopoly GO!","Barcelona, Catalonia, Spain",,True,below,https://www.linkedin.com/jobs/view/4468830058
2026-09-22,li,Super,Head of Product Design - Manager role,"Madrid, Community of Madrid, Spain",,True,target,https://www.linkedin.com/jobs/view/4448532920
2026-09-22,li,Plain Concepts,Product Lead,"Madrid, Community of Madrid, Spain",,True,target,https://www.linkedin.com/jobs/view/4468399899
2026-09-22,li,Cigna Healthcare,Agile Experience Manager - Cigna Healthcare,"Madrid, Community of Madrid, Spain",,False,below,https://www.linkedin.com/jobs/view/4466272417
2026-09-22,li,Scopely,Lead UI Artist - MONOPOLY GO!,"Barcelona, Catalonia, Spain",,True,target,https://www.linkedin.com/jobs/view/4459605269
2026-09-22,li,Jobgether,Mockup Design Team Manager,,,True,below,https://www.linkedin.com/jobs/view/4467561463
2026-09-22,li,Jobgether,Head of UX/UI,,,True,target,https://www.linkedin.com/jobs/view/4466867111
2026-09-22,li,VistaPrint,"Director of User Experience, Core Commerce team - Spain, Remote",,,True,target,https://www.linkedin.com/jobs/view/4440333109
2026-09-22,li,XTB online investing,Head of Virality & Customer Engagement,"Madrid, Community of Madrid, Spain",,False,target,https://www.linkedin.com/jobs/view/4467988413
2026-09-22,li,Iberia,Manager Diseño Servising y Comunicaciones Alto Valor HVC,"Madrid, Community of Madrid, Spain",,False,below,https://www.linkedin.com/jobs/view/4467977973
2026-09-22,li,Deel,"Director, Product Design - Connectivity",,,True,target,https://www.linkedin.com/jobs/view/4455891939
2026-09-22,li,Deel,Senior Staff Product Designer - AI,,,True,target,https://www.linkedin.com/jobs/view/4456500412
2026-09-22,li,Dogfy Diet,Head of Digital Product,"Barcelona, Catalonia, Spain",,True,target,https://www.linkedin.com/jobs/view/4467215154
2026-09-22,li,Airalo,VP of Research and Design,,,True,target,https://www.linkedin.com/jobs/view/4465770220
2026-09-22,li,Remuner,Lead Product Designer (IC),"Barcelona, Catalonia, Spain",,True,target,https://www.linkedin.com/jobs/view/4466156199
2026-09-22,li,ELA Games,Games Development Director,"Valencian Community, Spain",,False,target,https://www.linkedin.com/jobs/view/4468573527
2026-09-22,indeed,Pearson,"Lead, Product Management ELL Courseware","Madrid, MD, ES",,True,target,https://es.indeed.com/viewjob?jk=2b97a40001886c3d
2026-09-22,indeed,Pearson,"Lead, Product Management ELL Courseware","GA, ES",,True,target,https://es.indeed.com/viewjob?jk=26c8b467eaa8ce27
2026-09-22,indeed,bunch,(Senior) Full-Stack Engineer | Frontend-leaning | Platform Team | Remote Portugal,ES,,False,below,https://es.indeed.com/viewjob?jk=482ba0d0f21273f2
2026-09-22,indeed,bunch,(Senior) Full-Stack Engineer | Frontend-leaning | Platform Team | Remote Portugal,ES,,False,below,https://es.indeed.com/viewjob?jk=f34dd244034635a4
2026-09-22,indeed,Preply,Senior Product Manager - Expansion,"Barcelona, CT, ES",,True,below,https://es.indeed.com/viewjob?jk=5e92d06eca3d97e8
2026-09-22,indeed,Timestamp,SAP Master Data Developer,"Castelldefels, CT, ES",,False,below,https://es.indeed.com/viewjob?jk=7f5fbba8afe2f96e
2026-09-22,indeed,Nespresso,IoT Product Lead,"Esplugues de Llobregat, CT, ES",,True,target,https://es.indeed.com/viewjob?jk=3818c8b6483be8e0
2026-09-22,indeed,Plain Concepts,Product Lead,"Madrid, MD, ES",,True,target,https://es.indeed.com/viewjob?jk=dfff68149e0f607a
2026-09-22,indeed,Plain Concepts,Product Lead,"Barcelona, CT, ES",,True,target,https://es.indeed.com/viewjob?jk=a11590ee56a492f5
2026-09-22,indeed,Contentsquare,Senior Strategic Consultant Professional Services,"Barcelona, CT, ES",,False,below,https://es.indeed.com/viewjob?jk=4b8c03baaede0098
2026-09-22,indeed,Amazon.com,"Art Director, Elevated Shopping","Barcelona, CT, ES",amazon,False,target,https://es.indeed.com/viewjob?jk=2a1fe83974cae8ef
2026-09-22,indeed,Pluxee,Senior Product Engineer,"Madrid, MD, ES",,False,below,https://es.indeed.com/viewjob?jk=47abcb37ed1a52e7
2026-09-22,indeed,Ebury,Senior Product Designer - Onboarding & Activation,"Valencia, VC, ES",,True,below,https://es.indeed.com/viewjob?jk=d231005ed2256bfb
2026-09-22,indeed,Ebury,Senior Product Designer - Mobile,"Valencia, VC, ES",,True,below,https://es.indeed.com/viewjob?jk=cd0f55bfadca44b2
2026-09-22,indeed,Ebury,Product Designer - Channels,"Valencia, VC, ES",,True,below,https://es.indeed.com/viewjob?jk=869f6e2b1d36c0be
2026-09-22,li,Philip Morris International,Manager CC Digital Experience,"Albarraque, Lisbon, Portugal",,False,below,https://www.linkedin.com/jobs/view/4469130004
2026-09-22,li,BJAK,Product Lead - AI Neobank App,,,True,target,https://www.linkedin.com/jobs/view/4469117448
2026-09-22,li,Bain & Company,"Design Manager, Creative Services","Lisbon, Lisbon, Portugal",,True,below,https://www.linkedin.com/jobs/view/4469194174
2026-09-22,li,BJAK,Product Lead - AI Investing,,,True,target,https://www.linkedin.com/jobs/view/4469112455
2026-09-22,li,Bain & Company,"Design Manager, Creative Services","Lisboa, Lisbon, Portugal",,True,below,https://www.linkedin.com/jobs/view/4467867554
2026-09-22,li,XTB online investing,Head of Virality & Customer Engagement,"Lisboa, Lisbon, Portugal",,False,target,https://www.linkedin.com/jobs/view/4467164360
2026-09-22,li,Revolut,Product Owner (UX),,revolut,True,below,https://www.linkedin.com/jobs/view/3955976065
2026-09-22,li,Mastercard,"Manager, Product Development",,mastercard,True,below,https://www.linkedin.com/jobs/view/4447300594
2026-09-22,li,Jobgether,Head of UX/UI,,,True,target,https://www.linkedin.com/jobs/view/4466871030
2026-09-22,li,OLX,Product Director,,,True,target,https://www.linkedin.com/jobs/view/4451522138
2026-09-22,li,Jobgether,Head of Product,,,True,target,https://www.linkedin.com/jobs/view/4466822677
2026-09-22,li,team.blue,CX Integrations Manager - Contractor,"Porto, Porto, Portugal",,False,below,https://www.linkedin.com/jobs/view/4468250045
2026-09-22,li,team.blue,CX Integrations Manager - Contractor,"Lisboa, Lisbon, Portugal",,False,below,https://www.linkedin.com/jobs/view/4468232972
2026-09-22,li,Mastercard,Manager - Global Product Management,,mastercard,True,below,https://www.linkedin.com/jobs/view/4456939909
2026-09-22,li,Lebull.pt,Head of Product (Growth & Experience),"Lisbon, Lisbon, Portugal",,True,target,https://www.linkedin.com/jobs/view/4464737426
2026-09-22,li,Revolut,Product Owner (UX),"Porto, Porto, Portugal",revolut,True,below,https://www.linkedin.com/jobs/view/4370665361
2026-09-22,li,ComparaJá.pt,Business Transformation Manager - ComparaJa,"Lisbon, Lisbon, Portugal",,False,below,https://www.linkedin.com/jobs/view/4467601875
2026-09-22,li,ComparaJá.pt,Venture Developer - ComparaJa,"Lisbon, Lisbon, Portugal",,False,below,https://www.linkedin.com/jobs/view/4467607268
2026-09-22,indeed,WIRE IT,Product Delivery Lead,"Lisboa, P11, PT",,True,target,https://pt.indeed.com/viewjob?jk=4ac50030aef69524
2026-09-22,indeed,Catawiki,Frontend Engineer,"Lisboa, P11, PT",,False,below,https://pt.indeed.com/viewjob?jk=261a0fbd9c3f9e25
2026-09-22,indeed,Rydoo,Account Manager (German Speaker),"Lisboa, P11, PT",,False,below,https://pt.indeed.com/viewjob?jk=e499e9a84bcf32d5
2026-09-22,indeed,,Angular Developer,"Lisboa, P11, PT",,False,below,https://pt.indeed.com/viewjob?jk=5ffa248dc2552729
2026-09-22,indeed,Farfetch,Senior Product Designer,"Porto, P13, PT",,True,below,https://pt.indeed.com/viewjob?jk=38d5893569fe8190
2026-09-22,li,Wise,Group Design Lead,"London, England, UK",wise,True,target,https://www.linkedin.com/jobs/view/4424225105
2026-09-22,li,WPP Media,CX Designer,"Manchester, England, UK",,True,below,https://www.linkedin.com/jobs/view/4466689630
2026-09-22,li,Zynga,Lead UI/UX Designer - Unannounced Project,"London, England, UK",,True,target,https://www.linkedin.com/jobs/view/4440552467
2026-09-22,li,Hippo,Design Lead,"London Area, United Kingdom",,True,target,https://www.linkedin.com/jobs/view/4469195061
2026-09-22,li,Futureheads Recruitment | B Corp™,Head of Product Design,,,True,target,https://www.linkedin.com/jobs/view/4466287229
2026-09-22,li,Jobgether,Head of UX/UI,,,True,target,https://www.linkedin.com/jobs/view/4466872040
2026-09-22,li,Super,Head of Product Design - Manager role,"Greater London, England, UK",,True,target,https://www.linkedin.com/jobs/view/4448536774
2026-09-22,li,83zero,Lead Service Designer,"Manchester, England, UK",,True,target,https://www.linkedin.com/jobs/view/4466218208
2026-09-22,li,NaturalMotion Games,Lead UI/UX Designer - Unannounced Project,"London, England, UK",,True,target,https://www.linkedin.com/jobs/view/4439840905
2026-09-22,li,Citi,UX / Product Research & Strategy Lead (VP),"Belfast, Northern Ireland, UK",,True,target,https://www.linkedin.com/jobs/view/4448232900
2026-09-22,li,Citi,UX / Product Design Lead (VP),"Belfast, Northern Ireland, UK",,True,target,https://www.linkedin.com/jobs/view/4448248589
2026-09-22,li,Jack & Jill,Principal Designer (£110k-£130k) at Faculty,"London, England, UK",,True,target,https://www.linkedin.com/jobs/view/4457401632
2026-09-22,li,Stripe,"Product Design Manager, Global Payments","London, England, UK",stripe,True,below,https://www.linkedin.com/jobs/view/4454550345
2026-09-22,li,MBM Executive Travel Recruitment,Digital Experience & Optimisation Manager,"London Area, United Kingdom",,False,below,https://www.linkedin.com/jobs/view/4464797544
2026-09-22,li,Strava,"Senior Manager, Product Design","London, England, UK",,True,below,https://www.linkedin.com/jobs/view/4427875557
2026-09-22,li,Rightmove,Lead Product Designer - Consumer,"London, England, UK",,True,target,https://www.linkedin.com/jobs/view/4445525767
2026-09-22,li,Lloyds Banking Group,CIB Customer Journey Manager - Client Relationship Transformation,"London, England, UK",lloyds-banking-group,False,below,https://www.linkedin.com/jobs/view/4468558780
2026-09-22,li,JPMorganChase,UX Designer- Vice President- JPM Personal Investing,"Greater London, England, UK",,True,target,https://www.linkedin.com/jobs/view/4468160382
2026-09-22,li,Lloyds Banking Group,CIB Customer Journey Manager - Client Relationship Transformation,"Bristol, England, UK",lloyds-banking-group,False,below,https://www.linkedin.com/jobs/view/4468565690
2026-09-22,li,Spire Healthcare Group plc,Senior Digital Experience Manager,"London, England, UK",,False,below,https://www.linkedin.com/jobs/view/4468395669
2026-09-22,indeed,Inspired Thinking Group (ITG),Senior Project Manager,"Birmingham, ENG, GB",,False,below,https://uk.indeed.com/viewjob?jk=543d35f18d55e05a
2026-09-22,indeed,JPMorganChase,"Product Designer, Advisor Experience - Private Bank Digital, Senior Associate - London/Glasgow","London, ENG, GB",,True,below,https://uk.indeed.com/viewjob?jk=43fbeff0e97e8216
2026-09-22,indeed,TrustedHousesitters,Senior Product Designer,"Remote, GB",,True,below,https://uk.indeed.com/viewjob?jk=bda857e18e2c0d19
2026-09-22,indeed,Landytech,Senior AI Product Engineer (React / Typescript) - UX,"London, ENG, GB",,False,below,https://uk.indeed.com/viewjob?jk=e4f9657410ff1600
2026-09-22,indeed,JPMorganChase,UX Designer- Vice President- JPM Personal Investing,"London, ENG, GB",,True,target,https://uk.indeed.com/viewjob?jk=a8f40a684a2aa3d8
2026-09-22,indeed,Elsevier,Director Software Engineering,"London, ENG, GB",,False,target,https://uk.indeed.com/viewjob?jk=986900493f17eb79
2026-09-22,indeed,RELX Group,Director Software Engineering,"London, ENG, GB",,False,target,https://uk.indeed.com/viewjob?jk=3bb396b6eef69bbd
2026-09-22,indeed,Currys,Senior Product Owner - Personalisation,"London, ENG, GB",,True,below,https://uk.indeed.com/viewjob?jk=dfa6952604342482
2026-09-22,indeed,PetLabCo.,Mid-Weight Product Designer,"London, ENG, GB",,True,below,https://uk.indeed.com/viewjob?jk=16424c3cfea0e752
2026-09-22,indeed,BlueLight Commercial,Communications & Marketing Lead,"London, ENG, GB",,False,target,https://uk.indeed.com/viewjob?jk=233cd4e9b8e859f3
2026-09-22,indeed,Our Future Health,Senior Software Engineer (Full-Stack - TypeScript/Node),"London, ENG, GB",,False,below,https://uk.indeed.com/viewjob?jk=66a88eb86f2efa19
2026-09-22,indeed,Oviva,Sr. Marketing Manager (a),"London, ENG, GB",,True,below,https://uk.indeed.com/viewjob?jk=6b9d75c37507aa71
2026-09-22,indeed,Finnmark Ltd,Ecommerce Manager,"Spennymoor, ENG, GB",,False,below,https://uk.indeed.com/viewjob?jk=a8ed0d9899dd469e
2026-09-22,indeed,Audible,"Associate Director, Delivery Lead - Content Innovation","London, ENG, GB",,False,target,https://uk.indeed.com/viewjob?jk=e9c1d7646d83e1d2
2026-09-22,indeed,Preply,Senior Product Manager - Expansion,"London, ENG, GB",,True,below,https://uk.indeed.com/viewjob?jk=9f241da250d5bcef
2026-09-22,indeed,The Coca-Cola Company,"UEFA EURO 2028 Senior Manager, Brand Management","London, ENG, GB",,False,below,https://uk.indeed.com/viewjob?jk=f69976830b45d3c3
2026-09-22,indeed,Unity Technologies,"Senior Software Engineer, Embedded Android","Brighton, ENG, GB",,False,below,https://uk.indeed.com/viewjob?jk=2013c0f3a6fcc0b8
2026-09-22,indeed,Howden Group,AI Product Manager,"London, ENG, GB",,True,below,https://uk.indeed.com/viewjob?jk=93c79601e489ffbf
2026-09-22,indeed,Activate Group Limited,Product Manager - OEM,"Remote, GB",,True,below,https://uk.indeed.com/viewjob?jk=235f54ea54097a95
2026-09-22,indeed,11 Investments,Senior Recruitment Consultant - GTM,"London, ENG, GB",,False,below,https://uk.indeed.com/viewjob?jk=7391b78a8a9e56ea
2026-09-22,li,Autodesk,"Director, UX Design - AEC Forma Design","Dublin, County Dublin, Ireland",,True,target,https://www.linkedin.com/jobs/view/4432122035
2026-09-22,li,BJAK,Product Lead - AI Neobank App,,,True,target,https://www.linkedin.com/jobs/view/4469116791
2026-09-22,li,Doit,Product Lead - AI Neobank App,,,True,target,https://www.linkedin.com/jobs/view/4467828874
2026-09-22,li,BJAK,Product Lead - AI Investing,,,True,target,https://www.linkedin.com/jobs/view/4469105589
2026-09-22,li,Doit,Product Lead - AI Stockbroking App,,,True,target,https://www.linkedin.com/jobs/view/4467828879
2026-09-22,li,Super,Head of Product Design - Manager role,,,True,target,https://www.linkedin.com/jobs/view/4448545746
2026-09-22,li,Jobgether,Mockup Design Team Manager,,,True,below,https://www.linkedin.com/jobs/view/4467544655
2026-09-22,li,Version 1,Co-Creation Studio Lead (Dublin),"Dublin, County Dublin, Ireland",,False,target,https://www.linkedin.com/jobs/view/4466279338
2026-09-22,li,Jobgether,Head of UX/UI,,,True,target,https://www.linkedin.com/jobs/view/4466865154
2026-09-22,li,Kota,Product Lead,,,True,target,https://www.linkedin.com/jobs/view/4464119711
2026-09-22,li,Gravitas Recruitment Group (Global) Ltd,Senior Product Manager,"Dublin, County Dublin, Ireland",,True,below,https://www.linkedin.com/jobs/view/4465977971
2026-09-22,li,PwC Ireland,Customer and Business Transformation - Insurance Sector - Senior Manager,"Dublin, County Dublin, Ireland",,False,below,https://www.linkedin.com/jobs/view/4342790369
2026-09-22,li,Scopely,Director of Product (Features) - Star Trek Fleet Command,"Dublin, County Dublin, Ireland",,True,target,https://www.linkedin.com/jobs/view/4457520420
2026-09-22,li,Nitro Software,"Senior Manager, Web Strategy and Performance","Dublin, County Dublin, Ireland",,True,below,https://www.linkedin.com/jobs/view/4447511864
2026-09-22,li,Citi,"Digital Platforms and AI Marketing Transformation, Vice President","Dublin, County Dublin, Ireland",,False,target,https://www.linkedin.com/jobs/view/4410810526
2026-09-22,li,GemPool Recruitment,Senior Manager of Product Management,,,True,below,https://www.linkedin.com/jobs/view/4469922646
2026-09-22,li,Wrike,Group Product Manager [Klaxoon],"Dublin, County Dublin, Ireland",,True,target,https://www.linkedin.com/jobs/view/4451363318
2026-09-22,indeed,Sodexo,EMEA Regional Account Director,"Dublin, D, IE",,False,target,https://ie.indeed.com/viewjob?jk=b9ae3602e2872b52
2026-09-22,li,Electronic Arts (EA),Senior Product Designer,"Kuala Lumpur, Federal Territory of Kuala Lumpur, Malaysia",,True,below,https://www.linkedin.com/jobs/view/4467361845
2026-09-22,li,U Mobile,"Section Head, Experience and Transformation","Kuala Lumpur, Federal Territory of Kuala Lumpur, Malaysia",,False,below,https://www.linkedin.com/jobs/view/4432191086
2026-09-22,li,Deloitte,"T&T Senior Manager -Operations, Industry & Domain Solutions (FSI) - SG/MY/PH","Kuala Lumpur, Federal Territory of Kuala Lumpur, Malaysia",,False,below,https://www.linkedin.com/jobs/view/4441157893
2026-09-22,li,Deloitte,T&T Manager - OIDS - (FO & Wealth Ops) - SG/MY/PH,"Kuala Lumpur, Federal Territory of Kuala Lumpur, Malaysia",,False,below,https://www.linkedin.com/jobs/view/4441175277
2026-09-22,li,Trojan Technologies,Customer Experience Manager,"Petaling Jaya, Selangor, Malaysia",,False,below,https://www.linkedin.com/jobs/view/4469195628
2026-09-22,li,Ant International,Business Operations Senior Manager (BNPL),,,False,below,https://www.linkedin.com/jobs/view/4467162683
2026-09-22,li,Visa,"Senior Manager, Consumer Solutions",,visa,False,below,https://www.linkedin.com/jobs/view/4459184420
2026-09-22,li,BJAK,Senior Visual Lead,"Petaling Jaya, Selangor, Malaysia",,False,target,https://www.linkedin.com/jobs/view/4467423750
2026-09-22,li,Electronic Arts (EA),Lead Product Designer,"Kuala Lumpur, Federal Territory of Kuala Lumpur, Malaysia",,True,target,https://www.linkedin.com/jobs/view/4465259411
2026-09-22,li,BJAK,Creative Design Lead,"Petaling Jaya, Selangor, Malaysia",,True,target,https://www.linkedin.com/jobs/view/4467436445
2026-09-22,li,Maxis,Head of Digital Commerce,"Kuala Lumpur, Federal Territory of Kuala Lumpur, Malaysia",,False,target,https://www.linkedin.com/jobs/view/4467761290
2026-09-22,li,Klook,"Strategic Projects Manager, Insurance Customer Experience","Kuala Lumpur, Federal Territory of Kuala Lumpur, Malaysia",,False,below,https://www.linkedin.com/jobs/view/4448805212
2026-09-22,li,Malaysia Airlines,"Senior Manager, CX Ground",,aeon-bank-malaysia,False,below,https://www.linkedin.com/jobs/view/4465714654
2026-09-22,li,Malaysia Airlines,"Manager, CX Soft Products, IFE Content & Aircraft Maintenance",,aeon-bank-malaysia,False,below,https://www.linkedin.com/jobs/view/4465787064
2026-09-22,li,Maxis,Value Added Service Design SME,"Kuala Lumpur, Federal Territory of Kuala Lumpur, Malaysia",,True,below,https://www.linkedin.com/jobs/view/4460366028
2026-09-22,li,Grab,"Senior Manager, Strategic Projects","Petaling Jaya, Selangor, Malaysia",grab-grab-financial-group,False,below,https://www.linkedin.com/jobs/view/4463815063
2026-09-22,li,Grab,"Manager, Strategic Projects","Petaling Jaya, Selangor, Malaysia",grab-grab-financial-group,False,below,https://www.linkedin.com/jobs/view/4463811120
2026-09-22,li,LOCUS-T,Website Manager,"Petaling Jaya, Selangor, Malaysia",,False,below,https://www.linkedin.com/jobs/view/4468198783
2026-09-22,li,Gateway Search,Customer Satisfaction Manager,"Petaling Jaya, Selangor, Malaysia",,False,below,https://www.linkedin.com/jobs/view/4468731353
2026-09-22,li,PeopleLAKE Group,Head of Product,"WP. Kuala Lumpur, Federal Territory of Kuala Lumpur, Malaysia",,True,target,https://www.linkedin.com/jobs/view/4468593005
2026-09-22,indeed,Appnovation Technologies,Tech Manager (AI Product),"Kuala Lumpur, M14, MY",,True,below,https://malaysia.indeed.com/viewjob?jk=a6930431e5a75d88
2026-09-22,indeed,,Product Manager,"Kuala Lumpur, M14, MY",,True,below,https://malaysia.indeed.com/viewjob?jk=1b587c7699a2d9d1
2026-09-22,li,MyJobsFeed,Senior Strategy and Care Transformation Manager,"Dubai, Dubai, United Arab Emirates",,True,below,https://www.linkedin.com/jobs/view/4469837346
2026-09-22,li,Americana Restaurants,Digital Learning Experience & Content Lead,"Sharjah Emirate, United Arab Emirates",,False,target,https://www.linkedin.com/jobs/view/4467365826
2026-09-22,li,Bain & Company,"Expert Senior Manager, Product Management & Innovation","Dubai, Dubai, United Arab Emirates",,True,below,https://www.linkedin.com/jobs/view/4469178917
2026-09-22,li,Sana Commerce,Head of Research and Design,"Dubai, Dubai, United Arab Emirates",,True,target,https://www.linkedin.com/jobs/view/4469169266
2026-09-22,li,Salt,Product & Customer Experience Director,"Dubai, United Arab Emirates",,True,target,https://www.linkedin.com/jobs/view/4466671545
2026-09-22,li,Emirates,Cargo Customer Experience Manager - Emiratisation,"Dubai, Dubai, United Arab Emirates",emirates,False,below,https://www.linkedin.com/jobs/view/4466670777
2026-09-22,li,Brainlake,Digital Product Manager,"Dubai, Dubai, United Arab Emirates",,True,below,https://www.linkedin.com/jobs/view/4469133089
2026-09-22,li,Longevium Holding,Head of Travel Platform / Founding Product Lead,"Dubai, United Arab Emirates",,True,target,https://www.linkedin.com/jobs/view/4466286306
2026-09-22,li,Chalhoub Group,Director Omni-Channel | Beauty Division,"Dubai, Dubai, United Arab Emirates",,False,target,https://www.linkedin.com/jobs/view/4418397779
2026-09-22,li,Stantec,Digital Delivery Manager – Buildings Design Delivery,"Dubai, Dubai, United Arab Emirates",,True,below,https://www.linkedin.com/jobs/view/4467160103
2026-09-22,li,Keeta Drone,产品与产品运营负责人,"Dubai, United Arab Emirates",,False,below,https://www.linkedin.com/jobs/view/4466823366
2026-09-22,li,Floward,Senior Product Designer II,"Dubai, United Arab Emirates",,True,below,https://www.linkedin.com/jobs/view/4467718008
2026-09-22,li,talabat,Staff Product Designer,"Dubai, Dubai, United Arab Emirates",,True,target,https://www.linkedin.com/jobs/view/4466502640
2026-09-22,li,aspexx.,User Experience Lead,"Dubai, United Arab Emirates",,True,target,https://www.linkedin.com/jobs/view/4467089931
2026-09-22,li,Airalo,VP of Research and Design,"Dubai, Dubai, United Arab Emirates",,True,target,https://www.linkedin.com/jobs/view/4465773210
2026-09-22,li,Confidential Careers,Global Head of Creative Design,"Dubai, United Arab Emirates",,True,target,https://www.linkedin.com/jobs/view/4465732598
2026-09-22,li,Ernest Hunter Green,VP Customer experience,"Dubai, United Arab Emirates",,False,target,https://www.linkedin.com/jobs/view/4468585473
2026-09-22,li,Al-Futtaim,Head of Creative Lab | Al- Futtaim Automotive,"Dubai, Dubai, United Arab Emirates",,False,target,https://www.linkedin.com/jobs/view/4470418092
2026-09-22,li,noon,"VP Product, Engagement","Dubai, United Arab Emirates",,True,target,https://www.linkedin.com/jobs/view/4470403447
2026-09-22,li,Comfi.ai,"Head of CX | FinTech | Dubai, On-site","Dubai, Dubai, United Arab Emirates",,False,target,https://www.linkedin.com/jobs/view/4468515867
2026-09-22,indeed,Amazon.com,"Sr. Product Manager , Amazon Now","Dubai, DU, AE",amazon,True,below,https://ae.indeed.com/viewjob?jk=df114c8285f1d27e
2026-09-22,li,Fanatics Momentum,"Senior Director Product, Customer Platform","Abu Dhabi, Abu Dhabi Emirate, United Arab Emirates",,True,target,https://www.linkedin.com/jobs/view/4469586724
2026-09-22,li,Fanatics Momentum,"Lead Product Designer, Sports","Abu Dhabi, Abu Dhabi Emirate, United Arab Emirates",,True,target,https://www.linkedin.com/jobs/view/4469589801
2026-09-22,li,Dicetek LLC,CX Manager (Service Designer),"Abu Dhabi, Abu Dhabi Emirate, United Arab Emirates",,True,below,https://www.linkedin.com/jobs/view/4468846337
2026-09-22,li,Gate,Senior Product Manager (Trading),,,True,below,https://www.linkedin.com/jobs/view/4398987845
2026-09-22,li,Property Finder,Senior Product Designer,,,True,below,https://www.linkedin.com/jobs/view/4455598848
2026-09-22,li,Brainlake,Digital Product Manager,"Abu Dhabi, Abu Dhabi Emirate, United Arab Emirates",,True,below,https://www.linkedin.com/jobs/view/4469126272
2026-09-22,li,Khalifa Fund | صندوق خليفة,Section Head — Customer Experience (CX) - UAEN,"Abu Dhabi Emirate, United Arab Emirates",,False,below,https://www.linkedin.com/jobs/view/4468380893
2026-09-22,li,Confidential,Mobile Engineering Lead,"Abu Dhabi, Abu Dhabi Emirate, United Arab Emirates",,False,target,https://www.linkedin.com/jobs/view/4467177492
2026-09-22,li,M42 Health,"Director, Global Brand Portfolio","Abu Dhabi, Abu Dhabi Emirate, United Arab Emirates",,False,target,https://www.linkedin.com/jobs/view/4467590387
2026-09-22,li,Jobgether,Head of UX/UI,,,True,target,https://www.linkedin.com/jobs/view/4466861875
2026-09-22,li,Jobgether,Head of Product,,,True,target,https://www.linkedin.com/jobs/view/4466821697
2026-09-22,li,Tabby | تابي,"Senior Manager, Customer Centricity",,tabby,False,below,https://www.linkedin.com/jobs/view/4466532590
2026-09-22,li,Confidential Careers,Head of Marketing,"Abu Dhabi Emirate, United Arab Emirates",,False,target,https://www.linkedin.com/jobs/view/4466181795
2026-09-22,li,Forsyth Barnes Consultancy,Senior Manager - AI Security Product Owner (Ref: 197825),"Abu Dhabi, Abu Dhabi Emirate, United Arab Emirates",,True,below,https://www.linkedin.com/jobs/view/4465512832
2026-09-22,li,Deel,Product Operations Manager (Senior / Staff),,,True,target,https://www.linkedin.com/jobs/view/4455898450
2026-09-22,li,Good Maven,Design Director,"Abu Dhabi, Abu Dhabi Emirate, United Arab Emirates",,True,target,https://www.linkedin.com/jobs/view/4455857244
2026-09-22,li,Mashreq,Digital Product Expert.Injaz - RBG - Digital Squad - Engagement & Content.Retail Banking Group,,mashreq-bank,True,target,https://www.linkedin.com/jobs/view/4467059655
2026-09-22,li,HNW | Experiences That Work,CX Management Consultant / Service Designer,"Abu Dhabi, Abu Dhabi Emirate, United Arab Emirates",,True,below,https://www.linkedin.com/jobs/view/4468566008
2026-09-22,indeed,DICETEK LLC,CX Manager (Service Designer),"Abu Dhabi, AZ, AE",,True,below,https://ae.indeed.com/viewjob?jk=667df9a04587c264
2026-09-22,indeed,Farah Experiences,ERP Human Resources Senior Manager,"Abu Dhabi, AZ, AE",,False,below,https://ae.indeed.com/viewjob?jk=4b59cc26708abaa2
2026-09-22,li,National Gallery Singapore,Assistant Manager (Experience Design),"Singapore, Singapore",,True,below,https://www.linkedin.com/jobs/view/4468715076
2026-09-22,li,KPMG Singapore,"UIUX Designer, Senior Associate / Assistant Manager","Singapore, Singapore",,True,below,https://www.linkedin.com/jobs/view/4424165061
2026-09-22,li,NCS Group,#EG AI Consultant Lead,"Singapore, Singapore",,False,target,https://www.linkedin.com/jobs/view/4467357332
2026-09-22,li,GovTech Singapore,"Deputy Director, Design Management, Product Development Office","Singapore, Singapore",,True,target,https://www.linkedin.com/jobs/view/4414441519
2026-09-22,li,GovTech Singapore,"Senior / Lead Designer, Students Mission (MOE)",,,True,target,https://www.linkedin.com/jobs/view/4468490205
2026-09-22,li,GovTech Singapore,"Senior / Designer, Ministry of Transport (MOT)","Singapore, Singapore",,True,below,https://www.linkedin.com/jobs/view/4414435490
2026-09-22,li,GovTech Singapore,"Principal / Lead Designer, Design Practice","Singapore, Singapore",,True,target,https://www.linkedin.com/jobs/view/4424240006
2026-09-22,li,GovTech Singapore,"Senior Designer, Customs eServices","Singapore, Singapore",,True,below,https://www.linkedin.com/jobs/view/4414449486
2026-09-22,li,Accenture Southeast Asia,Service & Experience Designer - Across all levels,"Singapore, Singapore",accenture,True,below,https://www.linkedin.com/jobs/view/4454780675
2026-09-22,li,BIT Official,Head of Product Design,"Singapore, Singapore",,True,target,https://www.linkedin.com/jobs/view/4466647393
2026-09-22,li,GovTech Singapore,"Lead / Senior Product Designer, BizSG",,,True,target,https://www.linkedin.com/jobs/view/4467850640
2026-09-22,li,GovTech Singapore,"Designer, Civil Service College (CSC)",,,True,below,https://www.linkedin.com/jobs/view/4467869629
2026-09-22,li,GovTech Singapore,Principal / Lead Designer - Work Pass Integrated System (WINS),,,True,target,https://www.linkedin.com/jobs/view/4458946688
2026-09-22,li,GovTech Singapore,"Designer, Singapore Land Authority (SLA)",,,True,below,https://www.linkedin.com/jobs/view/4469106050
2026-09-22,li,Singapore Post,Principal UX Architect,,,True,target,https://www.linkedin.com/jobs/view/4467942206
2026-09-22,li,GovTech Singapore,"Senior Designer, Ministry of National Development (MND)",,,True,below,https://www.linkedin.com/jobs/view/4448536322
2026-09-22,li,Thoughtworks,Lead Experience Designer,"Singapore, Singapore",,True,target,https://www.linkedin.com/jobs/view/4465765219
2026-09-22,li,DBS Bank,"AVP, Product Designer for IBG Employee Experience, Group Design, Consumer Banking Group","Singapore, Singapore",dbs-bank,True,target,https://www.linkedin.com/jobs/view/4469874065
2026-09-22,li,EY,"Senior Associate/ Assistant Manager, Experience Designer","Singapore, Singapore",moneyfarm,True,below,https://www.linkedin.com/jobs/view/4460023080
2026-09-22,indeed,Matt's Education,Junior Content & Production Executive,"Clementi, S00, SG",,False,below,https://sg.indeed.com/viewjob?jk=37fbbd557bc7b591
2026-09-22,indeed,ASIAONE ONLINE PTE. LTD.,Social Media Executive,"Toa Payoh, S00, SG",,False,below,https://sg.indeed.com/viewjob?jk=bda5e81855376427
2026-09-22,indeed,Bounteous,Murex Datamart Developer,SG,,False,below,https://sg.indeed.com/viewjob?jk=c0296c28835a3844
2026-09-22,indeed,Lister Digital,Murex Datamart Developer,SG,,False,below,https://sg.indeed.com/viewjob?jk=2acec083abcc2ba4
2026-09-22,indeed,ELEVAN AUGUST MEDIA,Content Creator & Strategist (Intern),"Tiong Bahru, S00, SG",,True,below,https://sg.indeed.com/viewjob?jk=771850ddef1e45ad
2026-09-22,indeed,JJ Consulting Services,Cybersecurity Strategist,"Singapore, S00, SG",,True,below,https://sg.indeed.com/viewjob?jk=4c1ab2c53f9f75ca
2026-09-22,indeed,Tech Aalto Pte ltd,Lead AI Design Strategist,SG,,True,target,https://sg.indeed.com/viewjob?jk=f2a7d0837befe72f
2026-09-22,indeed,IPOS INTERNATIONAL PTE. LTD.,"HR System & Digitalisation Lead, 2-year contract","Geylang, S00, SG",,False,target,https://sg.indeed.com/viewjob?jk=e4738ea59b6b4dbf
2026-09-22,indeed,Moody's,Associate Director - Industry Practice Lead (Regulator),"Singapore, S00, SG",,False,target,https://sg.indeed.com/viewjob?jk=d2e7bdddd8ad02a5
2026-09-22,indeed,Pulse Digital,Videographer,"Kallang, S00, SG",,False,below,https://sg.indeed.com/viewjob?jk=4fa1e96be2d05f50
2026-09-22,indeed,Bravesea Pte Ltd,BRAVE New Media Fellowship,"Remote, SG",,False,below,https://sg.indeed.com/viewjob?jk=3394d926729b205d
2026-09-22,indeed,Pulse Digital,Videographer Intern,"Kallang, S00, SG",,False,below,https://sg.indeed.com/viewjob?jk=9ea1c2562238ceb0
2026-09-22,indeed,Knoxx Pte Ltd,Creative Strategist Intern,"Hougang, S00, SG",,True,below,https://sg.indeed.com/viewjob?jk=60fff4b350eaa18a
2026-09-22,indeed,SLALOM CONSULTING SINGAPORE PTE. LTD.,Business Data Architect,"Outram, S00, SG",,False,below,https://sg.indeed.com/viewjob?jk=cf94771f36db9af9
2026-09-22,indeed,RDIVC,Marketing Automation Specialist (HubSpot),"Pasir Ris, S00, SG",,False,below,https://sg.indeed.com/viewjob?jk=fa0929bd6193f5f0
2026-09-22,indeed,WPP Production,Senior Content Creator,"Outram, S00, SG",,False,below,https://sg.indeed.com/viewjob?jk=475e423a86580b9e
2026-09-22,indeed,WPP Production,Content Creator (1 year contract),"Singapore, S00, SG",,False,below,https://sg.indeed.com/viewjob?jk=9f6a41161f1f8d38
2026-09-22,indeed,WPP Production,Senior Content Creator (1 year contract),"Singapore, S00, SG",,False,below,https://sg.indeed.com/viewjob?jk=f06a0399a8c58dc5
2026-09-22,indeed,Gap People,Account Manager,"Tanjong Pagar, S00, SG",,False,below,https://sg.indeed.com/viewjob?jk=6c3ca2609d7d4065
2026-09-22,indeed,JPMorganChase,"Lead Software Engineer, Global Technology","Downtown Core, S00, SG",,False,target,https://sg.indeed.com/viewjob?jk=4654b246feeeec30
2026-09-22,li,Sia,Senior Consultant - Lifestyle & Consumer Goods,"Hong Kong, Hong Kong SAR",atlassian,False,below,https://www.linkedin.com/jobs/view/4469853100
2026-09-22,li,CASETiFY,"Lead Product Designer, Accessories & Customisable Products","Kwun Tong District, Hong Kong SAR",,True,target,https://www.linkedin.com/jobs/view/4405219094
2026-09-22,li,Hasbro,Product Designer,"Kwun Tong District, Hong Kong SAR",,True,below,https://www.linkedin.com/jobs/view/4433801674
2026-09-22,li,The Hong Kong Jockey Club,"Deputy Executive Manager, Digital Experience and Innovation","Happy Valley, Hong Kong SAR",,False,below,https://www.linkedin.com/jobs/view/4469591051
2026-09-22,li,Lalamove,Product Designer (UI/UX),"Hong Kong, Hong Kong SAR",,True,below,https://www.linkedin.com/jobs/view/4450261655
2026-09-22,li,The Hong Kong Jockey Club,UX/UI Designer,"Sha Tin District, Hong Kong SAR",,True,below,https://www.linkedin.com/jobs/view/4449602100
2026-09-22,li,Varadise Limited,Product Designer,"Kwun Tong District, Hong Kong SAR",,True,below,https://www.linkedin.com/jobs/view/4466816803
2026-09-22,li,Meiyume,Product Innovation Designer,,,True,below,https://www.linkedin.com/jobs/view/4467949606
2026-09-22,li,Deloitte,Analyst/ Consultant (UI/UX) - Digital - Hong Kong (107052),"Hong Kong, Hong Kong SAR",,False,below,https://www.linkedin.com/jobs/view/4466511840
2026-09-22,li,Mandarin Oriental,Director of RB&E Concepts (Innovation),,,False,target,https://www.linkedin.com/jobs/view/4467494627
2026-09-22,li,I.T,Associate Creative Director – Womenswear (International Brand),"Hong Kong, Hong Kong SAR",,False,target,https://www.linkedin.com/jobs/view/4466190516
2026-09-22,li,ZA,Senior Marketing & Brand Manager,"Hong Kong, Hong Kong SAR",zalando,False,below,https://www.linkedin.com/jobs/view/4436527690
2026-09-22,li,Lidl & Kaufland Asia,Product Development Manager - Home & Living,"Kowloon, Hong Kong SAR",,True,below,https://www.linkedin.com/jobs/view/4466184763
2026-09-22,li,HAECO,"Group Digital Designer, UX",,,True,target,https://www.linkedin.com/jobs/view/4439789487
2026-09-22,li,Bank of China (Hong Kong),Customer Experience Manager / Deputy Customer Experience Manager,,,False,below,https://www.linkedin.com/jobs/view/4465719098
2026-09-22,li,Grvt,Creative Strategist,"Hong Kong, Hong Kong SAR",,True,below,https://www.linkedin.com/jobs/view/4453678963
2026-09-22,li,KuCoin Exchange,UI Designer,"Hong Kong, Hong Kong SAR",,True,below,https://www.linkedin.com/jobs/view/4464763768
2026-09-22,li,Federation Hunter,Product Design Director,,,True,target,https://www.linkedin.com/jobs/view/4465729184
2026-09-22,li,Mise En Place Talent,Creative Director,"Hong Kong, Hong Kong SAR",,False,target,https://www.linkedin.com/jobs/view/4465769558
2026-09-22,li,Nex,UI Designer (Localization),"Sham Shui Po District, Hong Kong SAR",,True,below,https://www.linkedin.com/jobs/view/4470282827
2026-09-22,indeed,Adbrownies Advertising Ltd,Multimedia Designer/Senior Multimedia Designer,HK,,True,below,https://hk.indeed.com/viewjob?jk=895a9fd0f7e89ecc
2026-09-22,li,凱基金控 KGI Financial,[凱基金控] 數位體驗設計 UXUI Designer,"Taipei, Taipei City, Taiwan",,True,below,https://www.linkedin.com/jobs/view/4466648131
2026-09-22,li,CRIF,Product Specialist,"Taipei, Taipei City, Taiwan",,True,below,https://www.linkedin.com/jobs/view/4467361373
2026-09-22,li,SharkNinja APAC,"Marketing Manager, Taiwan","Taipei, Taipei City, Taiwan",,True,below,https://www.linkedin.com/jobs/view/4420149951
2026-09-22,li,IBM,User Experience Designer,"Taipei, Taipei City, Taiwan",ibm,True,below,https://www.linkedin.com/jobs/view/4458076384
2026-09-22,li,Lenovo,Product Innovation Management,"Zhongshan District, Taipei City, Taiwan",,True,below,https://www.linkedin.com/jobs/view/4458662560
2026-09-22,li,凱基證券 KGI SECURITIES,【凱基證券/電子商務部】數位平台規劃PM,"Taipei City, Taiwan",,False,below,https://www.linkedin.com/jobs/view/4467832733
2026-09-22,li,Binance,Product Manager - Community Strategy,"Taipei, Taipei City, Taiwan",,True,below,https://www.linkedin.com/jobs/view/4467188811
2026-09-22,li,MoneyHero Group (Nasdaq: MNY),"Product Owner, Content and Web Operations","Taipei, Taipei City, Taiwan",,True,below,https://www.linkedin.com/jobs/view/4446536108
2026-09-22,li,ASUS,Senior Global Omnichannel Marketing Specialist,"Taipei City, Taiwan",,False,below,https://www.linkedin.com/jobs/view/4438458322
2026-09-22,li,Future Lab 未來實驗室,營運增長主管 Growth Lead（CGO 儲備戰力）,"Zhongshan District, Taipei City, Taiwan",,False,target,https://www.linkedin.com/jobs/view/4466822753
2026-09-22,li,凱基銀行 KGI Bank,【凱基銀行/金融科技處.電子金融部.電金一科】電子金融規劃專員,,,False,below,https://www.linkedin.com/jobs/view/4467424842
2026-09-22,li,PicCollage,"Product Manager, PicCollage App","Taipei, Taipei City, Taiwan",,True,below,https://www.linkedin.com/jobs/view/4467918002
2026-09-22,li,Binance,Binance Accelerator Program - User Experience Product Manager,"Taipei, Taipei City, Taiwan",,True,below,https://www.linkedin.com/jobs/view/4457465787
2026-09-22,li,Grvt,Creative Strategist,,,True,below,https://www.linkedin.com/jobs/view/4453679910
2026-09-22,li,Tag,UX/UI Designer,"Taipei City, Taipei City, Taiwan",,True,below,https://www.linkedin.com/jobs/view/4465711568
2026-09-22,li,Novo Nordisk,E-health & Patient Ecosystem Manager I-Taipei,"Taipei, Taipei City, Taiwan",,False,below,https://www.linkedin.com/jobs/view/4465200925
2026-09-22,li,AIFIAN,Brand Design Lead,"Neihu District, Taipei City, Taiwan",,True,target,https://www.linkedin.com/jobs/view/4470248290
2026-09-22,li,AIFIAN,Sr. Product Designer,"Neihu District, Taipei City, Taiwan",,True,below,https://www.linkedin.com/jobs/view/4470248287
2026-09-22,li,Ubiquiti Inc.,UI/UX Designer,"Taipei, Taipei City, Taiwan",,True,below,https://www.linkedin.com/jobs/view/4395231618
2026-09-22,li,Logitech,"Innovation Intern, Scenario Lab (1-YEAR CONTRACT)","Hsinchu City, Taiwan, Taiwan",,False,below,https://www.linkedin.com/jobs/view/4470404938
2026-09-22,indeed,Microsoft,Account Technology Strategist,"台北市, TPE, TW",microsoft,True,below,https://tw.indeed.com/viewjob?jk=cb85f2b2e142c893
2026-09-22,li,Aquent,クリエイティブコンサルタント　　　大手総合ITエレクトロニクスメーカーグループ／企業のDXや経営変革を牽引するクリエイティブコンサルティング業務 [AQ-18759],"Tokyo, Tokyo, Japan",,False,below,https://www.linkedin.com/jobs/view/4467399173
2026-09-22,li,Mitsubishi Heavy Industries,三菱重工グループ全域を対象とした製品・サービスのデザイン,"Tokyo, Tokyo, Japan",,False,below,https://www.linkedin.com/jobs/view/4406174208
2026-09-22,li,Rakuten,マーケティングディビジョン ブランドマーケティング戦略部 UX戦略課：UXデザイナー,"Tokyo, Japan",rakuten,False,below,https://www.linkedin.com/jobs/view/4431831824
2026-09-22,li,Accenture Japan,ストラテジックデザイナー / Strategic Designer_管理職_Song,"Tokyo, Tokyo, Japan",accenture,True,below,https://www.linkedin.com/jobs/view/4434332584
2026-09-22,li,MSD,Experience Design Strategist,"Tokyo, Tokyo, Japan",,True,below,https://www.linkedin.com/jobs/view/4448749824
2026-09-22,li,Accenture Japan,ストラテジックデザイナー / Strategic Designer_Song,"Tokyo, Tokyo, Japan",accenture,True,below,https://www.linkedin.com/jobs/view/4434328821
2026-09-22,li,"Digital Agency, Government of Japan",【G_04】プロダクトデザイナー（業務DX・BPR）,"Tokyo, Tokyo, Japan",,False,below,https://www.linkedin.com/jobs/view/4410366780
2026-09-22,li,Avanade,"Manager, UX Design","Tokyo, Tokyo, Japan",,True,below,https://www.linkedin.com/jobs/view/4448718964
2026-09-22,li,Woven by Toyota,シニアクリエイティブストラテジー & UXデザイナー・Energy Products,"Chiyoda, Tokyo, Japan",toyota,False,below,https://www.linkedin.com/jobs/view/4448028643
2026-09-22,li,Woven by Toyota,"Senior Creative Strategy & UX Designer, Energy Products","Tokyo, Japan",toyota,True,below,https://www.linkedin.com/jobs/view/4448012647
2026-09-22,li,Rakuten,"UX Designer (Rakuten Mobile business) - UX Strategy Section, Brand Marketing Strategy Department, Marketing Division","Tokyo, Tokyo, Japan",rakuten,False,below,https://www.linkedin.com/jobs/view/4432597196
2026-09-22,li,doda (デューダ),【東京／赤坂】Webディレクター／上流の戦略フェーズから携わる◆フレックス／在宅勤務有,"Tokyo, Tokyo, Japan",,False,below,https://www.linkedin.com/jobs/view/4468674359
2026-09-22,li,Hitachi,【3104】社会課題解決に向けた社会インフラDXをリードするデザイナー[Assistant Manager],"Tokyo, Tokyo, Japan",,False,below,https://www.linkedin.com/jobs/view/4465012138
2026-09-22,li,HARMAN International,UXUI Design Manager,"Tokyo, Tokyo, Japan",,True,below,https://www.linkedin.com/jobs/view/4438080555
2026-09-22,li,Michael Page,暮らしを変えるデジタル体験を創るUX/UIデザイナー,,,False,below,https://www.linkedin.com/jobs/view/4447862562
2026-09-22,li,Good Maven,Head of Design,"Tokyo, Japan",,True,target,https://www.linkedin.com/jobs/view/4409287414
2026-09-22,li,Aquent,ストラテジックデザイナー　　世界最大級のコンサルファーム・クリエイティブエージェンシーでサービス、体験のデザイン戦略業務 [AQ-18874],"Tokyo, Tokyo, Japan",,False,below,https://www.linkedin.com/jobs/view/4468574636
2026-09-22,li,doda (デューダ),UIUXディレクター◆大手新卒就活サイト◆課題解決のためのプランニングなど◆リモート可,"Tokyo, Tokyo, Japan",,False,below,https://www.linkedin.com/jobs/view/4467677696
2026-09-22,li,"Digital Agency, Government of Japan",【G_01】プロダクトデザイナー（国民・行政機関・事業者向けサービス）,"Tokyo, Tokyo, Japan",,False,below,https://www.linkedin.com/jobs/view/4356608253
2026-09-22,li,FUJITSU LIMITED（JAPAN）,[OFT]モバイルネットワーク事業の開発変革を担うDXデザイナー,,fujitsu,False,below,https://www.linkedin.com/jobs/view/4460235572
2026-09-22,indeed,Snowflake,Senior Global Mobility Partner,"JPC, JP",,False,below,https://jp.indeed.com/viewjob?jk=071ee8b590482149
2026-09-22,indeed,PwC,リモート/フルスタックエンジニア/Future Technologist/SE(Web・オープン系),"大手町, JPC, JP",,False,below,https://jp.indeed.com/viewjob?jk=cdd0b890b907269f
2026-09-22,li,KRAFTON Inc.,[Publishing Platform Div.] UI&UX Designer (3년 이상 / 계약직),"Seoul, Seoul, South Korea",,True,below,https://www.linkedin.com/jobs/view/4469854189
2026-09-22,li,ActAI,Creative Director,"Seoul, South Korea",,False,target,https://www.linkedin.com/jobs/view/4468718385
2026-09-22,li,ActAI,"Product Designer (UX), HCI","Seoul, South Korea",,True,below,https://www.linkedin.com/jobs/view/4468493880
2026-09-22,li,TELUS Digital,Human-AI Interaction & UX Expert (AI Community),,,True,below,https://www.linkedin.com/jobs/view/4469840365
2026-09-22,li,CJ OLIVE YOUNG,글로벌 CX체계 설계 담당자,"Seoul, Seoul, South Korea",,False,below,https://www.linkedin.com/jobs/view/4406159542
2026-09-22,li,Toss Place(토스플레이스),Product Designer,"Seoul, Seoul, South Korea",,True,below,https://www.linkedin.com/jobs/view/4429352053
2026-09-22,li,CJ OLIVE YOUNG,Product Designer (팀장급),"Seoul, Seoul, South Korea",,True,below,https://www.linkedin.com/jobs/view/4450014832
2026-09-22,li,Toss Securities,Product Designer (WM Membership),"Seoul, Seoul, South Korea",,True,below,https://www.linkedin.com/jobs/view/4429348239
2026-09-22,li,CJ ENM ENTERTAINMENT DIV.,[CJ ENM] Mnet Plus Product Design Part Lead_경력채용,"Seoul, Seoul, South Korea",,True,below,https://www.linkedin.com/jobs/view/4347557580
2026-09-22,li,Toss,Design Staff (Product Designer),"Seoul, Seoul, South Korea",,True,target,https://www.linkedin.com/jobs/view/4448554219
2026-09-22,li,Toss Securities,Product Designer,"Seoul, Seoul, South Korea",,True,below,https://www.linkedin.com/jobs/view/4467505632
2026-09-22,li,Toss,Product Designer (Global),"Seoul, Seoul, South Korea",,True,below,https://www.linkedin.com/jobs/view/4439809590
2026-09-22,li,Hyundai Motor Company,[ICT] UI Designer,"Seoul, Seoul, South Korea",,True,below,https://www.linkedin.com/jobs/view/4465268236
2026-09-22,li,Grvt,Creative Strategist,,,True,below,https://www.linkedin.com/jobs/view/4453684887
2026-09-22,li,Toss Bank(토스뱅크),Product Designer,"Seoul, Seoul, South Korea",,True,below,https://www.linkedin.com/jobs/view/4429366072
2026-09-22,li,Toss Income(토스인컴),Product Designer,"Seoul, Seoul, South Korea",,True,below,https://www.linkedin.com/jobs/view/4447152443
2026-09-22,li,Next Securities,UX Design Lead,"Seoul, South Korea",,True,target,https://www.linkedin.com/jobs/view/4470269842
2026-09-22,li,42dot,HMI Experience Designer & Planner,"Seongnam, Gyeonggi, South Korea",,True,below,https://www.linkedin.com/jobs/view/4466047706
2026-09-22,li,Next Securities,BX Design Lead,"Seoul, South Korea",,True,target,https://www.linkedin.com/jobs/view/4470269852
2026-09-22,li,42dot,Senior HMI Experience Designer & Planner,"Seongnam, Gyeonggi, South Korea",,True,below,https://www.linkedin.com/jobs/view/4466043744
2026-09-22,indeed,경신 테크,MCT작업자및CNC선반 작업자,"15, KR",,False,below,https://kr.indeed.com/viewjob?jk=38121b8000fa2a57
2026-09-22,li,Revolut,Head of Product (Wealth & Trading),,revolut,True,target,https://www.linkedin.com/jobs/view/4366473227
2026-09-22,li,Cygnify,Product Design Development Manager,"Singapore, Singapore",,True,below,https://www.linkedin.com/jobs/view/4467354538
2026-09-22,li,JOOLA,Global Head of Product (Softline),"Singapore, Singapore",,True,target,https://www.linkedin.com/jobs/view/4469833238
2026-09-22,li,WeAreAspire,Head of Graphic Design,"Singapore, Singapore",aspire,True,target,https://www.linkedin.com/jobs/view/4467378905
2026-09-22,li,GovTech Singapore,"Deputy Director, Design Management, Product Development Office","Singapore, Singapore",,True,target,https://www.linkedin.com/jobs/view/4414441519
2026-09-22,li,Dyson,Design Manager - Experience,"Singapore, Singapore",,True,below,https://www.linkedin.com/jobs/view/4415348287
2026-09-22,li,GovTech Singapore,"Principal / Lead Designer, Design Practice","Singapore, Singapore",,True,target,https://www.linkedin.com/jobs/view/4424240006
2026-09-22,li,Tan Tock Seng Hospital,"Sr Manager, CHI - Kaizen Office","Singapore, Singapore",,False,below,https://www.linkedin.com/jobs/view/4469509437
2026-09-22,li,BIT Official,Head of Product Design,"Singapore, Singapore",,True,target,https://www.linkedin.com/jobs/view/4466647393
2026-09-22,li,Singapore Institute of Technology,Senior Professional Officer (& above) in UX / UI Design (IaaS Centre),"Singapore, Singapore",,True,below,https://www.linkedin.com/jobs/view/4414777840
2026-09-22,li,Airwallex,Director of Product Design - Developer Platform,"Singapore, Singapore",airwallex,False,target,https://www.linkedin.com/jobs/view/4363289951
2026-09-22,li,ACRA - Accounting and Corporate Regulatory Authority,"[PDMD] Manager/Senior Manager, Product Design & Management Department","Singapore, Singapore",,True,below,https://www.linkedin.com/jobs/view/4457760937
2026-09-22,li,ROYAL INSIGNIA,Head of Creative & Design,"Loyang, East Region, Singapore",,True,target,https://www.linkedin.com/jobs/view/4465936669
2026-09-22,li,K2 STRATEGIC,Head of Design,"Singapore, Singapore",,True,target,https://www.linkedin.com/jobs/view/4468207470
2026-09-22,li,Procter & Gamble,Design Director (Fabric Japan/ Korea),"Singapore, Singapore",,True,target,https://www.linkedin.com/jobs/view/4451218364
2026-09-22,li,BJAK,Creative Design Lead,,,True,target,https://www.linkedin.com/jobs/view/4467440391
2026-09-22,li,SM2 Consulting,Vice President of Product Management,"Singapore, Singapore",,True,target,https://www.linkedin.com/jobs/view/4467712283
2026-09-22,li,Changi Airport Group,"General Manager/Associate General Manager, Design Management","Singapore, Singapore",,True,below,https://www.linkedin.com/jobs/view/4430371785
2026-09-22,li,Thoughtworks,Lead Experience Designer,"Singapore, Singapore",,True,target,https://www.linkedin.com/jobs/view/4465765219
2026-09-22,li,Ministry of Defence of Singapore,Manager (Systems Development),"Singapore, Singapore",,False,below,https://www.linkedin.com/jobs/view/4444283159
2026-09-22,indeed,DADACONSULTANTS PTE. LTD.,"Fullstack Engineer (Python, Golang, fintech, payment, boutique company)","Singapore, S00, SG",,False,below,https://sg.indeed.com/viewjob?jk=892dc3ec55f6dbb9
2026-09-22,indeed,Raffles,Raffles Butler Intern,"Singapore, S00, SG",,False,below,https://sg.indeed.com/viewjob?jk=21ef29cb3be7c1a2
2026-09-22,indeed,BNY,"Senior Vice President, Digital Assets Operations APAC","Singapore, S00, SG",,False,target,https://sg.indeed.com/viewjob?jk=85a3d89f8cc4518d
2026-09-22,indeed,Grab,"Lead Product Manager, Technical Infrastructure","Singapore, S00, SG",grab-grab-financial-group,True,target,https://sg.indeed.com/viewjob?jk=f38990679a3ddd72
2026-09-22,indeed,Sumitomo Group,"Vice President, Capital Markets Department, Asia Pacific, Planning",SG,,False,target,https://sg.indeed.com/viewjob?jk=f6d1f09394a79ef9
2026-09-22,indeed,SmartDev,Product Lead (GTM),"Downtown Core, S00, SG",,True,target,https://sg.indeed.com/viewjob?jk=669ecafbed9afeb7
2026-09-22,indeed,Sulzer,Senior Procurement Engineer,SG,,False,below,https://sg.indeed.com/viewjob?jk=f71a8d39db455b8d
2026-09-22,indeed,Capital Group,Business Manager,SG,scalable-capital,False,below,https://sg.indeed.com/viewjob?jk=4e5da8edd279e092
2026-09-22,indeed,XENDIT PTE. LTD.,"Solutions Engineer, Singapore","Toa Payoh, S00, SG",,False,below,https://sg.indeed.com/viewjob?jk=190b8b6945b01720
2026-09-22,indeed,Mitrade Group,"Assistant Manager, Branding & Social Media","Outram, S00, SG",,False,below,https://sg.indeed.com/viewjob?jk=ed72f1a31cfa775f
2026-09-22,indeed,FINMO TECH PTE. LTD.,Head of Strategic Partnerships,"Outram, S00, SG",,False,target,https://sg.indeed.com/viewjob?jk=fa476957edab1d09
2026-09-22,indeed,INNOVATIQ TECHNOLOGIES PTE. LTD.,AI Sales Solutions Consultant,"Geylang, S00, SG",,False,below,https://sg.indeed.com/viewjob?jk=f5cfdee0693006e4
2026-09-22,indeed,Procter & Gamble,"Associate Researcher/ Researcher, Skin Bioscience Discovery Accelerator, R&D","Clementi, S00, SG",,False,below,https://sg.indeed.com/viewjob?jk=f73c7f9d963eac18
2026-09-22,indeed,Supabase,"Product Lead, Infrastructure","Remote, SG",,True,target,https://sg.indeed.com/viewjob?jk=5522239567fe28bc
2026-09-22,indeed,SGX,"Intern - Business Management Transformation (Spring 2027, Jan to Jun)","Singapore, S00, SG",,False,below,https://sg.indeed.com/viewjob?jk=55da3de7b127214c
2026-09-22,indeed,Grab,Software Engineering Manager,"Singapore, S00, SG",grab-grab-financial-group,False,below,https://sg.indeed.com/viewjob?jk=44ff75f8697a8d01
2026-09-22,indeed,Lico Resources,Tax Specialist (Listed Financial Institution),"Singapore, S00, SG",,False,below,https://sg.indeed.com/viewjob?jk=2090d97fd170004a
2026-09-22,indeed,Procter & Gamble,"Postdoc, Skin Longevity and the Biology of Life Transitions (2-year Fixed Term)","Clementi, S00, SG",,False,below,https://sg.indeed.com/viewjob?jk=3d6b98e18e2b56eb
2026-09-22,indeed,Procter & Gamble,"Postdoc, Autonomous Discovery & the AI Life Science Platform (2-year Fixed Term)","Clementi, S00, SG",,False,below,https://sg.indeed.com/viewjob?jk=99a9365d6c4923ce
2026-09-22,indeed,Motive Offshore Group Ltd,Project Manager APAC (#736),"Pasir Ris, S00, SG",,False,below,https://sg.indeed.com/viewjob?jk=ee7004349d1b6c20
2026-09-22,li,Deckers Brands,"VP, Product Development- Asia","Kowloon, Hong Kong SAR",,True,target,https://www.linkedin.com/jobs/view/4411194759
2026-09-22,li,The Hong Kong Jockey Club,"Deputy Executive Manager, Digital Experience and Innovation","Happy Valley, Hong Kong SAR",,False,below,https://www.linkedin.com/jobs/view/4469591051
2026-09-22,li,Mace,Senior Design Manager,"Central, Hong Kong SAR",,True,below,https://www.linkedin.com/jobs/view/4393595066
2026-09-22,li,Fanatics,"Art Director - Topps Trading Cards, China",,,False,target,https://www.linkedin.com/jobs/view/4449742699
2026-09-22,li,Hays,"Director, Product Development (Life Insurance & Savings)","Hong Kong, Hong Kong SAR",,True,target,https://www.linkedin.com/jobs/view/4456210263
2026-09-22,li,OCBC,"Head of Product Development and Channels, Transaction Banking (HK, Macau)","Hong Kong, Hong Kong SAR",ocbc-bank,True,target,https://www.linkedin.com/jobs/view/4441771373
2026-09-22,li,BoF Careers,"Tory Burch Director, Product Development, HB/SLGs","Hong Kong, Hong Kong SAR",,True,target,https://www.linkedin.com/jobs/view/4467505117
2026-09-22,li,PAX,Product Design Engineer,"Hong Kong, Hong Kong SAR",,True,below,https://www.linkedin.com/jobs/view/4467986039
2026-09-22,li,Manulife,"Director, Product Proposition & Solutions","Hong Kong, Hong Kong SAR",,True,target,https://www.linkedin.com/jobs/view/4466832400
2026-09-22,li,Bupa Hong Kong,"Senior Manager, Product Development and Individual Propositions","Kwun Tong District, Hong Kong SAR",,True,below,https://www.linkedin.com/jobs/view/4466838534
2026-09-22,li,OKX,"Product Director, Localisation & AI Evals","Hong Kong, Hong Kong SAR",,True,target,https://www.linkedin.com/jobs/view/4466828071
2026-09-22,li,Doit,Head of Strategy and Product,,,True,target,https://www.linkedin.com/jobs/view/4466820941
2026-09-22,li,TORY BURCH,"Director, Product Development, HB/SLGs","San Po Kong, Hong Kong SAR",,True,target,https://www.linkedin.com/jobs/view/4467969163
2026-09-22,li,Shangri-La Group,"Vice President, Family Experience","Hong Kong, Hong Kong SAR",,False,target,https://www.linkedin.com/jobs/view/4377571625
2026-09-22,li,Lidl & Kaufland Asia,Product Development Manager - Home & Living,"Kowloon, Hong Kong SAR",,True,below,https://www.linkedin.com/jobs/view/4466184763
2026-09-22,li,Mandarin Oriental,Director of RB&E Concepts (Innovation),,,False,target,https://www.linkedin.com/jobs/view/4467494627
2026-09-22,li,I.T,Associate Creative Director – Womenswear (International Brand),"Hong Kong, Hong Kong SAR",,False,target,https://www.linkedin.com/jobs/view/4466190516
2026-09-22,li,Federation Hunter,Product Design Director,,,True,target,https://www.linkedin.com/jobs/view/4465729184
2026-09-22,li,Bank of China (Hong Kong),Customer Experience Manager / Deputy Customer Experience Manager,,,False,below,https://www.linkedin.com/jobs/view/4465719098
2026-09-22,li,The Bank of East Asia (BEA),Team Head & Senior VP (Product Development) - Enterprise and Transaction Banking,"Hong Kong, Hong Kong SAR",,True,target,https://www.linkedin.com/jobs/view/4465496750
2026-09-22,indeed,Delivery Hero,Head of Marketplace Experience,HK,delivery-hero,False,target,https://hk.indeed.com/viewjob?jk=cfff5ec96738fca4
2026-09-22,indeed,Ascendis Pharma,"APAC Regional Medical Affairs Associate Director, International Markets",HK,,False,target,https://hk.indeed.com/viewjob?jk=c94dc88ea9f549dd
2026-09-22,indeed,Retu Management Consulting Limited,Head of Customer Service,HK,,False,target,https://hk.indeed.com/viewjob?jk=8819ab5660396a50
2026-09-22,indeed,LINKLATERS BUSINESS SERVICES (H.K.) LIMITED,"Head of Marketing, Asia",HK,,False,target,https://hk.indeed.com/viewjob?jk=edbd37629234e211
2026-09-22,indeed,Bank of China,Senior / Treasury Marketing Manager (Precious Metals),HK,,True,below,https://hk.indeed.com/viewjob?jk=4a18e2ccf52c6926
2026-09-22,indeed,JPC TEXSON LTD,"FASHION GRAPHIC DESIGNER - US casual wear fashion brand owner - Hong Kong sourcing office, design & development hub (TST)",HK,,True,below,https://hk.indeed.com/viewjob?jk=e4ac17ed0c8855af
2026-09-22,indeed,HSBC,IFRS Reporting Actuarial Head,"Kowloon City, KOW, HK",hsbc,False,below,https://hk.indeed.com/viewjob?jk=0ce69a1dd02b42c7
2026-09-22,indeed,DBS Bank,"AVP, Data Scientist (Investment Product & Advisory), Consumer Banking Group Analytics",HK,dbs-bank,False,target,https://hk.indeed.com/viewjob?jk=8a08a5acfeedbf2f
2026-09-22,indeed,Quince,"Senior Manager, Global Procurement",HK,,False,below,https://hk.indeed.com/viewjob?jk=ce3054fa9da2108e
2026-09-22,indeed,BNP Paribas,Asset Management - Investment - Head of Client Advisory APAC,HK,bnp-paribas,False,target,https://hk.indeed.com/viewjob?jk=7540066b0ced62a8
2026-09-22,indeed,Casetify,(Senior) Partnerships Manager,"Ngau Tau Kok, KOW, HK",,False,below,https://hk.indeed.com/viewjob?jk=a179c1a61c8c4cd1
2026-09-22,indeed,DBS Bank,"VP, Team Lead, Consumer Banking Group Analytics (Investment Product & Advisory)",HK,dbs-bank,True,target,https://hk.indeed.com/viewjob?jk=866036f5a244033a
2026-09-22,indeed,Hong Kong Aircraft Engineering Company Limited,Group Technology Project Lead,HK,,False,target,https://hk.indeed.com/viewjob?jk=004527b5e2f3a25f
2026-09-22,indeed,Standard Chartered Bank,"Legal Counsel, Financial Markets (Singapore, Hong Kong)","Central, HKI, HK",standard-chartered,False,below,https://hk.indeed.com/viewjob?jk=14590846fb3b8a46
2026-09-22,indeed,BOC Group Life Assurance,Senior Ecosystem Innovation Manager,HK,,False,below,https://hk.indeed.com/viewjob?jk=8a8039dd61a24dcc
2026-09-22,indeed,Manulife,"Assistant Vice President, Head of Trustee Transformation & Control Modernization",HK,,False,target,https://hk.indeed.com/viewjob?jk=0055f04bd2443385
2026-09-22,indeed,TreeholeHK Limited,Research Psychologist,"Wan Chai, HKI, HK",,False,below,https://hk.indeed.com/viewjob?jk=5db1d53eaf6ddff8
2026-09-22,indeed,Manulife,"Assistant Vice President, Head of Trustee Transformation & Control Modernization",HK,,False,target,https://hk.indeed.com/viewjob?jk=6684c09f560e5445
2026-09-22,indeed,JLL,Marketing Manager,HK,,True,below,https://hk.indeed.com/viewjob?jk=94e01f3ba48037d2
2026-09-22,indeed,HSBC,"Division Head, Intelligence and Insights","Kowloon City, KOW, HK",hsbc,False,below,https://hk.indeed.com/viewjob?jk=d8002392556919b3
2026-09-22,li,Celestica,ME Design Director,"Taipei, Taipei City, Taiwan",,True,target,https://www.linkedin.com/jobs/view/4424221451
2026-09-22,li,Compal,伺服器&機櫃機構設計 設計主任/設計經理 (內湖) - TWIR15351,"Taipei, Taipei City, Taiwan",,False,below,https://www.linkedin.com/jobs/view/4415009378
2026-09-22,li,Molex,New Product Development Director (Hybrid),"Xinyi District, Taipei City, Taiwan",,True,target,https://www.linkedin.com/jobs/view/4410350372
2026-09-22,li,Compal,Display/Touch Screen 設計主任(內湖) - TWPR12406,"Taipei, Taipei City, Taiwan",,False,below,https://www.linkedin.com/jobs/view/4440626147
2026-09-22,li,Lenovo,Product Innovation Management,"Zhongshan District, Taipei City, Taiwan",,True,below,https://www.linkedin.com/jobs/view/4458662560
2026-09-22,li,Klook,"Senior Manager, Vertical Planning & Operations","Taipei City, Taiwan",,False,below,https://www.linkedin.com/jobs/view/4469168667
2026-09-22,li,BJAK,Product Lead - AI Investing,"Taipei City, Taiwan",,True,target,https://www.linkedin.com/jobs/view/4468895917
2026-09-22,li,SonicWall,"Senior Director, Hardware","Zhubei City, Taiwan, Taiwan",,False,target,https://www.linkedin.com/jobs/view/4459339222
2026-09-22,li,SonicWall,"Senior Director, Hardware","Taipei, Taipei City, Taiwan",,False,target,https://www.linkedin.com/jobs/view/4459339223
2026-09-22,li,BJAK,Business Unit Head - Wealth Management App,"Taiwan, Taiwan",,False,below,https://www.linkedin.com/jobs/view/4468601260
2026-09-22,li,Google,"Senior Manager, Product Design Engineering, Pixel Phones","Banqiao District, New Taipei City, Taiwan",google,True,below,https://www.linkedin.com/jobs/view/4457614333
2026-09-22,li,Doit,Head of Strategy and Product,"Taipei City, Taipei City, Taiwan",,True,target,https://www.linkedin.com/jobs/view/4466838104
2026-09-22,li,SUSS,Design Engineering Manager (m/f/d),,,True,below,https://www.linkedin.com/jobs/view/4459160073
2026-09-22,li,Nordson Corporation,"Senior Manager, New Product Development Engineering","Taipei, Taipei City, Taiwan",,False,below,https://www.linkedin.com/jobs/view/4447902170
2026-09-22,li,ASML,CS - HMI Group Lead  (tsmc team2) - Hsinchu,,asml,False,target,https://www.linkedin.com/jobs/view/4431369381
2026-09-22,li,MRL Consulting Group | Global Niche Technology Recruitment,Product Management/Business Unit Leader,"Taipei, Taipei City, Taiwan",,True,below,https://www.linkedin.com/jobs/view/4427544811
2026-09-22,li,Supermicro,Director of Product Management,"New Taipei City, New Taipei City, Taiwan",,True,target,https://www.linkedin.com/jobs/view/4458138949
2026-09-22,li,ADLINK Technology,Intelligent Systems Product Division Head,"Linkou District, New Taipei City, Taiwan",,True,below,https://www.linkedin.com/jobs/view/4454493597
2026-09-22,li,AIFIAN,Brand Design Lead,"Neihu District, Taipei City, Taiwan",,True,target,https://www.linkedin.com/jobs/view/4470248290
2026-09-22,li,Supermicro,Sr. Director of Product Management,"Bade District, Taoyuan City, Taiwan",,True,target,https://www.linkedin.com/jobs/view/4339282788
2026-09-22,indeed,Analog Devices,"Sr Manager, Product & Test Engineering - Power Modules","台北市, TPE, TW",,False,below,https://tw.indeed.com/viewjob?jk=0a4ea284cd90ccb5
2026-09-22,li,Rakuten,"Creative Director B2B Creative Web Design Group - Marketing Section , Corporate Business Marketing Department , Group Sales Division(GSD)","Tokyo, Tokyo, Japan",rakuten,False,target,https://www.linkedin.com/jobs/view/4414919625
2026-09-22,li,Tapestry,"Director, Digital COE Lead, North Asia","Minato-ku, Aichi, Japan",,False,target,https://www.linkedin.com/jobs/view/4411509190
2026-09-22,li,FUJITSU LIMITED（JAPAN）,「富岳NEXT」開発プロジェクトのシステム仕様策定（リーダー）(2名募集),,fujitsu,False,below,https://www.linkedin.com/jobs/view/4432964023
2026-09-22,li,Fanatics,"Art Director - Topps Trading Cards, Japan","Tokyo, Tokyo, Japan",,False,target,https://www.linkedin.com/jobs/view/4450237200
2026-09-22,li,WPP,"WPP Production | Interactive Project Director, Japan","Tokyo, Tokyo, Japan",,False,target,https://www.linkedin.com/jobs/view/4441612111
2026-09-22,li,Avanade,"Manager, UX Design","Tokyo, Tokyo, Japan",,True,below,https://www.linkedin.com/jobs/view/4448718964
2026-09-22,li,Accenture Japan,エクスペリエンス マネジメント / Experience management_管理職_Song,"Tokyo, Tokyo, Japan",accenture,False,below,https://www.linkedin.com/jobs/view/4434344119
2026-09-22,li,Accenture Japan,エクスペリエンス マネジメント / Experience management_Song,"Tokyo, Tokyo, Japan",accenture,False,below,https://www.linkedin.com/jobs/view/4434328822
2026-09-22,li,Arc'teryx Equipment,"Director, Product Development","Tokyo, Tokyo, Japan",,True,target,https://www.linkedin.com/jobs/view/4418799186
2026-09-22,li,MSD,Experience Design Strategist,"Tokyo, Tokyo, Japan",,True,below,https://www.linkedin.com/jobs/view/4448749824
2026-09-22,li,doda (デューダ),デザイン組織戦略・デザインコンサルティング統括責任者■1900万～◆富士通◆126休日◆リモート可,"Kanagawa, Japan",,False,below,https://www.linkedin.com/jobs/view/4468674544
2026-09-22,li,HARMAN International,UXUI Design Manager,"Tokyo, Tokyo, Japan",,True,below,https://www.linkedin.com/jobs/view/4438080555
2026-09-22,li,Hitachi,【3104】社会課題解決に向けた社会インフラDXをリードするデザイナー[Assistant Manager],"Tokyo, Tokyo, Japan",,False,below,https://www.linkedin.com/jobs/view/4465012138
2026-09-22,li,Boston Consulting Group (BCG),Creative Manager,"Tokyo, Japan",,False,below,https://www.linkedin.com/jobs/view/4448287506
2026-09-22,li,Linkard Inc.,"＜案件No.1011＞【〜1,000万】商品企画マネージャー（デザイン統括）｜歴史的ブランドのリブランディングを支えるモノづくりリーダー","Tokyo, Japan",,False,below,https://www.linkedin.com/jobs/view/4467431934
2026-09-22,li,Good Maven,Head of Design,"Tokyo, Japan",,True,target,https://www.linkedin.com/jobs/view/4409287414
2026-09-22,li,Van Cleef & Arpels,Store Design Senior Manager,"Tokyo, Japan",,True,below,https://www.linkedin.com/jobs/view/4419833923
2026-09-22,li,Aquent,プロダクト・UI/UXデザイナー_マネージャー・マネージャー候補　　出社/在宅ワークのハイブリット型就業！家庭用および医療用健康機器の開発・販売企業 [AQ-18863],"Kyoto, Japan",,True,below,https://www.linkedin.com/jobs/view/4468573707
2026-09-22,li,Aquent,UIUXデザイナー マネージャー候補　　コスメ・美容に興味のある方おすすめ！国内最大級のコスメ・美容総合サイト運営企業 [AQ-18873],"Tokyo, Tokyo, Japan",,False,below,https://www.linkedin.com/jobs/view/4468579528
2026-09-22,li,doda (デューダ),UIUXディレクター◆大手新卒就活サイト◆課題解決のためのプランニングなど◆リモート可,"Tokyo, Tokyo, Japan",,False,below,https://www.linkedin.com/jobs/view/4467677696
2026-09-22,indeed,Boehringer Ingelheim,Engagement and Innovation Lead/Manager/Global ExpMED Inflammation,"大崎, JPC, JP",,False,target,https://jp.indeed.com/viewjob?jk=4694dd1a3f80280c
2026-09-22,indeed,Unity Technologies,Head of Strategic Sales,"銀座, JPC, JP",,False,target,https://jp.indeed.com/viewjob?jk=85b09767d0044d69
2026-09-22,li,ActAI,Creative Director,"Seoul, South Korea",,False,target,https://www.linkedin.com/jobs/view/4468718385
2026-09-22,li,CJ OLIVE YOUNG,Product Designer (팀장급),"Seoul, Seoul, South Korea",,True,below,https://www.linkedin.com/jobs/view/4450014832
2026-09-22,li,L'Oréal,[L'Oreal Korea] Global Innovation Project Manager (Make-up/Skincare) - Korea Innovation Center (KIC),"Seoul, Seoul, South Korea",,False,below,https://www.linkedin.com/jobs/view/4467854306
2026-09-22,li,BJAK,Product Lead - AI Neobank App,"Seoul, South Korea",,True,target,https://www.linkedin.com/jobs/view/4469129002
2026-09-22,li,Digital Edge DC,"Director, Design Delivery",,,True,target,https://www.linkedin.com/jobs/view/4464195428
2026-09-22,li,BJAK,Product Lead - AI Investing,"Seoul, South Korea",,True,target,https://www.linkedin.com/jobs/view/4468899684
2026-09-22,li,BJAK,Product Lead - AI Stockbroking,"Seoul, South Korea",,True,target,https://www.linkedin.com/jobs/view/4469122339
2026-09-22,li,BJAK,Product Lead - AI Finance,"Seoul, South Korea",,False,target,https://www.linkedin.com/jobs/view/4468896357
2026-09-22,li,CJ ENM ENTERTAINMENT DIV.,[CJ ENM] Mnet Plus Product Design Part Lead_경력채용,"Seoul, Seoul, South Korea",,True,below,https://www.linkedin.com/jobs/view/4347557580
2026-09-22,li,SpoonLabs,Product Manager,"Gangnam District, Seoul, South Korea",,True,below,https://www.linkedin.com/jobs/view/4467182475
2026-09-22,li,KRAFTON Inc.,[PUBG Franchise] Art Director (10년 이상),"Seoul, Seoul, South Korea",,False,target,https://www.linkedin.com/jobs/view/4449611033
2026-09-22,li,ALTEN KOREA,Exterior Technical leader,"Songdo International Business District, Incheon, South Korea",,False,below,https://www.linkedin.com/jobs/view/4467952773
2026-09-22,li,ALTEN KOREA,BIW Technical leader,"Songdo International Business District, Incheon, South Korea",,False,below,https://www.linkedin.com/jobs/view/4467954723
2026-09-22,li,Makro PRO,Senior Manager- Product Owner,,,True,below,https://www.linkedin.com/jobs/view/4383502666
2026-09-22,li,Next Securities,UX Design Lead,"Seoul, South Korea",,True,target,https://www.linkedin.com/jobs/view/4470269842
2026-09-22,li,Next Securities,BX Design Lead,"Seoul, South Korea",,True,target,https://www.linkedin.com/jobs/view/4470269852
2026-09-22,li,42dot,Connect Product Portfolio Governance Team Lead,"Seongnam, Gyeonggi, South Korea",,True,target,https://www.linkedin.com/jobs/view/4457330840
2026-09-22,li,42dot,Senior Product Designer (Connect),"Seongnam, Gyeonggi, South Korea",,True,below,https://www.linkedin.com/jobs/view/4442729368
2026-09-22,li,Riot Games,Regional Publishing Product Lead - Riftbound,"Seoul, South Korea",,True,target,https://www.linkedin.com/jobs/view/4468521954
2026-09-22,indeed,Coloplast,Commercial Master Trainer,"11, KR",,False,below,https://kr.indeed.com/viewjob?jk=bd33d55c22152b56
2026-09-22,li,WSP in New Zealand,Digital Design Lead - Water,"Christchurch, Canterbury, New Zealand",,True,target,https://www.linkedin.com/jobs/view/4433808794
2026-09-22,li,Halter,Software Engineering Manager,"Auckland, New Zealand",,False,below,https://www.linkedin.com/jobs/view/4408385365
2026-09-22,li,WSP in Canada,Digital Design Lead - Water,"Hamilton, Waikato, New Zealand",,True,target,https://www.linkedin.com/jobs/view/4432961227
2026-09-22,li,WSP in New Zealand,Digital Design Lead - Water,"Auckland, Auckland, New Zealand",,True,target,https://www.linkedin.com/jobs/view/4433819524
2026-09-22,li,WSP in New Zealand,Digital Design Lead - Water,"Hamilton, Waikato, New Zealand",,True,target,https://www.linkedin.com/jobs/view/4433804930
2026-09-22,li,WSP in New Zealand,Digital Design Lead - Water,"Wellington, Wellington, New Zealand",,True,target,https://www.linkedin.com/jobs/view/4433816582
2026-09-22,li,PwC New Zealand,Customer Transformation – CX & Service Design – Associate Director,"Auckland, Auckland, New Zealand",,True,target,https://www.linkedin.com/jobs/view/4468855198
2026-09-22,li,SkyCity Entertainment Group,Art Director/Studio Manager,"Auckland, Auckland, New Zealand",,False,target,https://www.linkedin.com/jobs/view/4466646810
2026-09-22,li,Fisher & Paykel Appliances,Functional Leader,"Auckland, Auckland, New Zealand",,False,below,https://www.linkedin.com/jobs/view/4459889778
2026-09-22,li,Fisher & Paykel Appliances,Head of Digital Product Engineering,"Auckland, Auckland, New Zealand",,False,target,https://www.linkedin.com/jobs/view/4458920299
2026-09-22,li,ZURU Edge,Marketing Lead - Home Care,"Auckland, Auckland, New Zealand",,False,target,https://www.linkedin.com/jobs/view/4469131128
2026-09-22,li,PwC New Zealand,Customer Transformation - Expressions of interest,"Auckland, New Zealand",,False,below,https://www.linkedin.com/jobs/view/4467580672
2026-09-22,li,Auckland Council,Practice Managers,"Auckland, Auckland, New Zealand",,False,below,https://www.linkedin.com/jobs/view/4466816987
2026-09-22,li,PwC New Zealand,Customer Transformation - Expressions of interest,"Wellington, New Zealand",,False,below,https://www.linkedin.com/jobs/view/4467115385
2026-09-22,li,Halter,Head of Creative Design,"Auckland, New Zealand",,True,target,https://www.linkedin.com/jobs/view/4466178091
2026-09-22,li,Kernel,Lead Product Designer,"Auckland, Auckland, New Zealand",,True,target,https://www.linkedin.com/jobs/view/4465768518
2026-09-22,li,Orah,Product Design Manager,"Auckland, New Zealand",,True,below,https://www.linkedin.com/jobs/view/4470261122
2026-09-22,li,Vitaco  Group,Brand Manager -  Healtheries (maternity cover),"Auckland, Auckland, New Zealand",,False,below,https://www.linkedin.com/jobs/view/4470294696
2026-09-22,li,Vitaco  Group,Brand Manager - Healtheries (maternity cover),"Auckland, Auckland, New Zealand",,False,below,https://www.linkedin.com/jobs/view/4470254221
2026-09-22,indeed,,Kathmandu Casual Sales Assistant: Onehunga,"Auckland City, N, NZ",,False,below,https://nz.indeed.com/viewjob?jk=ca98ee885f5030dd
2026-09-22,indeed,Fried eggs on Toast Ltd,Chef - Head / Sous & Chef de Partie,"Nelson East, S, NZ",,False,below,https://nz.indeed.com/viewjob?jk=d3e0228fb3743907
2026-09-22,indeed,,Kathmandu Part Time Sales Assistant: Taupo,"Taupo, N, NZ",,False,below,https://nz.indeed.com/viewjob?jk=24e55b624a690700
2026-09-22,indeed,,Kathmandu Part Time Sales Assistant: Takapuna,"Auckland City, N, NZ",,False,below,https://nz.indeed.com/viewjob?jk=3c7549b3603c5bfd
2026-09-22,indeed,Gallagher Group,Head of Marketing,"Hamilton, N, NZ",,False,target,https://nz.indeed.com/viewjob?jk=eb58464dddabb9a6
2026-09-22,indeed,NBCUniversal,Marketing & Finance Intern - Universal Pictures,"Auckland City, N, NZ",versa,False,below,https://nz.indeed.com/viewjob?jk=565f5f61918b2d27
2026-09-22,indeed,Gallagher Group,Head of Marketing,"Hamilton, N, NZ",,False,target,https://nz.indeed.com/viewjob?jk=9b3b129a4b68c742
2026-09-22,indeed,,Kathmandu Casual Sales Assistant: Dunedin,"Dunedin, S, NZ",,False,below,https://nz.indeed.com/viewjob?jk=9b8df97738fbcb77
2026-09-22,indeed,BNZ,Senior Data Engineer,"Auckland City, N, NZ",bank-of-new-zealand-bnz,False,below,https://nz.indeed.com/viewjob?jk=aa4c6b155408be9c
2026-09-22,indeed,,Kathmandu Part Time Sales Assistant: Tower Junction,"Christchurch, S, NZ",,False,below,https://nz.indeed.com/viewjob?jk=22f7e8ed92a00dc5
2026-09-22,indeed,,Kathmandu Full Time Store Manager: New Plymouth,"New Plymouth, N, NZ",,False,below,https://nz.indeed.com/viewjob?jk=10382f5cbf3f5756
2026-09-22,indeed,,Kathmandu Casual Sales Assistant: Manawa Bay,"Auckland City, N, NZ",,False,below,https://nz.indeed.com/viewjob?jk=a7193edc78c5897f
2026-09-22,indeed,Waste Management NZ Limited,Capability Lead - Customer Success,"Auckland City, N, NZ",,False,target,https://nz.indeed.com/viewjob?jk=20a12fec7ff11861
2026-09-22,indeed,LawVu,Security Architect & GRC Lead,NZ,,False,target,https://nz.indeed.com/viewjob?jk=425b6ed5aaac4fff
2026-09-22,indeed,,Kathmandu: Senior Graphic Designer,"Christchurch, S, NZ",,True,below,https://nz.indeed.com/viewjob?jk=d2d15d7cc335913e
2026-09-22,indeed,Marriott International,Sous Chef,"Auckland City, N, NZ",,False,below,https://nz.indeed.com/viewjob?jk=f1bf623e46c9af00
2026-09-22,indeed,,Kathmandu Casual Sales Assistant: Ashburton,"Ashburton, S, NZ",,False,below,https://nz.indeed.com/viewjob?jk=fc41bde3cd8f557f
2026-09-22,indeed,Education Perfect,Senior Quality Editor - English,NZ,,False,below,https://nz.indeed.com/viewjob?jk=64cdd388803916ed
2026-09-22,indeed,Nylon,Head of Engineering,"Christchurch, S, NZ",,False,target,https://nz.indeed.com/viewjob?jk=a48b0f4d14a8e951
2026-09-22,indeed,Nylon,Head of Engineering,"Auckland City, N, NZ",,False,target,https://nz.indeed.com/viewjob?jk=ad6e42ed3aa6269d
2026-09-22,li,AustralianSuper,Lead Product Designer,"Melbourne, Victoria, Australia",,True,target,https://www.linkedin.com/jobs/view/4468497843
2026-09-22,li,Nine,National Head of Graphics,"Sydney, New South Wales, Australia",,False,target,https://www.linkedin.com/jobs/view/4469849137
2026-09-22,li,Gardeners Crate,Head of Product Development (Mechanical Engineer)  —  Fast-Growing Ecommerce Power Tool Brand,,,False,target,https://www.linkedin.com/jobs/view/4469834217
2026-09-22,li,Commonwealth Bank,Chapter Lead - Brand Strategy - 12 month contract,"Sydney, New South Wales, Australia",commonwealth-bank-of-australia,True,target,https://www.linkedin.com/jobs/view/4469841541
2026-09-22,li,Airwallex,Staff Product Designer,"Melbourne, Victoria, Australia",airwallex,True,target,https://www.linkedin.com/jobs/view/4143796007
2026-09-22,li,Aquent,Senior Design Director [AQ-18641],,,True,target,https://www.linkedin.com/jobs/view/4467315987
2026-09-22,li,MESHKI,Head Of Design,"Mascot, New South Wales, Australia",,True,target,https://www.linkedin.com/jobs/view/4468859390
2026-09-22,li,ALPHA60,Head of Design,"Collingwood, Victoria, Australia",,True,target,https://www.linkedin.com/jobs/view/4466660552
2026-09-22,li,Zeekr International,Head of Product,"Sydney, New South Wales, Australia",,True,target,https://www.linkedin.com/jobs/view/4469139303
2026-09-22,li,Jobgether,Head of UX/UI,,,True,target,https://www.linkedin.com/jobs/view/4466848993
2026-09-22,li,Transport for NSW,Director Customer Experience Design,"Kirribilli, New South Wales, Australia",,True,target,https://www.linkedin.com/jobs/view/4467941703
2026-09-22,li,King Living,Head of Creative Studio,"Turrella, New South Wales, Australia",,False,target,https://www.linkedin.com/jobs/view/4467971175
2026-09-22,li,Jobgether,Head of Product,,,True,target,https://www.linkedin.com/jobs/view/4466829611
2026-09-22,li,Canva,Head of Product Design - Growth,"Sydney, New South Wales, Australia",,True,target,https://www.linkedin.com/jobs/view/4439789653
2026-09-22,li,Rivyl,Creative Director,"North Sydney, New South Wales, Australia",,False,target,https://www.linkedin.com/jobs/view/4465751139
2026-09-22,li,Austin Group,Head of Creative | Perri Cutten,"Malvern, Victoria, Australia",,False,target,https://www.linkedin.com/jobs/view/4470286054
2026-09-22,li,Perri Cutten,Head of Creative,"Malvern, Victoria, Australia",,False,target,https://www.linkedin.com/jobs/view/4468505595
2026-09-22,li,Deloitte,"Lead Director, AI Design Technology","Sydney, New South Wales, Australia",,True,target,https://www.linkedin.com/jobs/view/4470279042
2026-09-22,li,Aquent Australia,Senior Design Director (212911),"Melbourne, Victoria, Australia",,True,target,https://www.linkedin.com/jobs/view/4470243885
2026-09-22,li,DFP Recruitment,Lead UXUI Designers,"Sydney, New South Wales, Australia",,True,target,https://www.linkedin.com/jobs/view/4468183568
2026-09-22,indeed,Justin Lane Pty Ltd,Marketing Specialist - Hospitality,"Burleigh Heads, QLD, AU",,False,below,https://au.indeed.com/viewjob?jk=513742091ab94435
2026-09-22,indeed,RACV,Senior Developer (CDP & Marketing Automation),"Melbourne, VIC, AU",,False,below,https://au.indeed.com/viewjob?jk=19a24bf877962a01
2026-09-22,indeed,Firmus Technologies,Service Delivery Manager,"Sydney, NSW, AU",,False,below,https://au.indeed.com/viewjob?jk=2f9549afaa351890
2026-09-22,indeed,Virgin Australia,"Leader, Group Reporting","Brisbane, QLD, AU",,False,target,https://au.indeed.com/viewjob?jk=ba9d4474fd5d0e1b
2026-09-22,indeed,Delivery Centric,Maximo Lead Consultant,"Perth, WA, AU",,False,target,https://au.indeed.com/viewjob?jk=425d44cc53b16aaa
2026-09-22,indeed,Cotton On,Trend Director - Supre Global Support Centre,"Chadstone, VIC, AU",,False,target,https://au.indeed.com/viewjob?jk=1943121228ad8264
2026-09-22,indeed,McCoskers,"Contracts Administrator - Gladstone, QLD","Gladstone, QLD, AU",,False,below,https://au.indeed.com/viewjob?jk=4f64354ebc5da70d
2026-09-22,indeed,Fusion SD,Full Stack Developer/ Software Engineer,"Bella Vista, NSW, AU",,False,below,https://au.indeed.com/viewjob?jk=811f6c7f8a47a84b
2026-09-22,indeed,,Kathmandu Casual Sales Assistant: Jindalee,"Jamboree Heights, QLD, AU",,False,below,https://au.indeed.com/viewjob?jk=625819512b57536f
2026-09-22,indeed,,Kathmandu Casual Sales Assistant: Brisbane Airport DFO,"Brisbane Airport, QLD, AU",,False,below,https://au.indeed.com/viewjob?jk=b5f86a99652ae807
2026-09-22,indeed,,Kathmandu Full Time Store Manager: Waurn Ponds,"Waurn Ponds, VIC, AU",,False,below,https://au.indeed.com/viewjob?jk=a53d5c8b8b4f74b7
2026-09-22,indeed,,Kathmandu Casual Sales Assistant: Highpoint,"Ascot Vale, VIC, AU",,False,below,https://au.indeed.com/viewjob?jk=899d4588e6487111
2026-09-22,indeed,SiteMinder,Senior HR Business Partner,"Sydney, NSW, AU",,False,below,https://au.indeed.com/viewjob?jk=65d4958707df9786
2026-09-22,indeed,GPK Group,Software Developer,"Hallam, VIC, AU",,False,below,https://au.indeed.com/viewjob?jk=f13efcaace4cc3fe
2026-09-22,indeed,Perpetual,"Digital Marketing Manager, Perpetual Wealth","Sydney, NSW, AU",perpetual-limited,True,below,https://au.indeed.com/viewjob?jk=f44ebbd665d2540e
2026-09-22,indeed,Shift,Head of Payment Operations,"Sydney, NSW, AU",,False,target,https://au.indeed.com/viewjob?jk=1e7cc3923af3409c
2026-09-22,indeed,Skip Loans,"Head of Risk, Compliance & Legal","Sydney, NSW, AU",,False,target,https://au.indeed.com/viewjob?jk=808c086749405038
2026-09-22,indeed,Glitch Productions,Head of Marketing,"Sydney, NSW, AU",,False,target,https://au.indeed.com/viewjob?jk=414ca8282e8fced7
2026-09-22,indeed,Mineral Resources,Plant Mechanical Engineer,"Osborne Park, WA, AU",,False,below,https://au.indeed.com/viewjob?jk=dc3ebf81faf550d5
2026-09-22,indeed,KBR,Contracts Administrator,"Sydney, NSW, AU",,False,below,https://au.indeed.com/viewjob?jk=33db450fd922f336
2026-09-22,li,Toptal,"SVP, Product",,,True,below,https://www.linkedin.com/jobs/view/4467716290
2026-09-22,li,Secfi,Lead Product Designer,"Amsterdam, North Holland, Netherlands",,True,target,https://www.linkedin.com/jobs/view/4457344632
2026-09-22,li,Netprofiler,Innovation and Product Director - Search,"Amsterdam, North Holland, Netherlands",,True,target,https://www.linkedin.com/jobs/view/4469147163
2026-09-22,li,WE Fashion,Design Manager Womenswear,"Utrecht, Netherlands",,True,below,https://www.linkedin.com/jobs/view/4458702741
2026-09-22,li,Kitech Recruitment B.V. - Engineers,Design Manager,"Delft, South Holland, Netherlands",,True,below,https://www.linkedin.com/jobs/view/4458090734
2026-09-22,li,Kite Human Capital,"Head of Product - Personalisation, APIs & AI","Rijswijk, South Holland, Netherlands",,True,target,https://www.linkedin.com/jobs/view/4469139770
2026-09-22,li,Saxion University of Applied Sciences,Associate Professor Design with Care,"Enschede, Overijssel, Netherlands",,True,below,https://www.linkedin.com/jobs/view/4466945842
2026-09-22,li,VodafoneZiggo,Chapter Lead Customer Journey & Experience,"Utrecht, Utrecht, Netherlands",vodafone,False,target,https://www.linkedin.com/jobs/view/4466283670
2026-09-22,li,MR MARVIS,Senior UX Designer,"Amsterdam, North Holland, Netherlands",,True,below,https://www.linkedin.com/jobs/view/4468371922
2026-09-22,li,Jobgether,Head of UX/UI,,,True,target,https://www.linkedin.com/jobs/view/4466876004
2026-09-22,li,Versuni,Product Director Baristina & New Coffee Experiences,,,True,target,https://www.linkedin.com/jobs/view/4440089212
2026-09-22,li,Wrike,Group Product Manager [Klaxoon],"Amsterdam, North Holland, Netherlands",,True,target,https://www.linkedin.com/jobs/view/4440394739
2026-09-22,li,Suitsupply,Head of Product Development,"Amsterdam, North Holland, Netherlands",,True,target,https://www.linkedin.com/jobs/view/4364187553
2026-09-22,li,Van der Hoeven Horticultural Projects,Manager Design,"Den Hoorn, South Holland, Netherlands",,True,below,https://www.linkedin.com/jobs/view/4467499185
2026-09-22,li,RTL Nederland,Head of Creative Marketing,"Hilversum, North Holland, Netherlands",,False,target,https://www.linkedin.com/jobs/view/4467709643
2026-09-22,li,ANWB,Chapter Lead Product Delivery,"The Hague, South Holland, Netherlands",,True,target,https://www.linkedin.com/jobs/view/4403476382
2026-09-22,li,Van der Valk Solar Systems,Manager Products and Applications,"'s-Gravenzande, South Holland, Netherlands",,False,below,https://www.linkedin.com/jobs/view/4459142046
2026-09-22,li,Mobility Invest Group,Manager Solution Design & Implementation,"Amersfoort, Utrecht, Netherlands",,True,below,https://www.linkedin.com/jobs/view/4469123575
2026-09-22,li,Jobgether,Head of Product Development,,,True,target,https://www.linkedin.com/jobs/view/4468766986
2026-09-22,li,Eijsink,Senior / Lead UX/UI Designer,"Enschede, Overijssel, Netherlands",,True,target,https://www.linkedin.com/jobs/view/4468590645
2026-09-22,indeed,Miniclip,UX Designer,"Zoetermeer, ZH, NL",,True,below,https://nl.indeed.com/viewjob?jk=f2047c4360f8c308
2026-09-22,indeed,MR MARVIS,CRM Specialist,"Amsterdam Centrum, NH, NL",,False,below,https://nl.indeed.com/viewjob?jk=8a508e5ff693d276
2026-09-22,indeed,Gamebasics,Game Designer,"Zoetermeer, ZH, NL",,True,below,https://nl.indeed.com/viewjob?jk=e9b2906576877a58
2026-09-22,indeed,JPMorganChase,Head of BeNeLux Subsidiary Payments Sales Executive Director (Amsterdam),"Amsterdam Zuid, NH, NL",,False,target,https://nl.indeed.com/viewjob?jk=ba7ff6060d4fb0d5
2026-09-22,indeed,Spirax Sarco,Field Based Sales Engineer,NL,,False,below,https://nl.indeed.com/viewjob?jk=0a4a6f6549ef6016
2026-09-22,indeed,Randstad,ux writer / content designer (digital marketplace),"Diemen, NH, NL",,True,below,https://nl.indeed.com/viewjob?jk=127ed6a92a6503e6
2026-09-22,indeed,RITUALS COSMETICS,Data Product Analyst – CHO Keizersgracht Amsterdam | 40h,"Amsterdam, NH, NL",,False,below,https://nl.indeed.com/viewjob?jk=13cc683a957fd99d
2026-09-22,indeed,Boehringer Ingelheim,Strategic Account Manager - Regional & Local Institutions,"Amsterdam, NH, NL",,False,below,https://nl.indeed.com/viewjob?jk=a4a8399efd2a5ec5
2026-09-22,indeed,Basic-Fit,Senior TypeScript Developer,"Tilburg, NB, NL",,False,below,https://nl.indeed.com/viewjob?jk=3261f64a707684a7
2026-09-22,indeed,kubus,Performance Marketeer,"Eindhoven, NB, NL",,False,below,https://nl.indeed.com/viewjob?jk=edb281e8efbd02b9
2026-09-22,indeed,Basic-Fit,Senior App Developer,"Tilburg, NB, NL",,False,below,https://nl.indeed.com/viewjob?jk=58f95edb8852e94c
2026-09-22,indeed,Stokke,Global Digital Media Analyst (Maternity Cover),NL,,False,below,https://nl.indeed.com/viewjob?jk=fb2583b026e0f009
2026-09-22,indeed,Destinus,Head of Kinetics,"Hengelo OV, OV, NL",,False,target,https://nl.indeed.com/viewjob?jk=a578c73acae42024
2026-09-22,indeed,Ahrend,Product Manager Workspaces,"Amsterdam-Zuidoost, NH, NL",,True,below,https://nl.indeed.com/viewjob?jk=5551e6f1ce30226b
2026-09-22,indeed,RITUALS COSMETICS,Senior Art Direction Specialist – CHO Herengracht Amsterdam | 40h,"Amsterdam, NH, NL",,False,below,https://nl.indeed.com/viewjob?jk=1122ef1f5ea5d949
2026-09-22,indeed,In Space,Technical Recruiter,"Eindhoven, NB, NL",,False,below,https://nl.indeed.com/viewjob?jk=e33bed96a69a902a
2026-09-22,indeed,EUROCONTROL - Supporting European Aviation,Head of Engineering Division,"Maastricht, LI, NL",,False,target,https://nl.indeed.com/viewjob?jk=7b246c9b22022ce6
2026-09-22,indeed,ING,Automation Engineer – NSX,"Rotterdam, ZH, NL",ing,False,below,https://nl.indeed.com/viewjob?jk=1515546fa9347d25
2026-09-22,indeed,Booking Experts,Data Engineer,"Enschede, OV, NL",,False,below,https://nl.indeed.com/viewjob?jk=b45d2a7073c195e0
2026-09-22,indeed,Booking Experts,Data Engineer,"Enschede, OV, NL",,False,below,https://nl.indeed.com/viewjob?jk=05a1daaa2c5bf84d
2026-09-22,li,Vibram Group,Global Head of Product Line Management - Vibram Fivefingers,,,True,target,https://www.linkedin.com/jobs/view/4467397975
2026-09-22,li,Alti Profili,RESPONSABILE UFFICIO TECNICO,"Magenta, Lombardy, Italy",,False,below,https://www.linkedin.com/jobs/view/4467382438
2026-09-22,li,Adecco,Responsabile ufficio tecnico,"Monticello Brianza, Lombardy, Italy",,False,below,https://www.linkedin.com/jobs/view/4466902561
2026-09-22,li,Pennylane,Senior Design Manager,"Rome, Latium, Italy",,True,below,https://www.linkedin.com/jobs/view/4468691491
2026-09-22,li,EY,Manager Product Design & Blueprint Engineering,"Milan, Lombardy, Italy",moneyfarm,False,below,https://www.linkedin.com/jobs/view/4448435095
2026-09-22,li,EY,Manager Product Design & Blueprint Engineering,"Rome, Latium, Italy",moneyfarm,False,below,https://www.linkedin.com/jobs/view/4448416860
2026-09-22,li,Vertiv,Sr. Director EMEA Power Product Management,"Bologna, Emilia-Romagna, Italy",,True,target,https://www.linkedin.com/jobs/view/4468395746
2026-09-22,li,RIMOND,Design Manager,"Milan, Lombardy, Italy",,True,below,https://www.linkedin.com/jobs/view/4467568100
2026-09-22,li,Marcus Webb Associates Limited,European R&D Leader,"Bologna, Emilia-Romagna, Italy",,False,below,https://www.linkedin.com/jobs/view/4468632552
2026-09-22,li,Jobgether,Head of UX/UI,,,True,target,https://www.linkedin.com/jobs/view/4466852960
2026-09-22,li,Intermedia Selection,Head of Product,"Lombardy, Italy",,True,target,https://www.linkedin.com/jobs/view/4465989640
2026-09-22,li,Ratti S.p.A. Società Benefit,Design & Archive Manager,"Guanzate, Lombardy, Italy",,True,below,https://www.linkedin.com/jobs/view/4467973791
2026-09-22,li,ADP,"Director, Product Management","Milan, Lombardy, Italy",,True,target,https://www.linkedin.com/jobs/view/4436649814
2026-09-22,li,Miomojo | Certified B Corp,"PRODUCT CREATIVE DIRECTOR, HANDBAGS & SLG","Bergamo, Lombardy, Italy",,True,target,https://www.linkedin.com/jobs/view/4463002646
2026-09-22,li,Toptal,"SVP, Product",,,True,below,https://www.linkedin.com/jobs/view/4467428517
2026-09-22,li,Midea Group,Business Manager,"Milan, Lombardy, Italy",,False,below,https://www.linkedin.com/jobs/view/4454223241
2026-09-22,li,Groupe SEB,PRODUCT DEVELOPMENT MANAGER,"Omegna, Piedmont, Italy",,True,below,https://www.linkedin.com/jobs/view/4381428956
2026-09-22,li,Adecco,Responsabile ufficio tecnico,"Reggio Emilia, Emilia-Romagna, Italy",,False,below,https://www.linkedin.com/jobs/view/4465587256
2026-09-22,li,Jobgether,Head of Product Development,,,True,target,https://www.linkedin.com/jobs/view/4469015284
2026-09-22,li,MAW,Responsabile Ufficio Tecnico,"Montichiari, Lombardy, Italy",,False,below,https://www.linkedin.com/jobs/view/4468597217
2026-09-22,indeed,Gucci,GUCCI Inventory Reporting Manager,"Scandicci, TOS, IT",,False,below,https://it.indeed.com/viewjob?jk=93b6fcdfb9156b0b
2026-09-22,indeed,STILL,Plant Quality Manager,"Luzzara, EMI, IT",,False,below,https://it.indeed.com/viewjob?jk=1ebf0459527e5a49
2026-09-22,indeed,Verkada,Enterprise Solutions Engineer,"Milano, LOM, IT",,False,below,https://it.indeed.com/viewjob?jk=40cc64370de71635
2026-09-22,indeed,Loewe,"Visual Merchandising Manager, LOEWE Italy & Central Europe","Milano, LOM, IT",,False,below,https://it.indeed.com/viewjob?jk=99a2eb8dfe9a3d2a
2026-09-22,indeed,BenQ Europe B.V.,Technical Account Manager B2B,"Sesto San Giovanni, LOM, IT",,False,below,https://it.indeed.com/viewjob?jk=4d3916ee3c28f55b
2026-09-22,indeed,KONG,"Staff Product Manager, AI Management","Milano, LOM, IT",,True,target,https://it.indeed.com/viewjob?jk=8213efb9249f1e77
2026-09-22,indeed,ALSTOM,Project Engineering Manager,"Bologna, EMI, IT",,False,below,https://it.indeed.com/viewjob?jk=668887db6f23b979
2026-09-22,indeed,Franklin Electric,Product Engineer,"Dueville, VEN, IT",,False,below,https://it.indeed.com/viewjob?jk=4c14021357e95ff2
2026-09-22,indeed,Bosch,MEMS Layout,"Milano, LOM, IT",,False,below,https://it.indeed.com/viewjob?jk=9bdac2d5035e4bcd
2026-09-22,indeed,Epassi,React Native Engineer (Mid,"Milano, LOM, IT",,False,below,https://it.indeed.com/viewjob?jk=c01092e4a58771a2
2026-09-22,indeed,Sephora,Head of Talent Development & Employer Branding,"Milano, LOM, IT",,False,target,https://it.indeed.com/viewjob?jk=d8048606fe69e625
2026-09-22,li,Saegus,Directeur/Directrice - Design & Développement Digital,"Paris, Île-de-France, France",,True,below,https://www.linkedin.com/jobs/view/4224668606
2026-09-22,li,UX-Republic,Lead Designer Senior (H/F) - Lyon,"Villeurbanne, Auvergne-Rhône-Alpes, France",public-bank-berhad,True,target,https://www.linkedin.com/jobs/view/4469897260
2026-09-22,li,NEXTON,Product Designer Senior H/F,"Lille, Hauts-de-France, France",,True,below,https://www.linkedin.com/jobs/view/4467604665
2026-09-22,li,L'Oréal,Product Design Lead,"St.-Ouen, Île-de-France, France",,True,target,https://www.linkedin.com/jobs/view/4459794138
2026-09-22,li,Revolut,Head of Product (Wealth & Trading),,revolut,True,target,https://www.linkedin.com/jobs/view/4432665995
2026-09-22,li,Revolut,Head of Product (Fraud),,revolut,True,target,https://www.linkedin.com/jobs/view/4432674809
2026-09-22,li,Malt,Head of Product Design,"Paris, Île-de-France, France",,True,target,https://www.linkedin.com/jobs/view/4457963203
2026-09-22,li,STATION F,CPO,"Paris, Île-de-France, France",,False,below,https://www.linkedin.com/jobs/view/4467118830
2026-09-22,li,Pennylane,Senior Design Manager,,,True,below,https://www.linkedin.com/jobs/view/4468690424
2026-09-22,li,Pennylane,Senior Design Manager,"Paris, Île-de-France, France",,True,below,https://www.linkedin.com/jobs/view/4468696402
2026-09-22,li,ATH Medical,Head of Product & Adoption H/F,"Boulogne-Billancourt, Île-de-France, France",,True,target,https://www.linkedin.com/jobs/view/4467573096
2026-09-22,li,52 Entertainment,Directeur/rice de Produit (Bridge),"Lille, Hauts-de-France, France",,False,below,https://www.linkedin.com/jobs/view/4468650867
2026-09-22,li,Jobgether,Head of UX/UI,,,True,target,https://www.linkedin.com/jobs/view/4466868095
2026-09-22,li,BoF Careers,Maison Margiela Head of Knitwear,"Paris, Île-de-France, France",,False,target,https://www.linkedin.com/jobs/view/4466849073
2026-09-22,li,Pigment,Lead Product Designer - Agentic AI,,,True,target,https://www.linkedin.com/jobs/view/4426339289
2026-09-22,li,XTB online investing,Head of Virality & Customer Engagement,"Paris, Île-de-France, France",,False,target,https://www.linkedin.com/jobs/view/4468207259
2026-09-22,li,OTB,Head of Knitwear,"Paris, Île-de-France, France",,False,target,https://www.linkedin.com/jobs/view/4466554204
2026-09-22,li,Pigment,Design Manager,"Lacaussade, Nouvelle-Aquitaine, France",,True,below,https://www.linkedin.com/jobs/view/4467268704
2026-09-22,li,STATION F,PRODUCT DESIGN LEAD,"Saint-Ouen, Centre-Val de Loire, France",,True,target,https://www.linkedin.com/jobs/view/4465765437
2026-09-22,li,Jobgether,Head of Product Development,,,True,target,https://www.linkedin.com/jobs/view/4468781669
2026-09-22,indeed,Sanofi,Global Head of Procurement Services,"Gentilly, A8, FR",,False,target,https://fr.indeed.com/viewjob?jk=5e8c69eb812327d5
2026-09-22,indeed,Dust,Field Marketing Specialist,"Paris, A8, FR",,False,below,https://fr.indeed.com/viewjob?jk=805722c756e1397c
2026-09-22,indeed,Bang & Olufsen,"Sales Asociate, Paris Opéra","Paris, A8, FR",,False,below,https://fr.indeed.com/viewjob?jk=e031211275b1f105
2026-09-22,indeed,Anglo American / De Beers Group,Merchandising Manager - EMEA & US,"Paris, A8, FR",,False,below,https://fr.indeed.com/viewjob?jk=7d58957b8963b05a
2026-09-22,indeed,Schneider Electric,Responsable senior innovation et gestion technologique,"Grenoble, ARA, FR",,False,below,https://fr.indeed.com/viewjob?jk=34ae5cb04450ade8
2026-09-22,indeed,Schneider Electric,"Senior Manager, Innovation and Technology Management","Grenoble, ARA, FR",,False,below,https://fr.indeed.com/viewjob?jk=31b777c7fc72909a
2026-09-22,indeed,Breega,CPTO (Freelance) @Breega,"Paris, A8, FR",,False,below,https://fr.indeed.com/viewjob?jk=5bd122bb728fab11
2026-09-22,indeed,PADOA,Product Manager BI F/H,"Paris, A8, FR",,True,below,https://fr.indeed.com/viewjob?jk=edd85e7ab385120d
2026-09-22,indeed,Vocca,GTM Engineer,"Paris, A8, FR",,False,below,https://fr.indeed.com/viewjob?jk=2a70899b397b2281
2026-09-22,indeed,Danone,"INTERNSHIP - Assistant Brand Manager Communication/Equity DANONINO, ACTIMEL, EVIAN, VOLVIC - January 2027 (W/M)","Rueil-Malmaison, A8, FR",,False,below,https://fr.indeed.com/viewjob?jk=830eaabf036b4ddf
2026-09-22,indeed,L'olivier Assurance,Data Protection Local Manager (F/H/X),"Lille, HDF, FR",,False,below,https://fr.indeed.com/viewjob?jk=58ec8c7680f430b9
2026-09-22,indeed,SALOMON,STAGE – Consumer Insights & Research assistant M/F/X,"Annecy, ARA, FR",,False,below,https://fr.indeed.com/viewjob?jk=050fb356f257eb27
2026-09-22,indeed,Accor,Partnerships Go-to-Market Strategy & Operations Director - M/F/X,"Issy-les-Moulineaux, A8, FR",,True,target,https://fr.indeed.com/viewjob?jk=31a28991155d70d7
2026-09-22,indeed,KENZO,Jersey Senior Designer,"Paris, A8, FR",,True,below,https://fr.indeed.com/viewjob?jk=3173f39f6dc915a6
2026-09-22,indeed,C12 Quantum Electronics,Head of Nanofabrication,"Paris, A8, FR",,False,target,https://fr.indeed.com/viewjob?jk=b89afffccd1fa4af
2026-09-22,indeed,SaleCycle,Customer Success Team Leader,"Paris, A8, FR",,False,below,https://fr.indeed.com/viewjob?jk=747ae50254bd7a44
2026-09-22,indeed,Bureau Veritas,Head of Finance - ERP Center of Excellence (F-M-D),"Courbevoie, A8, FR",,False,target,https://fr.indeed.com/viewjob?jk=94750a25c869645e
2026-09-22,indeed,Natixis,Head of Third-Party Oversight,"Paris, A8, FR",,False,target,https://fr.indeed.com/viewjob?jk=e5859d3b8d51888f
2026-09-22,indeed,JD.com,Head of Compiance Systems Design,"Paris, A8, FR",,True,target,https://fr.indeed.com/viewjob?jk=237364522849ab72
2026-09-22,indeed,Spiko,Product Legal Counsel,"Paris, A8, FR",,False,below,https://fr.indeed.com/viewjob?jk=7a5ad0c36766cd16
2026-09-22,li,Silicon Luxembourg,"Head of After-Market Services Returns & Remedies, EU FBA","Luxembourg, Luxembourg, Luxembourg",,False,target,https://www.linkedin.com/jobs/view/4469512497
2026-09-22,li,ArcelorMittal Long Carbon LATAM,Industrial Solutions Engineer,"Esch-sur-Alzette, Luxembourg, Luxembourg",,False,below,https://www.linkedin.com/jobs/view/4469512125
2026-09-22,li,Amazon,"Head of After-Market Services Returns & Remedies, EU FBA","Luxembourg, Luxembourg, Luxembourg",amazon,False,target,https://www.linkedin.com/jobs/view/4468835954
2026-09-22,li,Jobgether,Head of Product,,,True,target,https://www.linkedin.com/jobs/view/4466830617
2026-09-22,li,SIGI - Syndicat Intercommunal de Gestion Informatique,Responsable du Pôle Produits(m/f),"Contern, Luxembourg, Luxembourg",,False,below,https://www.linkedin.com/jobs/view/4468194681
2026-09-22,indeed,Northern Trust Corp.,Senior Fund Accounting Manager,LU,,False,below,https://lu.indeed.com/viewjob?jk=cc1ad7a945242cf4
2026-09-22,indeed,European Investment Fund,(Senior) Financial Reporting Officer,"Luxembourg, L0L, LU",,False,below,https://lu.indeed.com/viewjob?jk=5192a0e506e93873
2026-09-22,li,e-selection AG,Leiter:in Produkte & Daten / Mitglied der Geschäftsleitung 100 %,"Zurich, Switzerland",,False,below,https://www.linkedin.com/jobs/view/4469835836
2026-09-22,li,GetYourGuide,"Group Product Manager, B2C","Zurich, Zurich, Switzerland",,True,target,https://www.linkedin.com/jobs/view/4441994806
2026-09-22,li,Berner Kantonalbank AG,"Bereichsleiterin / Bereichsleiter Product Management Risk, Finance, Compliance (a)","Liebefeld, Berne, Switzerland",,False,below,https://www.linkedin.com/jobs/view/4468482511
2026-09-22,li,OMEGA SA,PRODUCT MANAGEMENT LEADER (H/F),"Biel, Berne, Switzerland",,True,below,https://www.linkedin.com/jobs/view/4466902299
2026-09-22,li,JTI,Website & UX Capability Manager (m/f/d),"Geneva, Geneva, Switzerland",,True,below,https://www.linkedin.com/jobs/view/4467819796
2026-09-22,li,Zürcher Kantonalbank,Leiter:in Produktmanagement Anlagen,"Zurich, Zurich, Switzerland",,False,below,https://www.linkedin.com/jobs/view/4458066558
2026-09-22,li,Sonar,CVP of Design,"Geneva, Geneva, Switzerland",,True,below,https://www.linkedin.com/jobs/view/4468680502
2026-09-22,li,GamblingCareers.com,Design Lead,"Fully, Valais, Switzerland",,True,target,https://www.linkedin.com/jobs/view/4468613778
2026-09-22,li,DEPT®,Associate Director Experience Design,"Zurich, Zurich, Switzerland",,True,target,https://www.linkedin.com/jobs/view/4440575959
2026-09-22,li,Swissgrid AG,Head of Market & Product Design (80-100%),"Aarau, Aargau, Switzerland",,True,target,https://www.linkedin.com/jobs/view/4465804802
2026-09-22,li,St. Galler Kantonalbank AG,Teamleiter*in Produktmanagement Zahlen und Sparen 80 – 100%,"St Gallen, St Gallen, Switzerland",,False,below,https://www.linkedin.com/jobs/view/4467558341
2026-09-22,li,Schaerer Ltd,Head of Electronics (w/m/d) 100%,"Solothurn, Solothurn, Switzerland",,False,target,https://www.linkedin.com/jobs/view/4380791918
2026-09-22,li,Digitec Galaxus AG,Teamleader Software Engineering - Editorial Content (w/m/d),"Zurich, Zurich, Switzerland",,False,below,https://www.linkedin.com/jobs/view/4466281317
2026-09-22,li,MAAG Group,Manager Design Engineering,"Oberglatt, Zurich, Switzerland",,True,below,https://www.linkedin.com/jobs/view/4468350708
2026-09-22,li,Jobgether,Head of UX/UI,,,True,target,https://www.linkedin.com/jobs/view/4466866120
2026-09-22,li,Swiss Post,Leiter:in Product & Business Development Digital Advertising,"Bern, Berne, Switzerland",,True,below,https://www.linkedin.com/jobs/view/4466588661
2026-09-22,li,Jobgether,Head of Product Development,,,True,target,https://www.linkedin.com/jobs/view/4468766988
2026-09-22,li,On,"Head of Creative, Core Brand Design","Zurich, Zurich, Switzerland",sony-interactive-entertainment,True,target,https://www.linkedin.com/jobs/view/4469933179
2026-09-22,li,On,"Senior Lead - Footwear Design, Performance Running","Zurich, Zurich, Switzerland",sony-interactive-entertainment,True,target,https://www.linkedin.com/jobs/view/4469935126
2026-09-22,li,X-Rite,"Veralto Enterprise System Leader (VESL), Growth Innovation (R&D / Product Management) (m/f/d)","Zurich, Zurich, Switzerland",,True,below,https://www.linkedin.com/jobs/view/4434252434
2026-09-22,indeed,Accelleron Industries,"Global Customs Excellence Lead (80-100%), (m/f/d)","Baden, AG, CH",,False,target,https://ch.indeed.com/viewjob?jk=90f7c73a7b725f9c
2026-09-22,indeed,Accelleron Industries,SAP MM Business Systems Analyst (m/f/d) (80-100%) (fixed term -1 year),"Baden, AG, CH",,False,below,https://ch.indeed.com/viewjob?jk=4ed7f56220b8a029
2026-09-22,indeed,Hilti Group,Lead Product Manager,"Schaan, LI, CH",,True,target,https://ch.indeed.com/viewjob?jk=dd4a977995edd363
2026-09-22,indeed,JPMorganChase,Discretionary Accounts Control - Associate,"Genève, GE, CH",,False,below,https://ch.indeed.com/viewjob?jk=076507af43675c8e
2026-09-22,indeed,HUHTAMAKI,Head of Finance,"Zug, ZG, CH",,False,target,https://ch.indeed.com/viewjob?jk=5575149ed903809b
2026-09-22,indeed,Swissquote,FX/Execution Trader,"Gland, VD, CH",,False,below,https://ch.indeed.com/viewjob?jk=50934385c8eb2c10
2026-09-22,indeed,Liebherr Group,Transfer Pricing Working Student (60% - 80%),"Nussbaumen, ZH, CH",,False,below,https://ch.indeed.com/viewjob?jk=60cc315fc85e8931
2026-09-22,indeed,International Federation of Red Cross and Red Crescent Societies,Head of Audit,"Genève, GE, CH",,False,target,https://ch.indeed.com/viewjob?jk=491cdddafe43b11e
2026-09-22,indeed,EFG International,IT Analyst and Software Engineer,"Lugano, TI, CH",,False,below,https://ch.indeed.com/viewjob?jk=822d59da1ec09f89
2026-09-22,indeed,UBS,"2026 Internship – Sales Office, P&C COO – Zurich","Zürich, ZH, CH",ubs,False,below,https://ch.indeed.com/viewjob?jk=82b0531c1b3a056f
2026-09-22,indeed,Frontify AG,Senior Backend Engineer (Media Delivery),"St. Gallen, SG, CH",,False,below,https://ch.indeed.com/viewjob?jk=d58d51b1467d6940
2026-09-22,indeed,healthinal GmbH,Project Manager & Requirements Engineer,CH,,False,below,https://ch.indeed.com/viewjob?jk=d681ff88796e7b33
2026-09-22,indeed,Roche,"Chief of Staff, GPS Oncology - Hematology","Basel, BS, CH",,False,target,https://ch.indeed.com/viewjob?jk=8a3a1af769e34e69
2026-09-22,indeed,Artificialy,Marketing Specialist,"Lugano, TI, CH",,False,below,https://ch.indeed.com/viewjob?jk=f5a895f266f9095a
2026-09-22,indeed,Takeda Pharmaceuticals,Global Category Lead - External Manufacturing,"Zürich, ZH, CH",,False,target,https://ch.indeed.com/viewjob?jk=88ecc7a98e6a41f9
2026-09-22,indeed,Takeda Pharmaceuticals,DD&T Partner – Planning Excellence,"Zürich, ZH, CH",,False,below,https://ch.indeed.com/viewjob?jk=b283e27e70ed4bcf
2026-09-22,li,Blum Group,Head of Digital Marketing & Customer Relationship Improvement (m/w/d),"Höchst, Vorarlberg, Austria",,False,target,https://www.linkedin.com/jobs/view/4427734191
2026-09-22,li,BJAK,Product Lead - AI Investing,,,True,target,https://www.linkedin.com/jobs/view/4469102609
2026-09-22,li,BJAK,Product Lead - AI Neobank App,,,True,target,https://www.linkedin.com/jobs/view/4469108876
2026-09-22,li,BJAK,Product Lead - AI Finance,,,False,target,https://www.linkedin.com/jobs/view/4469104198
2026-09-22,li,BJAK,Product Lead - AI Stockbroking,,,True,target,https://www.linkedin.com/jobs/view/4469137044
2026-09-22,li,NOVOMATIC,Head of Game Design 707Games (w/m/x),"Gumpoldskirchen, Lower Austria, Austria",,True,target,https://www.linkedin.com/jobs/view/4323287280
2026-09-22,li,Greiner,Head of Project and Change Management (all genders),"Kremsmünster, Upper Austria, Austria",,False,target,https://www.linkedin.com/jobs/view/4467198388
2026-09-22,li,Jobgether,Head of UX/UI,,,True,target,https://www.linkedin.com/jobs/view/4466856933
2026-09-22,li,Jobgether,Head of Product,,,True,target,https://www.linkedin.com/jobs/view/4466820698
2026-09-22,li,Rheinmetall,Abteilungsleiter (m/w/d) Product Line HX,"Vienna, Vienna, Austria",,True,below,https://www.linkedin.com/jobs/view/4465976772
2026-09-22,li,KTM AG,Head of Digital Customer Solutions*,"Mattighofen, Upper Austria, Austria",,False,target,https://www.linkedin.com/jobs/view/4448864034
2026-09-22,li,Toptal,"SVP, Product",,,True,below,https://www.linkedin.com/jobs/view/4467421706
2026-09-22,li,Siemens,R&D Group Leader for Vision & Web-Technologies (f/m/d),"Linz, Upper Austria, Austria",,False,target,https://www.linkedin.com/jobs/view/4465789316
2026-09-22,li,Siemens,R&D Group Leader for Vision & Web-Technologies (f/m/d),"Eisenstadt, Burgenland, Austria",,False,target,https://www.linkedin.com/jobs/view/4465799204
2026-09-22,li,Liebherr Group,Innovationsmanager (m/w/d),"Nenzing, Vorarlberg, Austria",,False,below,https://www.linkedin.com/jobs/view/4421785379
2026-09-22,li,SEMPERIT AG,HEAD OF PRODUCTMANAGEMENT AND DEVELOPMENT - PROFILES,"Wimpassing an der Leitha, Burgenland, Austria",,False,target,https://www.linkedin.com/jobs/view/4469951718
2026-09-22,li,Sportradar,Senior Product Lead (m/f/d),"Vienna, Vienna, Austria",,True,target,https://www.linkedin.com/jobs/view/4470290897
2026-09-22,indeed,n8n,Head of People Operations & Tech,AT,,False,target,https://at.indeed.com/viewjob?jk=552efb925b2ae780
2026-09-22,indeed,ADB Safegate,Product Manager m/f/d,"Graz, ST, AT",,True,below,https://at.indeed.com/viewjob?jk=729b7c58b585fb6c
2026-09-22,indeed,Mondi Group,Head of R&D Kraft Paper (f/m/x),"Wien, W, AT",,False,target,https://at.indeed.com/viewjob?jk=81c38c7e67f61cfe
2026-09-22,indeed,Verkada,Enterprise Solutions Engineer - German Speaking,"Wien, W, AT",,False,below,https://at.indeed.com/viewjob?jk=008a595bd255aaa9
2026-09-22,indeed,AVILOO GmbH,Demand & ABM Marketing Manager (f/m/d),"Wien, W, AT",,True,below,https://at.indeed.com/viewjob?jk=78473c2283c257d7
2026-09-22,indeed,Erste Digital,Head of Cyber Exposure & Assurance (all humans),"Wien, W, AT",erste-group,False,target,https://at.indeed.com/viewjob?jk=7ae40a136a6d40f9
2026-09-22,indeed,Erste Digital,Head of Security Strategy (all humans),"Wien, W, AT",erste-group,True,target,https://at.indeed.com/viewjob?jk=09224315727799ea
2026-09-22,indeed,Cardo Systems,"Product Manager, Cardo Ride","Wien, W, AT",,True,below,https://at.indeed.com/viewjob?jk=52728957f40c5c3f
2026-09-22,indeed,Takeda Pharmaceuticals,DD&T Partner - Launch & Performance Excellence,"Wien, W, AT",,False,below,https://at.indeed.com/viewjob?jk=f9229a269de2557a
2026-09-22,li,Opacity,Lead Product Designer,"Copenhagen, Capital Region of Denmark, Denmark",,True,target,https://www.linkedin.com/jobs/view/4469192872
2026-09-22,li,Coloplast,Product Development Project Manager,"Humlebæk, Capital Region of Denmark, Denmark",,True,below,https://www.linkedin.com/jobs/view/4468761629
2026-09-22,li,Welltec,"Manager, Design and Engineering","Allerød Municipality, Capital Region of Denmark, Denmark",,False,below,https://www.linkedin.com/jobs/view/4469863015
2026-09-22,li,Stryker,"Senior Manager, Brand Marketing, EMEA | Sports Medicine","Copenhagen, Capital Region of Denmark, Denmark",,False,below,https://www.linkedin.com/jobs/view/4457493507
2026-09-22,li,Dalux,Product Director,"Copenhagen Municipality, Capital Region of Denmark, Denmark",,True,target,https://www.linkedin.com/jobs/view/4420994656
2026-09-22,li,Stryker,"Senior Manager, Brand Marketing, EMEA | Minimally Invasive Surgery Visualization","Copenhagen, Capital Region of Denmark, Denmark",,False,below,https://www.linkedin.com/jobs/view/4457499431
2026-09-22,li,ASSA ABLOY Group,Technical Director,"Hørning, Central Denmark Region, Denmark",,False,target,https://www.linkedin.com/jobs/view/4438705221
2026-09-22,li,Danske Spil,Product Development Manager,"Brøndby Municipality, Capital Region of Denmark, Denmark",danske-bank,True,below,https://www.linkedin.com/jobs/view/4465735675
2026-09-22,li,Jobgether,Head of Product,,,True,target,https://www.linkedin.com/jobs/view/4466817705
2026-09-22,li,Compass Human Resources Group - DENMARK,Projekteringschef,"Vejle Municipality, Region of Southern Denmark, Denmark",,False,below,https://www.linkedin.com/jobs/view/4467989040
2026-09-22,li,Deel,Senior Staff Product Designer - AI,,,True,target,https://www.linkedin.com/jobs/view/4455898418
2026-09-22,li,the LEGO Group,Decoration Manager,"Billund, Region of Southern Denmark, Denmark",,False,below,https://www.linkedin.com/jobs/view/4446665008
2026-09-22,li,AKQA,Art Director,"Copenhagen, Capital Region of Denmark, Denmark",,False,target,https://www.linkedin.com/jobs/view/4458288408
2026-09-22,li,Cassøe,Product & Compliance Manager,"Herning Municipality, Central Denmark Region, Denmark",,True,below,https://www.linkedin.com/jobs/view/4467701698
2026-09-22,li,Matas Group,"Head of In-House Brands, Skin & Hair","Allerød Municipality, Capital Region of Denmark, Denmark",,False,target,https://www.linkedin.com/jobs/view/4465766148
2026-09-22,li,Dalux,Development Team Lead with People Management responsibility,"Copenhagen Municipality, Capital Region of Denmark, Denmark",,False,target,https://www.linkedin.com/jobs/view/4379953053
2026-09-22,li,Terma Group,"Manager, Radar Mechanical, Lystrup","Aarhus Municipality, Central Denmark Region, Denmark",,False,below,https://www.linkedin.com/jobs/view/4465779341
2026-09-22,li,"DEDIKATION - Hire for attitude, train for skills!",Head of Product Development,"Hvidovre Municipality, Capital Region of Denmark, Denmark",,True,target,https://www.linkedin.com/jobs/view/4458178219
2026-09-22,li,3Shape,People and Project Manager - for AI-assisted diagnostic medical software,"Copenhagen, Capital Region of Denmark, Denmark",,False,below,https://www.linkedin.com/jobs/view/4470438019
2026-09-22,li,the LEGO Group,Senior Brand Marketing Manager,"Billund, Region of Southern Denmark, Denmark",,True,below,https://www.linkedin.com/jobs/view/4468592957
2026-09-22,indeed,n8n,Head of People Operations & Tech,DK,,False,target,https://dk.indeed.com/viewjob?jk=a703e74d5d155b4a
2026-09-22,indeed,Danske Bank,AI Evaluation Methodology Lead,"København, D84, DK",danske-bank,False,target,https://dk.indeed.com/viewjob?jk=540fca8a5abaff8b
2026-09-22,indeed,Coloplast,Test Engineer,"Humlebæk, D84, DK",,False,below,https://dk.indeed.com/viewjob?jk=4f84fe91d532a20c
2026-09-22,indeed,Unik System Design A/S,Product Owner – AI-First Property Management,"Vejle, D83, DK",,True,below,https://dk.indeed.com/viewjob?jk=ba2420cf47c56348
2026-09-22,indeed,GN Group,Senior Training and Education Audiologist,"Ballerup, D84, DK",,False,below,https://dk.indeed.com/viewjob?jk=c2950f10b15ba2f7
2026-09-22,indeed,Trackman A/S,Backend Software Developer - Team Sports Applications,"Hørsholm, D84, DK",,False,below,https://dk.indeed.com/viewjob?jk=7b4b8bb0d5aa4cb8
2026-09-22,indeed,Pandora Jewelry,"Senior Manager, Product Finance","København, D84, DK",,False,below,https://dk.indeed.com/viewjob?jk=6f2cc89e19e3c6ef
2026-09-22,indeed,the LEGO Group,Senior Visual Merchandising Manager,"København, D84, DK",,False,below,https://dk.indeed.com/viewjob?jk=7acc17a60e596ce9
2026-09-22,indeed,University of Southern Denmark,Postdoc Position (2 years) in Manufacturing Technology & Industrial Management,"Odense, D83, DK",,False,below,https://dk.indeed.com/viewjob?jk=90fe6078d89b5302
2026-09-22,indeed,Coloplast,Coloplast Master Thesis Program 2027: The Virtual Belly Platform,"Humlebæk, D84, DK",,False,below,https://dk.indeed.com/viewjob?jk=6c15ef71a57d9887
2026-09-22,indeed,Coloplast,Coloplast Master Thesis Program 2027: Multi-Functional Test Specimen - Polymer,"Humlebæk, D84, DK",,False,below,https://dk.indeed.com/viewjob?jk=bfcd135941da1c89
2026-09-22,indeed,Coloplast,Coloplast Master Thesis Program 2027: Advanced Hyperelastic Material Modeling for Polymer Simulation,"Humlebæk, D84, DK",,False,below,https://dk.indeed.com/viewjob?jk=0cab8f98b02ba2c0
2026-09-22,indeed,Coloplast,Coloplast Master Thesis Program 2027: Modelling & Optimization of High-Pressure Polymer,"Humlebæk, D84, DK",,False,below,https://dk.indeed.com/viewjob?jk=aca690e3994e55c1
2026-09-22,indeed,Amcor,Product Design & Innovation Analyst,"Randers, D82, DK",,False,below,https://dk.indeed.com/viewjob?jk=7857fccb0bac19c0
2026-09-22,indeed,フォス・ジャパン株式会社,Penetration Tester & Product Security Specialist,DK,,True,below,https://dk.indeed.com/viewjob?jk=56143ea72ddf416c
2026-09-22,indeed,Heyra,Deployment Strategist,"København, D84, DK",,True,below,https://dk.indeed.com/viewjob?jk=45a26a2aaef0b1c7
2026-09-22,li,Co. Society,Design Director,"Stockholm, Stockholm County, Sweden",,True,target,https://www.linkedin.com/jobs/view/4468814546
2026-09-22,li,Above,Visual Design Director,"Stockholm, Stockholm County, Sweden",,True,target,https://www.linkedin.com/jobs/view/4364705725
2026-09-22,li,Kite Human Capital,"Head of Product - Personalisation, APIs & AI","Stockholm, Stockholm County, Sweden",,True,target,https://www.linkedin.com/jobs/view/4469136765
2026-09-22,li,Jönköpings kommun,Utvecklingsledare med fokus på invånarupplevelsen,"Jönköping, Jönköping County, Sweden",,False,below,https://www.linkedin.com/jobs/view/4466584425
2026-09-22,li,Sharkmob,Game Director - Multiplayer Shooter,"Malmo, Skåne County, Sweden",,False,target,https://www.linkedin.com/jobs/view/4469160173
2026-09-22,li,SYSTRA Sverige,"Gruppchef HML & VDC/BIM (High speed, metro, lightweight & virtual design construction, Building information modelling) till SYSTRA I Göteborg","Gothenburg, Västra Götaland County, Sweden",,True,below,https://www.linkedin.com/jobs/view/4469101888
2026-09-22,li,Silex Microsystems,Group Manager - Product Development,"Järfälla, Stockholm County, Sweden",,True,target,https://www.linkedin.com/jobs/view/4467502729
2026-09-22,li,Saab,Manager Safety & Awareness Systems,"Solna, Stockholm County, Sweden",,False,below,https://www.linkedin.com/jobs/view/4468687722
2026-09-22,li,Jobgether,Head of UX/UI,,,True,target,https://www.linkedin.com/jobs/view/4466868064
2026-09-22,li,Jobgether,Head of Product,,,True,target,https://www.linkedin.com/jobs/view/4466833570
2026-09-22,li,Saab,Team Lead,"Gothenburg, Västra Götaland County, Sweden",,False,target,https://www.linkedin.com/jobs/view/4468275346
2026-09-22,li,Autoliv,ECU Project Leader / Design Leader,"Vårgårda, Västra Götaland County, Sweden",,True,below,https://www.linkedin.com/jobs/view/4466870025
2026-09-22,li,GeoGuessr,UI Design lead,"Stockholm, Stockholm County, Sweden",,True,target,https://www.linkedin.com/jobs/view/4465216872
2026-09-22,li,FS System,Chief Product Officer,"Stockholm, Stockholm County, Sweden",,True,target,https://www.linkedin.com/jobs/view/4467713335
2026-09-22,li,Worldline,Lead UX/UI Designer,"Stockholm, Stockholm County, Sweden",,True,target,https://www.linkedin.com/jobs/view/4454741728
2026-09-22,li,Infosys,"UX Designer | Trucks, Functions & Software Defined Vehicle | Gothenburg","Gothenburg, Västra Götaland County, Sweden",,True,below,https://www.linkedin.com/jobs/view/4465233915
2026-09-22,li,4C Strategies,Head of Design,"Stockholm, Stockholm County, Sweden",,True,target,https://www.linkedin.com/jobs/view/4441059995
2026-09-22,li,Arbetsförmedlingen,Sektionschef intern- och extern digital kommunikation på IT-avdelningen,"Solna, Stockholm County, Sweden",,False,below,https://www.linkedin.com/jobs/view/4466793618
2026-09-22,li,WSP i Sverige,Head of Structural Design – WSP Sverige,"Malmo, Skåne County, Sweden",,True,target,https://www.linkedin.com/jobs/view/4428712388
2026-09-22,li,Instabee,Design Director,"Stockholm, Stockholm County, Sweden",,True,target,https://www.linkedin.com/jobs/view/4431289255
2026-09-22,indeed,SSAB,Design Specialist,SE,,True,below,https://se.indeed.com/viewjob?jk=a554d515a6da67b3
2026-09-22,indeed,Electronic Arts,Development Director,"Stockholm, AB, SE",,False,target,https://se.indeed.com/viewjob?jk=fe0df11f88e9057f
2026-09-22,indeed,If Skadeförsäkring,AI Engineer,"Stockholm, AB, SE",,False,below,https://se.indeed.com/viewjob?jk=c15f9e687f4a40c3
2026-09-22,indeed,Allianz,Regional Managing Director Nordics,"Stockholm, AB, SE",,False,target,https://se.indeed.com/viewjob?jk=4a8ea5e1e94ecb8c
2026-09-22,indeed,Teledyne FLIR,SW Engineer,"Täby, AB, SE",,False,below,https://se.indeed.com/viewjob?jk=78d8ae35e6fcfafc
2026-09-22,indeed,Blykalla,Core Designer,"Stockholm, AB, SE",,True,below,https://se.indeed.com/viewjob?jk=c0949e112eaa887a
2026-09-22,indeed,Kappahl,Technical Designer - Kids,"Mölndal, O, SE",,True,below,https://se.indeed.com/viewjob?jk=cdaa6816b0468a51
2026-09-22,indeed,Swedish Nutra AB,Marketing Manager (Head of Marketing),"Malmö, M, SE",,True,target,https://se.indeed.com/viewjob?jk=18137f1b0ccbc1f0
2026-09-22,indeed,ELEIKO,Design Lead Halmstad,"Halmstad, N, SE",,True,target,https://se.indeed.com/viewjob?jk=62d2c89ee90085cf
2026-09-22,indeed,Doktor.se,Product Designer,"Stockholm, AB, SE",,True,below,https://se.indeed.com/viewjob?jk=21778522d12746f7
2026-09-22,indeed,Blykalla,Project Controls Lead,"Stockholm, AB, SE",,False,target,https://se.indeed.com/viewjob?jk=bb0119d0b61bf06b
2026-09-22,indeed,Happy Socks,Master Data & Automation Specialist,"Stockholm, AB, SE",,False,below,https://se.indeed.com/viewjob?jk=db2adda12d49ccb9
2026-09-22,indeed,Sweed Beauty,Art Director - Social and Digital,"Stockholm, AB, SE",,False,target,https://se.indeed.com/viewjob?jk=87b5c8640bda2493
2026-09-22,indeed,Axel Arigato,Product Developer FTW (Parental Leave Cover),"Göteborg, O, SE",,False,below,https://se.indeed.com/viewjob?jk=f8b9c1508c6f765b
2026-09-22,indeed,Axel Arigato,Product Developer FTW (Parental Leave Cover),"Göteborg, O, SE",,False,below,https://se.indeed.com/viewjob?jk=6a44047a25161ec0
2026-09-22,indeed,Kappahl,Internship Technical Designer (Patternmaker) Spring 2027,"Mölndal, O, SE",,True,below,https://se.indeed.com/viewjob?jk=d11e75fb51f8046a
2026-09-22,indeed,Coop,Tech Lead,"Solna, AB, SE",,False,target,https://se.indeed.com/viewjob?jk=a5cdaade7b1dd32f
2026-09-22,indeed,Scandinavian Airlines System (SAS),LEAD DEVELOPER LOYALTY,"Solna, AB, SE",,False,target,https://se.indeed.com/viewjob?jk=24a01ea721970a2e
2026-09-22,indeed,Playground Group,"Marketing & Communications Lead, B2B","Stockholm, AB, SE",,False,target,https://se.indeed.com/viewjob?jk=6520dbf8a1ab5692
2026-09-22,indeed,Nordic Knots AB,Senior Data Analyst,"Stockholm, AB, SE",,False,below,https://se.indeed.com/viewjob?jk=d2223a89cc7f9f53
2026-09-22,li,Autodesk,"Director, UX Design - AEC Forma Design","Oslo, Oslo, Norway",,True,target,https://www.linkedin.com/jobs/view/4432105658
2026-09-22,li,Nscale,Design Manager or Senior Design Manager - Norway (Stargate Norway - Narvik),"Narvik, Nordland, Norway",,True,below,https://www.linkedin.com/jobs/view/4440976988
2026-09-22,li,Accenture Nordics,Design Manager,"Oslo, Oslo, Norway",accenture,True,below,https://www.linkedin.com/jobs/view/4453251879
2026-09-22,li,Six Robotics,Lead Product Designer (UX/UI),"Oslo, Oslo, Norway",,True,target,https://www.linkedin.com/jobs/view/4457280469
2026-09-22,li,Innovation Norway,Merkevare- og designansvarlig,"Oslo, Oslo, Norway",,True,below,https://www.linkedin.com/jobs/view/4468618717
2026-09-22,li,Nscale,Design Manager or Senior Design Manager - Norway (Stargate Norway - Narvik),"Oslo, Oslo, Norway",,True,below,https://www.linkedin.com/jobs/view/4440995219
2026-09-22,li,Mode Executive,Creative Director – Contemporary Brand - Oslo,"Oslo, Norway",,False,target,https://www.linkedin.com/jobs/view/4464896596
2026-09-22,li,Jobgether,Head of Product,,,True,target,https://www.linkedin.com/jobs/view/4466837155
2026-09-22,li,Nenu AI,VP of Product Management,"Time, Rogaland, Norway",,True,target,https://www.linkedin.com/jobs/view/4466224955
2026-09-22,li,Mercury,Design Manager,"Kristiansand, Agder, Norway",,True,below,https://www.linkedin.com/jobs/view/4457654125
2026-09-22,li,SpareBank 1 Utvikling,"Produktleder | Vil du skape produkter som betyr noe i hverdagen til 1,2 millioner kunder?","Oslo, Oslo, Norway",,False,below,https://www.linkedin.com/jobs/view/4467734400
2026-09-22,li,Norwegian,Director Product Management,"Oslo, Oslo, Norway",,True,target,https://www.linkedin.com/jobs/view/4465529451
2026-09-22,li,AFRY,AFRY Architects Trondheim søker gruppeleder,"Trondheim, Trøndelag, Norway",,False,below,https://www.linkedin.com/jobs/view/4467702393
2026-09-22,li,Mobile Career,"Design Leader, Software Design","Time, Rogaland, Norway",,True,below,https://www.linkedin.com/jobs/view/4470240962
2026-09-22,li,Mobile Career,"Engineering Director, Mobile, Web3","Time, Rogaland, Norway",,False,target,https://www.linkedin.com/jobs/view/4470246723
2026-09-22,li,Mobile Career,"Engineering Director, Mobile, Web3","Time, Rogaland, Norway",,False,target,https://www.linkedin.com/jobs/view/4470243906
2026-09-22,indeed,Vend,Data Analyst,"Oslo, N03, NO",,False,below,https://no.indeed.com/viewjob?jk=cc16f3e147fde710
2026-09-22,indeed,Apotek 1,Apotek 1 is looking for a Solution Architect D365 F&O/POS,"N30, NO",,False,below,https://no.indeed.com/viewjob?jk=442e790b51464349
2026-09-22,indeed,Jotun Group,HRMS Solution Architect (Workday),"Sandefjord, N38, NO",,False,below,https://no.indeed.com/viewjob?jk=fff6ad8925d37d86
2026-09-22,indeed,DN Media Group AS,Business Development Analyst,"Oslo, N03, NO",,False,below,https://no.indeed.com/viewjob?jk=8982e8cd6e56ec1f
2026-09-22,li,Stax - Deep Tech Talent,Head of Vehichle Design & Integration - UAS (Aerodynamics & CFD),,,True,target,https://www.linkedin.com/jobs/view/4469852712
2026-09-22,li,Toptal,"SVP, Product","Berlin, Germany",,True,below,https://www.linkedin.com/jobs/view/4467705358
2026-09-22,li,NLC Health Ventures,Head of Product and Strategy | ROB'E,"Hamburg, Hamburg, Germany",,True,target,https://www.linkedin.com/jobs/view/4410154378
2026-09-22,li,Revolut,Head of Product (Wealth & Trading),"Berlin, Germany",revolut,True,target,https://www.linkedin.com/jobs/view/4432675794
2026-09-22,li,Almedia,Head of Product Design,"Berlin, Germany",,True,target,https://www.linkedin.com/jobs/view/4449690252
2026-09-22,li,HelloFresh,"(Senior) Director UX, Operations","Berlin, Berlin, Germany",,True,target,https://www.linkedin.com/jobs/view/4459857844
2026-09-22,li,Telekom MMS,Head of Mobile Experience (m/w/d),"Stuttgart, Baden-Württemberg, Germany",,False,target,https://www.linkedin.com/jobs/view/4385070139
2026-09-22,li,Proalpha,Group UX/UI Lead m/w/d,,,True,target,https://www.linkedin.com/jobs/view/4459855856
2026-09-22,li,over99,Design Lead,"Berlin, Berlin, Germany",,True,target,https://www.linkedin.com/jobs/view/4467592275
2026-09-22,li,XTB online investing,Head of Virality & Customer Engagement,"Berlin, Berlin, Germany",,False,target,https://www.linkedin.com/jobs/view/4467162713
2026-09-22,li,LAUDO,Design Director - Brand & Digital (w/m/d),"Berlin, Berlin, Germany",,True,target,https://www.linkedin.com/jobs/view/4468351978
2026-09-22,li,DocCheck,Teamleiter:in Design (m/w/d),"Cologne, North Rhine-Westphalia, Germany",,True,below,https://www.linkedin.com/jobs/view/4467179844
2026-09-22,li,Landor,Design Director - Corporate Branding,"Hamburg, Germany",,True,target,https://www.linkedin.com/jobs/view/4467561960
2026-09-22,li,Jobgether,Head of UX/UI,,,True,target,https://www.linkedin.com/jobs/view/4466858915
2026-09-22,li,Deel,"Director, Product Design - Connectivity",,,True,target,https://www.linkedin.com/jobs/view/4456501442
2026-09-22,li,ONVO,"ONVO Global Head of Visualization - Munich, Germany","Munich, Bavaria, Germany",,False,target,https://www.linkedin.com/jobs/view/4466527384
2026-09-22,li,The Platform Group,"(Senior) UX/UI Manager:in (m, w, d) für den Verbund Avocado Store GmbH & Hood Media GmbH","Hamburg, Hamburg, Germany",,True,below,https://www.linkedin.com/jobs/view/4465511415
2026-09-22,li,cfab,Creative Design Lead (m/w/d),"Düsseldorf, North Rhine-Westphalia, Germany",,True,target,https://www.linkedin.com/jobs/view/4467413075
2026-09-22,li,REMATIQ,Product Lead,"Berlin, Germany",,True,target,https://www.linkedin.com/jobs/view/4467044776
2026-09-22,li,Jobgether,Head of Product Development,,,True,target,https://www.linkedin.com/jobs/view/4468777715
2026-09-22,indeed,Good Hood GmbH,Chief of Staff (m/f/d),"Berlin, BE, DE",,False,target,https://de.indeed.com/viewjob?jk=fe44dee8a9d9396e
2026-09-22,indeed,n8n,Head of People Operations & Tech,"Berlin, BE, DE",,False,target,https://de.indeed.com/viewjob?jk=220465aabb7868f3
2026-09-22,indeed,n8n,Head of People Operations & Tech,DE,,False,target,https://de.indeed.com/viewjob?jk=f473f5ce6c469a3b
2026-09-22,indeed,Contabo,Director Marketing (all genders) - GPORTAL (Ociris GmbH),"Home Office, DE",,False,target,https://de.indeed.com/viewjob?jk=9497f697f4feb98f
2026-09-22,indeed,Pandora Jewelry,Assortment Planer Senior Specialist,"Hamburg, HH, DE",,False,below,https://de.indeed.com/viewjob?jk=95da763ad087b28f
2026-09-22,indeed,AKOG Service GmbH,HEAD OF PRODUCT & MERCHANDISING,"Berlin, BE, DE",,True,target,https://de.indeed.com/viewjob?jk=a8111524933de578
2026-09-22,indeed,N26,Product Designer - Grow & Engage,"Berlin, BE, DE",n26,True,below,https://de.indeed.com/viewjob?jk=99c38125f1938250
2026-09-22,indeed,Zalando,Head of Product and Tech - Lounge by Zalando (all genders),"Berlin, BE, DE",zalando,True,target,https://de.indeed.com/viewjob?jk=f170868fdd594c6e
2026-09-22,indeed,Artificial Labs,Sales Engineer,"Berlin, BE, DE",,False,below,https://de.indeed.com/viewjob?jk=c16223b5b0761075
2026-09-22,indeed,Roche,Head of Purification EU (f/w/d),"Penzberg, BY, DE",,False,target,https://de.indeed.com/viewjob?jk=cb4391835d2e14cb
2026-09-22,indeed,Hilscher Gesellschaft für Systemautomation mbH,Head of Global Marketing (m/w/d),"Hattersheim, HE, DE",,False,target,https://de.indeed.com/viewjob?jk=a64db9e567be0410
2026-09-22,indeed,Zalando,Search Team Lead - Lounge by Zalando (all genders),"Berlin, BE, DE",zalando,False,target,https://de.indeed.com/viewjob?jk=76e7d8231cfb44df
2026-09-22,indeed,Retarus,Head of Consulting (m/f/d),"München, BY, DE",,False,target,https://de.indeed.com/viewjob?jk=30d5699cb0d4d68e
2026-09-22,indeed,CS International,Junior Warehouse & Logistics Manager (m/f/d),"Ratingen, NW, DE",,False,below,https://de.indeed.com/viewjob?jk=2ad3c0b8434ef6cf
2026-09-22,indeed,Synapticon GmbH,Senior Firmware Developer (m/f/d),"Schönaich, BW, DE",,False,below,https://de.indeed.com/viewjob?jk=d9b446d674c04568
2026-09-22,indeed,Synapticon GmbH,Senior Firmware Developer (m/f/d),"Schönaich, BW, DE",,False,below,https://de.indeed.com/viewjob?jk=f133a83768bf95a5
2026-09-22,indeed,PUMA,Head of Product Line Management Sportstyle Footwear,"Herzogenaurach, BY, DE",,True,target,https://de.indeed.com/viewjob?jk=8196425b3331bd0b
2026-09-22,indeed,Q.ant GmbH,Head of IT (m/f/d),"Stuttgart, BW, DE",,False,target,https://de.indeed.com/viewjob?jk=882416abf3556688
2026-09-22,indeed,Takeda Pharmaceuticals,Head of Marketing Engagement GI (w/m/d),"Berlin, BE, DE",,False,target,https://de.indeed.com/viewjob?jk=8a96afe53c156ca1
2026-09-22,indeed,Amazon Web Services,"Sr. AI-DLC GTM Specialist, WWSO","München, BY, DE",amazon,False,below,https://de.indeed.com/viewjob?jk=8962d4ecf84d3417
2026-09-22,li,Spott,Head of Product,"Leuven, Flemish Region, Belgium",,True,target,https://www.linkedin.com/jobs/view/4469867371
2026-09-22,li,NERF Interieur,VACATURE head of design - maatwerk,"Hoogstraten, Flemish Region, Belgium",,True,target,https://www.linkedin.com/jobs/view/1914555345
2026-09-22,li,Materialise,Medical Device Development Manager,"Leuven, Flemish Region, Belgium",,False,below,https://www.linkedin.com/jobs/view/4450327833
2026-09-22,li,Teamleader,Head of Product,"Ghent, Flemish Region, Belgium",,True,target,https://www.linkedin.com/jobs/view/4466919806
2026-09-22,li,Sia,"Manager Marketing, Customer Experience and Digital Transformation","Antwerp, Flemish Region, Belgium",atlassian,False,below,https://www.linkedin.com/jobs/view/4469121650
2026-09-22,li,Circet Benelux,IT Manager SaaS - Productontwikkeling,"Kontich, Flemish Region, Belgium",,False,below,https://www.linkedin.com/jobs/view/4466862522
2026-09-22,li,TUC RAIL,Design Manager,"Brussels, Brussels Region, Belgium",,True,below,https://www.linkedin.com/jobs/view/4468673193
2026-09-22,li,TUC RAIL,Design Manager,"Auderghem, Belgium",,True,below,https://www.linkedin.com/jobs/view/4468612779
2026-09-22,li,Elia Group,Designer Coordinator Towers,"Brussels, Brussels Region, Belgium",telia-company,True,below,https://www.linkedin.com/jobs/view/4439996311
2026-09-22,li,Jobgether,Head of UX/UI,,,True,target,https://www.linkedin.com/jobs/view/4466854913
2026-09-22,li,Jobgether,Head of Product,,,True,target,https://www.linkedin.com/jobs/view/4466826554
2026-09-22,li,Thales,Team Leader Designers,"Herstal, Walloon Region, Belgium",,True,below,https://www.linkedin.com/jobs/view/4468256494
2026-09-22,li,Addition,Head of Product,"Gistel, Flemish Region, Belgium",,True,target,https://www.linkedin.com/jobs/view/4467109368
2026-09-22,li,Argenta,Manager Daily Banking,"Antwerp, Flemish Region, Belgium",,False,below,https://www.linkedin.com/jobs/view/4353727464
2026-09-22,li,Immoweb,Director of Product,"Brussels, Brussels Region, Belgium",,True,target,https://www.linkedin.com/jobs/view/4458231580
2026-09-22,li,Wrike,Group Product Manager [Klaxoon],"Brussels, Brussels Region, Belgium",,True,target,https://www.linkedin.com/jobs/view/4440391969
2026-09-22,li,Bambaw,NPD/NPI Program Manager — Consumer Products,"Brussels, Brussels Region, Belgium",,False,below,https://www.linkedin.com/jobs/view/4449650254
2026-09-22,li,Sidem nv - Experts know why,Head of Product Management,"West Flanders, Flemish Region, Belgium",,True,target,https://www.linkedin.com/jobs/view/4455267156
2026-09-22,li,BioTalent,Head of Design & Development,"Turnhout, Flemish Region, Belgium",,True,target,https://www.linkedin.com/jobs/view/4454534943
2026-09-22,li,JACOPS NV,TEAMCOACH DESIGN,,,True,below,https://www.linkedin.com/jobs/view/4470413101
2026-09-22,indeed,Smappee,Java Software Engineer,"Harelbeke, VLG, BE",,False,below,https://be.indeed.com/viewjob?jk=ea4f9677b85e77ec
2026-09-22,indeed,SquareTrade,Head of Product Governance and Claims Oversight,"Brussels, BRU, BE",,True,target,https://be.indeed.com/viewjob?jk=7ef28f2a8b65391d
2026-09-22,indeed,Fidelity International,"Investment Management Oversight, Associate Director","WAL, BE",fidelity-international,False,target,https://be.indeed.com/viewjob?jk=504cc272ceaf328c
2026-09-22,indeed,ALSTOM,Project ATC Design Leader,"Charleroi, WAL, BE",,True,below,https://be.indeed.com/viewjob?jk=8f00cef80f3db7fd
2026-09-22,indeed,KU LEUVEN,Research manager in the field of circular hydrometallurgy,"Leuven, VLG, BE",,True,below,https://be.indeed.com/viewjob?jk=5127c8d9eb0f0121
2026-09-22,indeed,Stanley/Stella,EU Demand Planner,"Oudergem, BRU, BE",,False,below,https://be.indeed.com/viewjob?jk=5c0cffa4520df0da
2026-09-22,indeed,ING,Head of Affluent Growth,"Brussels, BRU, BE",ing,False,target,https://be.indeed.com/viewjob?jk=c3b9b7f88cedef48
2026-09-22,indeed,Monizze,Head of Marketing,"Brussels, BRU, BE",,False,target,https://be.indeed.com/viewjob?jk=c87628da0eb962da
2026-09-22,indeed,A.S.Adventure,Hoboken Antwerpen | Data Governance Lead,"Hoboken, VLG, BE",,False,target,https://be.indeed.com/viewjob?jk=29053f7f36b3f2eb
2026-09-22,indeed,OpenVPN,Founding Head of GTM - Cipherscale,"Brussels, BRU, BE",,False,target,https://be.indeed.com/viewjob?jk=52949eb4b13aadd4
2026-09-22,indeed,Spektrum,Senior Cyber Security Specialist,"Mons, WAL, BE",,False,below,https://be.indeed.com/viewjob?jk=85b27145b6cae2bf
2026-09-22,indeed,AppTweak,Product Designer,"Brussels, BRU, BE",,True,below,https://be.indeed.com/viewjob?jk=0ef2d0c2de233e96
2026-09-22,indeed,Barry Callebaut,"Director, R&D Specialties WE","Lebbeke Wieze, VLG, BE",,False,target,https://be.indeed.com/viewjob?jk=7ee9d721ed347483
2026-09-22,li,OCX,Head of Post Production,"Madrid, Community of Madrid, Spain",,False,target,https://www.linkedin.com/jobs/view/4375807412
2026-09-22,li,Click&Boat,Head of Product,"Barcelona, Catalonia, Spain",,True,target,https://www.linkedin.com/jobs/view/4467372540
2026-09-22,li,Autodesk,"Director, UX Design - AEC Forma Design","Barcelona, Catalonia, Spain",,True,target,https://www.linkedin.com/jobs/view/4432105659
2026-09-22,li,Super,Head of Product Design - Manager role,"Madrid, Community of Madrid, Spain",,True,target,https://www.linkedin.com/jobs/view/4448532920
2026-09-22,li,Tucuvi,Director of Product,,,True,target,https://www.linkedin.com/jobs/view/4466956757
2026-09-22,li,Plain Concepts,Product Lead,"Madrid, Community of Madrid, Spain",,True,target,https://www.linkedin.com/jobs/view/4468399899
2026-09-22,li,Scopely,"Senior Manager, UX Design_Monopoly GO!","Barcelona, Catalonia, Spain",,True,below,https://www.linkedin.com/jobs/view/4468830058
2026-09-22,li,Scopely,Lead UI Artist - MONOPOLY GO!,"Barcelona, Catalonia, Spain",,True,target,https://www.linkedin.com/jobs/view/4459605269
2026-09-22,li,Jobgether,Head of UX/UI,,,True,target,https://www.linkedin.com/jobs/view/4466867111
2026-09-22,li,VistaPrint,"Director of User Experience, Core Commerce team - Spain, Remote",,,True,target,https://www.linkedin.com/jobs/view/4440333109
2026-09-22,li,XTB online investing,Head of Virality & Customer Engagement,"Madrid, Community of Madrid, Spain",,False,target,https://www.linkedin.com/jobs/view/4467988413
2026-09-22,li,SKLUM,Responsable de diseño de producto,"Gandía, Valencian Community, Spain",,False,below,https://www.linkedin.com/jobs/view/4461954396
2026-09-22,li,OLX,Product Director,,,True,target,https://www.linkedin.com/jobs/view/4451511607
2026-09-22,li,GdC Beauty Group,Head of Product Development,"Alcoy, Valencian Community, Spain",,True,target,https://www.linkedin.com/jobs/view/4465988017
2026-09-22,li,Deel,"Director, Product Design - Connectivity",,,True,target,https://www.linkedin.com/jobs/view/4455891939
2026-09-22,li,Toptal,"SVP, Product",,,True,below,https://www.linkedin.com/jobs/view/4467421708
2026-09-22,li,Airalo,VP of Research and Design,,,True,target,https://www.linkedin.com/jobs/view/4465770220
2026-09-22,li,Dogfy Diet,Head of Digital Product,"Barcelona, Catalonia, Spain",,True,target,https://www.linkedin.com/jobs/view/4467215154
2026-09-22,li,Jobgether,Head of Product Development,,,True,target,https://www.linkedin.com/jobs/view/4468778807
2026-09-22,li,ELA Games,Games Development Director,"Valencian Community, Spain",,False,target,https://www.linkedin.com/jobs/view/4468573527
2026-09-22,indeed,Spendesk,Head of Engineering,"Barcelona, CT, ES",spendesk,False,target,https://es.indeed.com/viewjob?jk=bc0a3f7f433158dc
2026-09-22,indeed,Airbus,M&L TID Expert - Structural Repair Domain (Temp Agency),"Sevilla, AN, ES",,False,below,https://es.indeed.com/viewjob?jk=96cb9859d1d67754
2026-09-22,indeed,n8n,Head of People Operations & Tech,ES,,False,target,https://es.indeed.com/viewjob?jk=15833d0514b2b3d1
2026-09-22,indeed,JPMorganChase,Senior Lead Software Engineer- Back End- Madrid- Digital Assets,"Madrid, MD, ES",,False,target,https://es.indeed.com/viewjob?jk=2ebbb5f2f4c24304
2026-09-22,indeed,JPMorganChase,Product Director - Brokerage,"Madrid, MD, ES",,True,target,https://es.indeed.com/viewjob?jk=72d2bf4ceb90a26c
2026-09-22,indeed,AstraZeneca,Transforming Care Lead Oncology,"Madrid, MD, ES",,False,target,https://es.indeed.com/viewjob?jk=3e026c328621960c
2026-09-22,indeed,N26,Product Designer - Grow & Engage,"Barcelona, CT, ES",n26,True,below,https://es.indeed.com/viewjob?jk=988c4426f4334ba4
2026-09-22,indeed,HARTING Technology Group,Head of Portfolio Management,"Barcelona, CT, ES",,False,target,https://es.indeed.com/viewjob?jk=7b64e4a90be5fc2c
2026-09-22,indeed,The Knot Worldwide,"Lead Product Designer, The Bump","Barcelona, CT, ES",,True,target,https://es.indeed.com/viewjob?jk=069d79cf84695928
2026-09-22,indeed,TK Elevator,HEAD OF PRODUCTION,"Baiña, AS, ES",,False,target,https://es.indeed.com/viewjob?jk=b76e62e66256dc4a
2026-09-22,indeed,Alea,Social Media Manager,"Barcelona, CT, ES",,False,below,https://es.indeed.com/viewjob?jk=9b1463d7ed9e1bd6
2026-09-22,indeed,Destinus,Head of Kinetics,"Madrid, MD, ES",,False,target,https://es.indeed.com/viewjob?jk=b707c20d6290a787
2026-09-22,indeed,TK Elevator,HEAD OF PRODUCTION,"Baiña, AS, ES",,False,target,https://es.indeed.com/viewjob?jk=464b58b2d349dc1b
2026-09-22,indeed,Brown-Forman,National Key Account Off-Trade - Fixed Term Contract,"Barcelona, CT, ES",,False,below,https://es.indeed.com/viewjob?jk=ad6eb7c80c291c82
2026-09-22,indeed,360Learning,Head of GTM Systems & AI,"En remoto, ES",,False,target,https://es.indeed.com/viewjob?jk=8e4d8e58d1db9539
2026-09-22,indeed,GR8 Tech,Founding Engineer (Flutter),"En remoto, ES",,False,below,https://es.indeed.com/viewjob?jk=7591618cb20f0859
2026-09-22,indeed,ABB,Enterprise Domain Architect - Data,"En remoto, ES",tabby,False,below,https://es.indeed.com/viewjob?jk=3d38505cf47b2ddb
2026-09-22,indeed,Novartis,"Head DDIT ISC Software Development Governance, Integrity & Secure Software Development Life Cycle (SDLC)","Barcelona, CT, ES",,False,below,https://es.indeed.com/viewjob?jk=e83c065d8dcb25d5
2026-09-22,indeed,Shine Germany,Senior Product Designer - Banking / Banking XP,"Las Matas, MD, ES",,True,below,https://es.indeed.com/viewjob?jk=e16a5bc402f8c0db
2026-09-22,indeed,FUNDCRAFT,Product Manager,"Girona, CT, ES",,True,below,https://es.indeed.com/viewjob?jk=12a8bbcbb439fcc4
2026-09-22,li,ComparaJá.pt,Business Transformation Manager - ComparaJa,"Lisbon, Lisbon, Portugal",,False,below,https://www.linkedin.com/jobs/view/4467601875
2026-09-22,li,ComparaJá.pt,Venture Developer - ComparaJa,"Lisbon, Lisbon, Portugal",,False,below,https://www.linkedin.com/jobs/view/4467607268
2026-09-22,li,Cloudflare,"Director of Product Management, Fintech","Lisbon, Portugal",,True,target,https://www.linkedin.com/jobs/view/4458429411
2026-09-22,li,Accenture Portugal,Design Director,"Lisbon, Lisbon, Portugal",accenture,True,target,https://www.linkedin.com/jobs/view/4356155360
2026-09-22,li,Accenture Portugal,Senior Design Lead,"Lisbon, Lisbon, Portugal",accenture,True,target,https://www.linkedin.com/jobs/view/4355958458
2026-09-22,li,Bain & Company,"Design Manager, Creative Services","Lisbon, Lisbon, Portugal",,True,below,https://www.linkedin.com/jobs/view/4469194174
2026-09-22,li,Bain & Company,"Design Manager, Creative Services","Lisboa, Lisbon, Portugal",,True,below,https://www.linkedin.com/jobs/view/4467867554
2026-09-22,li,XTB online investing,Head of Virality & Customer Engagement,"Lisboa, Lisbon, Portugal",,False,target,https://www.linkedin.com/jobs/view/4467164360
2026-09-22,li,Mastercard,"Manager, Product Development",,mastercard,True,below,https://www.linkedin.com/jobs/view/4447300594
2026-09-22,li,Jobgether,Head of UX/UI,,,True,target,https://www.linkedin.com/jobs/view/4466871030
2026-09-22,li,OLX,Product Director,,,True,target,https://www.linkedin.com/jobs/view/4451522138
2026-09-22,li,team.blue,CX Integrations Manager - Contractor,"Porto, Porto, Portugal",,False,below,https://www.linkedin.com/jobs/view/4468250045
2026-09-22,li,Toptal,"SVP, Product",,,True,below,https://www.linkedin.com/jobs/view/4467428514
2026-09-22,li,Revolut,Head of Product (Fraud),"Porto, Porto, Portugal",revolut,True,target,https://www.linkedin.com/jobs/view/4370653931
2026-09-22,li,Lebull.pt,Head of Product (Growth & Experience),"Lisbon, Lisbon, Portugal",,True,target,https://www.linkedin.com/jobs/view/4464737426
2026-09-22,li,Revolut,Product Owner (UX),"Porto, Porto, Portugal",revolut,True,below,https://www.linkedin.com/jobs/view/4370665361
2026-09-22,li,Jobgether,Head of Product Development,,,True,target,https://www.linkedin.com/jobs/view/4469007291
2026-09-22,li,FPF - Federação Portuguesa de Futebol,Coordenador(a) de Designer,,,True,below,https://www.linkedin.com/jobs/view/4469935137
2026-09-22,li,Mace,Design Manager,"Lisbon, Lisbon, Portugal",,True,below,https://www.linkedin.com/jobs/view/4440570758
2026-09-22,li,Zendesk,Lead Product Designer,,,True,target,https://www.linkedin.com/jobs/view/4469933317
2026-09-22,indeed,Stratio Automotive,Full Stack Software Engineer,"Lisboa, P11, PT",,False,below,https://pt.indeed.com/viewjob?jk=3217f1de990726ef
2026-09-22,indeed,SORTED,Product Owner - TCG Sorted,"Lisboa, P11, PT",,True,below,https://pt.indeed.com/viewjob?jk=ae15d331d9868269
2026-09-22,indeed,DoiT,Product Analyst-Portugal (Remote),"Remoto, PT",,False,below,https://pt.indeed.com/viewjob?jk=01a80d74b0ca272d
2026-09-22,indeed,Experimental,Experimental Porto | Head Bar Sommelier,"Porto, P13, PT",,False,below,https://pt.indeed.com/viewjob?jk=08396bb4d520a9fc
2026-09-22,indeed,OpenVPN,Founding Head of GTM - Cipherscale,"Lisboa, P11, PT",,False,target,https://pt.indeed.com/viewjob?jk=c07d990f875778d5
2026-09-22,indeed,JobCloud AG,Backend Software Engineer,"Porto, P13, PT",,False,below,https://pt.indeed.com/viewjob?jk=6c76fad242e39642
2026-09-22,indeed,BNP Paribas,Liquidity and Resolution Senior Auditor,"Lisboa, P11, PT",bnp-paribas,False,below,https://pt.indeed.com/viewjob?jk=6fb97776780c95de
2026-09-22,indeed,Platform Engineering Masters,Head of Research & Editorial,"Lisboa, P11, PT",,False,target,https://pt.indeed.com/viewjob?jk=2fcba8d7276f7e5b
2026-09-22,indeed,AUTOMAISE,Head of Partnerships,"Lisboa, P11, PT",,False,target,https://pt.indeed.com/viewjob?jk=11e6fb5e94455e0c
2026-09-22,indeed,Laminar Projects,Demand Generation Manager - 4 Day Week + Remote,"Remoto, PT",,False,below,https://pt.indeed.com/viewjob?jk=01dce28fecfd68a8
2026-09-22,indeed,JobCloud AG,"Senior Machine Learning Engineer Ship models that move the business, not just the metrics.","Porto, P13, PT",,False,below,https://pt.indeed.com/viewjob?jk=988c2701f6c880f1
2026-09-22,li,Proton,Head of Design,"London, England, UK",,True,target,https://www.linkedin.com/jobs/view/4441986001
2026-09-22,li,Autodesk,"Director, UX Design - AEC Forma Design","London, England, UK",,True,target,https://www.linkedin.com/jobs/view/4432110214
2026-09-22,li,Orbital,Head of Design,"London, England, UK",,True,target,https://www.linkedin.com/jobs/view/4450154524
2026-09-22,li,SharkNinja,"VP, Advanced Development – Floor Care","London, England, UK",,False,target,https://www.linkedin.com/jobs/view/4469183397
2026-09-22,li,Funding Circle UK,"Head of Product, Multi-Product Experience","London, England, UK",circle,True,target,https://www.linkedin.com/jobs/view/4469206082
2026-09-22,li,Sonar,CVP of Design,"London, England, UK",,True,below,https://www.linkedin.com/jobs/view/4468687346
2026-09-22,li,Futureheads Recruitment | B Corp™,Head of Product Design,,,True,target,https://www.linkedin.com/jobs/view/4466287229
2026-09-22,li,Super,Head of Product Design - Manager role,"Greater London, England, UK",,True,target,https://www.linkedin.com/jobs/view/4448536774
2026-09-22,li,Jobgether,Head of UX/UI,,,True,target,https://www.linkedin.com/jobs/view/4466872040
2026-09-22,li,LUC,Executive Director for Design,"England, United Kingdom",,True,target,https://www.linkedin.com/jobs/view/4467054964
2026-09-22,li,Citi,UX / Product Design Lead (VP),"Belfast, Northern Ireland, UK",,True,target,https://www.linkedin.com/jobs/view/4448248589
2026-09-22,li,Deel,"Director, Product Design - Connectivity",,,True,target,https://www.linkedin.com/jobs/view/4455899503
2026-09-22,li,Michael Page,Design Director,"England, United Kingdom",,True,target,https://www.linkedin.com/jobs/view/4467493858
2026-09-22,li,FMG,Director of Product / VP,"London Area, United Kingdom",,True,target,https://www.linkedin.com/jobs/view/4455716675
2026-09-22,li,LOBA GROUP,Head of Design,"London Area, United Kingdom",,True,target,https://www.linkedin.com/jobs/view/4465549553
2026-09-22,li,Airalo,VP of Research and Design,,,True,target,https://www.linkedin.com/jobs/view/4465784098
2026-09-22,li,Butternut Box | B Corp,Head of Product Design,"London, England, UK",,True,target,https://www.linkedin.com/jobs/view/4470454320
2026-09-22,li,Butternut Box | B Corp,Head of Product Design,"London Area, United Kingdom",,True,target,https://www.linkedin.com/jobs/view/4468585361
2026-09-22,li,McLaren Automotive Ltd,Director Advanced Design,"Bicester, England, UK",,True,target,https://www.linkedin.com/jobs/view/4469945407
2026-09-22,li,McLaren Automotive Ltd,Director of Industrial Product Design,"Bicester, England, UK",,True,target,https://www.linkedin.com/jobs/view/4463529340
2026-09-22,indeed,Glendola Leisure,Sous Chef at Waxy O'Connor's Glasgow,"Glasgow, SCT, GB",,False,below,https://uk.indeed.com/viewjob?jk=cc1f7951b7e97745
2026-09-22,indeed,Company Bakery,Marketing & Events Manager,"Musselburgh, SCT, GB",,False,below,https://uk.indeed.com/viewjob?jk=652f5690a202338f
2026-09-22,indeed,Lighthouse games,Head of Analytics,"Leamington Spa, ENG, GB",,False,target,https://uk.indeed.com/viewjob?jk=7574d5ffd5cef0ce
2026-09-22,indeed,Britvic Soft Drinks Ltd,Stability Lead Technologist,"Hemel Hempstead, ENG, GB",,False,target,https://uk.indeed.com/viewjob?jk=4ae4ad1f3fbce2d5
2026-09-22,indeed,Motive Offshore Group Ltd,Rental Fleet Technician (#652),"Peterhead, SCT, GB",,False,below,https://uk.indeed.com/viewjob?jk=b7f643c4cf85fc1d
2026-09-22,indeed,UK Research and Innovation,Lead Product Manager,"Swindon, ENG, GB",,True,target,https://uk.indeed.com/viewjob?jk=f054315074d31281
2026-09-22,indeed,Delano,Head Bartender,"London, ENG, GB",,False,below,https://uk.indeed.com/viewjob?jk=fb13cf55fdcb1745
2026-09-22,indeed,NEXT,Joules International Assistant Manager,"Market Harborough, ENG, GB",,False,below,https://uk.indeed.com/viewjob?jk=01b0442e69cf099b
2026-09-22,indeed,Formula Space Ltd,Head of Operations,"Canterbury, ENG, GB",,False,target,https://uk.indeed.com/viewjob?jk=d310a46eb56e10be
2026-09-22,indeed,Swann Engineering Group,Project Co-ordinator,"Braintree, ENG, GB",,False,below,https://uk.indeed.com/viewjob?jk=0f68f360bfc940e0
2026-09-22,indeed,Superior Seals Ltd,Cleaner,"Wimborne, ENG, GB",,False,below,https://uk.indeed.com/viewjob?jk=11a96f48eb93cb57
2026-09-22,indeed,Jellycat Limited,End-to-End Process Manager,"London, ENG, GB",,False,below,https://uk.indeed.com/viewjob?jk=a31989adaf35a399
2026-09-22,indeed,,R&D Associate Scientist,"Birmingham, ENG, GB",,False,below,https://uk.indeed.com/viewjob?jk=c0f93c92e18e41ec
2026-09-22,indeed,Huda Beauty,Visual Mechandising Coordinator,"London, ENG, GB",,False,below,https://uk.indeed.com/viewjob?jk=e011b4a1d07d99ae
2026-09-22,indeed,Fortress Safety,Head of Sales - Europe,"Wolverhampton, ENG, GB",,False,target,https://uk.indeed.com/viewjob?jk=2acdfc6b91b14ee6
2026-09-22,indeed,Butternut Box,Head of Product Design,"London, ENG, GB",,True,target,https://uk.indeed.com/viewjob?jk=5707866086c2da73
2026-09-22,indeed,Ascot Group,Head of Internal Controls,"London, ENG, GB",,False,target,https://uk.indeed.com/viewjob?jk=f67c8869d2395375
2026-09-22,indeed,L'Oréal,"Kiehl's Skin Pro, Bath Boutique (16 Hours)","Bath, ENG, GB",,False,below,https://uk.indeed.com/viewjob?jk=f54e43a71dbb44b3
2026-09-22,indeed,Raytheon,Engineering Manager,"Glenrothes, SCT, GB",,False,below,https://uk.indeed.com/viewjob?jk=c0da6d519b0b4796
2026-09-22,indeed,L'Oréal,"Kiehl's Skin Pro, London Gatwick North Terminal (40 Hours)","London, ENG, GB",,False,below,https://uk.indeed.com/viewjob?jk=22e424a6495d06fa
2026-09-22,li,Toptal,"SVP, Product","Dublin, County Dublin, Ireland",,True,below,https://www.linkedin.com/jobs/view/4467707308
2026-09-22,li,Revolut,Product Owner (UX),,revolut,True,below,https://www.linkedin.com/jobs/view/3566458861
2026-09-22,li,Pixaera,Associate Art Director,,,False,target,https://www.linkedin.com/jobs/view/4469862884
2026-09-22,li,Autodesk,"Director, UX Design - AEC Forma Design","Dublin, County Dublin, Ireland",,True,target,https://www.linkedin.com/jobs/view/4432122035
2026-09-22,li,Accenture UK & Ireland,4116: Creative Design Associate Manager,"Dublin, County Dublin, Ireland",accenture,True,below,https://www.linkedin.com/jobs/view/4440299075
2026-09-22,li,Anderson McQue,Head of Design,"Dublin, County Dublin, Ireland",,True,target,https://www.linkedin.com/jobs/view/4469137407
2026-09-22,li,Super,Head of Product Design - Manager role,,,True,target,https://www.linkedin.com/jobs/view/4448545746
2026-09-22,li,Kota,Product Lead,,,True,target,https://www.linkedin.com/jobs/view/4464111813
2026-09-22,li,Accenture,Product Design Lead,"Dublin, County Dublin, Ireland",accenture,True,target,https://www.linkedin.com/jobs/view/4466276588
2026-09-22,li,Vertiv,Sr. Director EMEA Power Product Management,"Burnfoot, County Donegal, Ireland",,True,target,https://www.linkedin.com/jobs/view/4468378978
2026-09-22,li,Jobgether,Head of UX/UI,,,True,target,https://www.linkedin.com/jobs/view/4466865154
2026-09-22,li,Ornua,Senior Designer,"Dublin, County Dublin, Ireland",,True,below,https://www.linkedin.com/jobs/view/4466874255
2026-09-22,li,Mastercard,"Manager, Product Experience & Design","Dublin, County Dublin, Ireland",mastercard,True,below,https://www.linkedin.com/jobs/view/4456942898
2026-09-22,li,Toptal,"SVP, Product",,,True,below,https://www.linkedin.com/jobs/view/4467423685
2026-09-22,li,Senneca Holdings,Engineering Manager - Structural Engineering / Product Design,"Dublin, County Dublin, Ireland",,False,below,https://www.linkedin.com/jobs/view/4467908170
2026-09-22,li,Sculpted by Aimee,Senior Brand Manager - 12 Month FTC,"Dublin, County Dublin, Ireland",,False,below,https://www.linkedin.com/jobs/view/4438340570
2026-09-22,li,Jobgether,Head of Product Development,,,True,target,https://www.linkedin.com/jobs/view/4469002532
2026-09-22,li,Wrike,Group Product Manager [Klaxoon],"Dublin, County Dublin, Ireland",,True,target,https://www.linkedin.com/jobs/view/4451363318
2026-09-22,li,Kepak Group,NPD Manager,"Watergrasshill, County Cork, Ireland",,False,below,https://www.linkedin.com/jobs/view/4470438065
2026-09-22,li,Expleo Group,Head of Product (Maternity Leave Cover),"Dublin, County Dublin, Ireland",,True,target,https://www.linkedin.com/jobs/view/4467643159
2026-09-22,indeed,Expleo Group,Head of Product (Maternity Leave Cover),"Dublin, D, IE",,True,target,https://ie.indeed.com/viewjob?jk=95f684e932d044e1
2026-09-22,indeed,Würth Group,eBusiness Systems Lead,"Limerick, LK, IE",,False,target,https://ie.indeed.com/viewjob?jk=81ef6215807fd37a
2026-09-22,indeed,StoryToys,3D Art Lead,"Dublin, D, IE",,False,target,https://ie.indeed.com/viewjob?jk=c4dbff88c97f2c61
2026-09-22,indeed,Castle Leslie estate,Chef de Partie- Daytime Monday-Friday,"Monaghan, MN, IE",,False,below,https://ie.indeed.com/viewjob?jk=ec38b206c0b9d217
2026-09-22,indeed,SLAINTE HOSPITALITY LTD,Restaurant Manager,"Cork, C, IE",,False,below,https://ie.indeed.com/viewjob?jk=b377e22c15eab8a8
2026-09-22,indeed,Euronext,Data Engineer for AI,"Dublin, D, IE",,False,below,https://ie.indeed.com/viewjob?jk=9f59641d5af00060
2026-09-22,indeed,Euronext,AI Integration Engineer,"Dublin, D, IE",,False,below,https://ie.indeed.com/viewjob?jk=666636c8ff389254
2026-09-22,indeed,Euronext,AI Specialist,"Dublin, D, IE",,False,below,https://ie.indeed.com/viewjob?jk=2ad6953474753375
2026-09-22,indeed,Grafton Street Café Bewleys,Senior Baker,"Dublin, D, IE",,False,below,https://ie.indeed.com/viewjob?jk=1074f878c368c4da
2026-09-22,indeed,Davenham Switchgear Limited,Continuous Improvement Engineer - Legrand Way,"Clondalkin, D, IE",,False,below,https://ie.indeed.com/viewjob?jk=237b056b39b44ab2
2026-09-22,indeed,Flex,Project Manager,"Dundalk, LH, IE",,False,below,https://ie.indeed.com/viewjob?jk=c2639528680400f5
2026-09-22,indeed,MANNA,Hardware Reliability Engineer,"DUBLIN 11, D, IE",,False,below,https://ie.indeed.com/viewjob?jk=961c01ffb5b074ea
2026-09-22,indeed,PAYCOM EUROPE LIMITED,Head of Risk,"Dublin, D, IE",,False,target,https://ie.indeed.com/viewjob?jk=a427944f886e9883
2026-09-22,indeed,Amazon.com,"Senior Software Development Engineer, Transactional Data Storage","Dublin, D, IE",amazon,False,below,https://ie.indeed.com/viewjob?jk=13475f3b0d9c2703
2026-09-22,indeed,TikTok,"Policy Manager, Interactions - Trust & Safety","Dublin, D, IE",,False,below,https://ie.indeed.com/viewjob?jk=e9a51f2a33bdf0a9
2026-09-22,indeed,Brown Thomas Arnotts,"Sandro, Sales Consultant, Part Time, Permanent","Galway, G, IE",,False,below,https://ie.indeed.com/viewjob?jk=856b5f73229aae79
2026-09-22,indeed,Fidelity International,AI Engineer,"Dublin, D, IE",fidelity-international,False,below,https://ie.indeed.com/viewjob?jk=c75cfa2b67e162be
2026-09-22,indeed,Sleep,"Senior Product Manager, Consumer Experience","Dublin, D, IE",,True,below,https://ie.indeed.com/viewjob?jk=15db0eb6e1fa5ec2
2026-09-22,indeed,CALCOM,Senior Product Designer,"Remote, IE",,True,below,https://ie.indeed.com/viewjob?jk=fc9ac647d116684f
2026-09-22,indeed,Electric Ireland Superhomes,Service and Sales Team Lead,"Thurles, TA, IE",,False,target,https://ie.indeed.com/viewjob?jk=25a8bf51d7e2d25e
2026-09-22,li,Cundall,Senior Design Manager,"Kuala Lumpur, Federal Territory of Kuala Lumpur, Malaysia",,True,below,https://www.linkedin.com/jobs/view/4413865161
2026-09-22,li,Hong Leong Bank Berhad,Head - Marketing & Communication (Brand and Wealth Marketing),"Federal Territory of Kuala Lumpur, Malaysia",hong-leong-bank,False,below,https://www.linkedin.com/jobs/view/4425109661
2026-09-22,li,U Mobile,"Section Head, Experience and Transformation","Kuala Lumpur, Federal Territory of Kuala Lumpur, Malaysia",,False,below,https://www.linkedin.com/jobs/view/4432191086
2026-09-22,li,L'Oréal,[MYSG] Group Product Manager,"Petaling Jaya, Selangor, Malaysia",,True,target,https://www.linkedin.com/jobs/view/4452792461
2026-09-22,li,Doit,Head of Strategy and Product,"Petaling Jaya, Selangor, Malaysia",,True,target,https://www.linkedin.com/jobs/view/4466825946
2026-09-22,li,BJAK,Creative Design Lead,"Petaling Jaya, Selangor, Malaysia",,True,target,https://www.linkedin.com/jobs/view/4467436445
2026-09-22,li,BJAK,Senior Visual Lead,"Petaling Jaya, Selangor, Malaysia",,False,target,https://www.linkedin.com/jobs/view/4467423750
2026-09-22,li,Electronic Arts (EA),Lead Product Designer,"Kuala Lumpur, Federal Territory of Kuala Lumpur, Malaysia",,True,target,https://www.linkedin.com/jobs/view/4465259411
2026-09-22,li,Setel,"Manager, Product Management [RID-00686]","Kuala Lumpur, Federal Territory of Kuala Lumpur, Malaysia",,True,below,https://www.linkedin.com/jobs/view/4448866034
2026-09-22,li,Confidential Careers,Creative Director (Advertising),"Federal Territory of Kuala Lumpur, Malaysia",,False,target,https://www.linkedin.com/jobs/view/4466194038
2026-09-22,li,Malaysia Airlines,"Senior Manager, CX Ground",,aeon-bank-malaysia,False,below,https://www.linkedin.com/jobs/view/4465714654
2026-09-22,li,Malaysia Airlines,"Manager, CX Soft Products, IFE Content & Aircraft Maintenance",,aeon-bank-malaysia,False,below,https://www.linkedin.com/jobs/view/4465787064
2026-09-22,li,Black & White Engineering,Design Manager,"Federal Territory of Kuala Lumpur, Malaysia",,True,below,https://www.linkedin.com/jobs/view/4465703737
2026-09-22,li,Maxis,Head of Home Marketing (Fibre),"Kuala Lumpur, Federal Territory of Kuala Lumpur, Malaysia",,False,target,https://www.linkedin.com/jobs/view/4410532071
2026-09-22,li,Maxis,Value Added Service Design SME,"Kuala Lumpur, Federal Territory of Kuala Lumpur, Malaysia",,True,below,https://www.linkedin.com/jobs/view/4460366028
2026-09-22,li,ARBA Travel,Head of Marketing,"Putrajaya, Putrajaya Federal Territory, Malaysia",,False,target,https://www.linkedin.com/jobs/view/4467049157
2026-09-22,li,TNG Digital,"Nadi Tech - Team Lead, Product (Platform)","Federal Territory of Kuala Lumpur, Malaysia",touch-n-go-digital-tng-digital,True,target,https://www.linkedin.com/jobs/view/4441454370
2026-09-22,li,PeopleLAKE Group,Head of Product,"WP. Kuala Lumpur, Federal Territory of Kuala Lumpur, Malaysia",,True,target,https://www.linkedin.com/jobs/view/4468593005
2026-09-22,li,Hong Leong Bank Berhad,Manager - HLISB (Product and Portfolio Management),"Federal Territory of Kuala Lumpur, Malaysia",hong-leong-bank,True,below,https://www.linkedin.com/jobs/view/4451539585
2026-09-22,li,Doit,Business Unit Head - AI Native Email App,"Petaling Jaya, Selangor, Malaysia",,False,below,https://www.linkedin.com/jobs/view/4467391987
2026-09-22,indeed,srpailabs.com,Sales Head,"Kuala Lumpur, M14, MY",,False,below,https://malaysia.indeed.com/viewjob?jk=350ac85c1c5e55cf
2026-09-22,indeed,,Sales head,"Kuala Lumpur, M14, MY",,False,below,https://malaysia.indeed.com/viewjob?jk=1e165237496031d8
2026-09-22,indeed,NEXT Ventures,Email Marketing Specialist,"Kuala Lumpur, M14, MY",,False,below,https://malaysia.indeed.com/viewjob?jk=ff6e33904f5e1e88
2026-09-22,indeed,Magnifi Machines,Senior Network / Systems Engineer,"Kuala Lumpur, M14, MY",,False,below,https://malaysia.indeed.com/viewjob?jk=653d0ac414a841d5
2026-09-22,indeed,Standard Chartered Bank,Assistant Manager,"Kuala Lumpur, M14, MY",standard-chartered,False,below,https://malaysia.indeed.com/viewjob?jk=097dd62e255f5cec
2026-09-22,indeed,verinon,FP&A Assistant Manager/Manager,"Kuala Lumpur, M14, MY",,False,below,https://malaysia.indeed.com/viewjob?jk=a18b957bab14f8fa
2026-09-22,indeed,Standard Chartered Bank,Product Owner (CMPS),"Kuala Lumpur, M14, MY",standard-chartered,True,below,https://malaysia.indeed.com/viewjob?jk=116efcdcff0c9b82
2026-09-22,indeed,Megan Jewellery Sdn Bhd,Digital Commerce & Live Operation Executive,"Kuala Lumpur, M14, MY",,False,below,https://malaysia.indeed.com/viewjob?jk=9680bf571c0293b8
2026-09-22,indeed,Delivery Hero,OPEX Process Specialist,"Kuala Lumpur, M14, MY",delivery-hero,False,below,https://malaysia.indeed.com/viewjob?jk=3cc0e6fc099b6015
2026-09-22,indeed,United Nations,"DATA SPECIALIST, NOC","Kuala Lumpur, M14, MY",,False,below,https://malaysia.indeed.com/viewjob?jk=06a68c8286a2afcc
2026-09-22,indeed,HSBC,"Manager, Compliance Assurance","Kuala Lumpur, M14, MY",hsbc,False,below,https://malaysia.indeed.com/viewjob?jk=a92ca2823521bfa2
2026-09-22,indeed,MAXIS,Head of Digital Commerce,"Kuala Lumpur, M14, MY",,False,target,https://malaysia.indeed.com/viewjob?jk=c8201247a97947c4
2026-09-22,indeed,Standard Chartered Bank,FSS Client Service Manager,"Kuala Lumpur, M14, MY",standard-chartered,False,below,https://malaysia.indeed.com/viewjob?jk=f988080bd65d9621
2026-09-22,li,See & Recruit,Head of Design,"Dubai, United Arab Emirates",,True,target,https://www.linkedin.com/jobs/view/4469853217
2026-09-22,li,Future Tense - Human Resource Solutions,Product Design Development Manager,"Dubai, United Arab Emirates",,True,below,https://www.linkedin.com/jobs/view/4469838666
2026-09-22,li,MyJobsFeed,Senior Strategy and Care Transformation Manager,"Dubai, Dubai, United Arab Emirates",,True,below,https://www.linkedin.com/jobs/view/4469837346
2026-09-22,li,Sana Commerce,Head of Research and Design,"Dubai, Dubai, United Arab Emirates",,True,target,https://www.linkedin.com/jobs/view/4469169266
2026-09-22,li,Salt,Product & Customer Experience Director,"Dubai, United Arab Emirates",,True,target,https://www.linkedin.com/jobs/view/4466671545
2026-09-22,li,Bain & Company,"Expert Senior Manager, Product Management & Innovation","Dubai, Dubai, United Arab Emirates",,True,below,https://www.linkedin.com/jobs/view/4469178917
2026-09-22,li,Al Abbar Group,Senior Design Manager,"Dubai, United Arab Emirates",,True,below,https://www.linkedin.com/jobs/view/4466646430
2026-09-22,li,Vertiv,Sr. Director EMEA Power Product Management,"Dubai, Dubai, United Arab Emirates",,True,target,https://www.linkedin.com/jobs/view/4468387895
2026-09-22,li,Stantec,Digital Delivery Manager – Buildings Design Delivery,"Dubai, Dubai, United Arab Emirates",,True,below,https://www.linkedin.com/jobs/view/4467160103
2026-09-22,li,Floward,Senior Product Designer II,"Dubai, United Arab Emirates",,True,below,https://www.linkedin.com/jobs/view/4467718008
2026-09-22,li,AECOM,Design Manager,"Dubai, Dubai, United Arab Emirates",,True,below,https://www.linkedin.com/jobs/view/4466125289
2026-09-22,li,Al-Futtaim,Senior Design Manager | Real Estate | Residential & Commercial,"Dubai, Dubai, United Arab Emirates",,True,below,https://www.linkedin.com/jobs/view/4467718126
2026-09-22,li,Airalo,VP of Research and Design,"Dubai, Dubai, United Arab Emirates",,True,target,https://www.linkedin.com/jobs/view/4465773210
2026-09-22,li,Confidential Careers,Global Head of Creative Design,"Dubai, United Arab Emirates",,True,target,https://www.linkedin.com/jobs/view/4465732598
2026-09-22,li,aspexx.,User Experience Lead,"Dubai, United Arab Emirates",,True,target,https://www.linkedin.com/jobs/view/4467089931
2026-09-22,li,10 Design,Studio Lead,"Dubai, Dubai, United Arab Emirates",,False,target,https://www.linkedin.com/jobs/view/4459696324
2026-09-22,li,Al-Futtaim,Head of Creative Lab | Al- Futtaim Automotive,"Dubai, Dubai, United Arab Emirates",,False,target,https://www.linkedin.com/jobs/view/4470418092
2026-09-22,li,Ernest Hunter Green,VP Customer experience,"Dubai, United Arab Emirates",,False,target,https://www.linkedin.com/jobs/view/4468585473
2026-09-22,li,UpNext UAE,Concept Design Manager,"Dubai, United Arab Emirates",,True,below,https://www.linkedin.com/jobs/view/4470291024
2026-09-22,li,Cargoz.com,Head of Product (Director/VP),"Dubai, United Arab Emirates",,True,target,https://www.linkedin.com/jobs/view/4468590838
2026-09-22,indeed,SD Ceilings,HEAD OF SALES,"Dubai, DU, AE",,False,target,https://ae.indeed.com/viewjob?jk=cd1697cdb8bbc839
2026-09-22,indeed,Property Finder,"Senior Product Manager, Value Creation","Dubai, DU, AE",,True,below,https://ae.indeed.com/viewjob?jk=b1abe6e482b9e781
2026-09-22,indeed,Legora,"Director of Legal Engineering, Dubai","Dubai, DU, AE",,False,target,https://ae.indeed.com/viewjob?jk=b5bcce078b625871
2026-09-22,indeed,Designlab Experience,Junior Interior Stylist - UAE National - 3 month contract,"Dubai, DU, AE",,False,below,https://ae.indeed.com/viewjob?jk=c2f9377a42849d82
2026-09-22,indeed,Smarter,Country Head Construction,"Dubai, DU, AE",,False,below,https://ae.indeed.com/viewjob?jk=1e5ab8cb4ed58e6b
2026-09-22,indeed,NEXT Ventures,Email Marketing Specialist,"Dubai, DU, AE",,False,below,https://ae.indeed.com/viewjob?jk=914020c530d05908
2026-09-22,indeed,Citi,"Vice President, Pricing & Billing Product Manager, Transaction Banking","Dubai, DU, AE",,True,target,https://ae.indeed.com/viewjob?jk=5710ff1f7ad62966
2026-09-22,indeed,Mooton Group Inc,E-Commerce Operations Manager,"Dubai, DU, AE",,False,below,https://ae.indeed.com/viewjob?jk=bf1d4d36141cb9ca
2026-09-22,indeed,مجموعة الطاير,Head of Digital Technology,"Dubai, DU, AE",,False,target,https://ae.indeed.com/viewjob?jk=537769859ca393e7
2026-09-22,indeed,Honeywell,Sr. Strategic Sales Representative - Data Center,"Dubai, DU, AE",,False,below,https://ae.indeed.com/viewjob?jk=7695513a661aa18e
2026-09-22,indeed,Belhasa Global Exchange,Head of Regulatory Compliance,"Dubai, DU, AE",,False,target,https://ae.indeed.com/viewjob?jk=b7ac1211f25ef2fd
2026-09-22,indeed,Smart Hatch Solutions,Tech Head (AI/Full-Stack),"Dubai, DU, AE",,False,below,https://ae.indeed.com/viewjob?jk=8bfe8136c69bf160
2026-09-22,indeed,Mandarin Oriental Hotel Group,Junior Sous Chef - Bakery,"Dubai, DU, AE",,False,below,https://ae.indeed.com/viewjob?jk=f28e2ce30b306706
2026-09-22,indeed,Mandarin Oriental Downtown,Junior Sous Chef - Bakery,"Dubai, DU, AE",,False,below,https://ae.indeed.com/viewjob?jk=da3eed20fa53a2a8
2026-09-22,indeed,Brownie Point Cakes and Confectioners,Cake Decorator & Pastry Chef,"Dubai, DU, AE",,False,below,https://ae.indeed.com/viewjob?jk=3d6c979bbb583ef5
2026-09-22,indeed,HSBC,Digital Sales Manager (UAE National role),"Dubai, DU, AE",hsbc,False,below,https://ae.indeed.com/viewjob?jk=f54cc8ee95e6ebaf
2026-09-22,indeed,JD DESIGN STUDIO LLC,Junior Chef De Partie,"Dubai, DU, AE",,False,below,https://ae.indeed.com/viewjob?jk=021fc8ef0807dec9
2026-09-22,indeed,CNS Middle East,"Senior Manager, Operations & Delivery – Cybersecurity, Digital Trust & AI","Dubai, DU, AE",,False,below,https://ae.indeed.com/viewjob?jk=79670cb32e3e3a2a
2026-09-22,indeed,Sihamco,Chef de Partie CDP - Burger,"Dubai, DU, AE",,False,below,https://ae.indeed.com/viewjob?jk=69304582831bf35f
2026-09-22,li,Fanatics Momentum,"Senior Director Product, Customer Platform","Abu Dhabi, Abu Dhabi Emirate, United Arab Emirates",,True,target,https://www.linkedin.com/jobs/view/4469586724
2026-09-22,li,Fanatics Momentum,"Lead Product Designer, Sports","Abu Dhabi, Abu Dhabi Emirate, United Arab Emirates",,True,target,https://www.linkedin.com/jobs/view/4469589801
2026-09-22,li,Revolut,Product Owner (UX),,revolut,True,below,https://www.linkedin.com/jobs/view/3811296961
2026-09-22,li,Wasael Property Management,Senior Design Manager,"Abu Dhabi, Abu Dhabi Emirate, United Arab Emirates",,True,below,https://www.linkedin.com/jobs/view/4458643016
2026-09-22,li,Dicetek LLC,CX Manager (Service Designer),"Abu Dhabi, Abu Dhabi Emirate, United Arab Emirates",,True,below,https://www.linkedin.com/jobs/view/4468846337
2026-09-22,li,Wasael Property Management,Design Manager,"Abu Dhabi, Abu Dhabi Emirate, United Arab Emirates",,True,below,https://www.linkedin.com/jobs/view/4458634208
2026-09-22,li,Property Finder,Senior Product Designer,,,True,below,https://www.linkedin.com/jobs/view/4455598848
2026-09-22,li,Khalifa Fund | صندوق خليفة,Section Head — Customer Experience (CX) - UAEN,"Abu Dhabi Emirate, United Arab Emirates",,False,below,https://www.linkedin.com/jobs/view/4468380893
2026-09-22,li,Dubai Holding,Senior Manager - Development (Dubai Holding Real Estate),,,False,below,https://www.linkedin.com/jobs/view/4467500613
2026-09-22,li,Confidential,Mobile Engineering Lead,"Abu Dhabi, Abu Dhabi Emirate, United Arab Emirates",,False,target,https://www.linkedin.com/jobs/view/4467177492
2026-09-22,li,Jobgether,Head of UX/UI,,,True,target,https://www.linkedin.com/jobs/view/4466861875
2026-09-22,li,Jobgether,Head of Product,,,True,target,https://www.linkedin.com/jobs/view/4466821697
2026-09-22,li,Zutari,Design Manager,"Abu Dhabi, Abu Dhabi Emirate, United Arab Emirates",,True,below,https://www.linkedin.com/jobs/view/4434984820
2026-09-22,li,IMKAN Properties,Senior Design Manager,"Abu Dhabi Emirate, United Arab Emirates",,True,below,https://www.linkedin.com/jobs/view/4465968799
2026-09-22,li,Confidential Careers,Head of Marketing,"Abu Dhabi Emirate, United Arab Emirates",,False,target,https://www.linkedin.com/jobs/view/4466181795
2026-09-22,li,Good Maven,Design Director,"Abu Dhabi, Abu Dhabi Emirate, United Arab Emirates",,True,target,https://www.linkedin.com/jobs/view/4455857244
2026-09-22,li,Vertiv,Supervisor Product Management,,,True,below,https://www.linkedin.com/jobs/view/4404891704
2026-09-22,li,Course,Director of Creative & Production - Emirati Applicants,"Abu Dhabi Emirate, United Arab Emirates",,False,target,https://www.linkedin.com/jobs/view/4468536767
2026-09-22,li,Ethara,Senior Creative Director - Contract,"Abu Dhabi, Abu Dhabi Emirate, United Arab Emirates",,False,target,https://www.linkedin.com/jobs/view/4469954740
2026-09-22,li,Space42,Manager - Product Management,"Abu Dhabi, Abu Dhabi Emirate, United Arab Emirates",,True,below,https://www.linkedin.com/jobs/view/4468900496
2026-09-22,indeed,Techsource Solutions,IT Technical Support Engineer,"Abu Dhabi, AZ, AE",,False,below,https://ae.indeed.com/viewjob?jk=bebdc7c95c520ca7
2026-09-22,indeed,Dubai Holding Group,Department Manager,"Abu Dhabi, AZ, AE",,False,below,https://ae.indeed.com/viewjob?jk=0d2ed69c9c5aa37c
2026-09-22,indeed,The Muse UAE Boutique Spa,NAIL TECHNICIAN (LADIES ONLY),"Abu Dhabi, AZ, AE",e-and,False,below,https://ae.indeed.com/viewjob?jk=58caa18b781716b8
2026-09-22,indeed,Thales,Engineering Workpackage Manager,"Abu Dhabi, AZ, AE",,False,below,https://ae.indeed.com/viewjob?jk=8ef8c9013d6f9be2
2026-09-22,indeed,Tasreea Business Center Services,Embroidery Designer & Machine Operator,"Abu Dhabi, AZ, AE",,True,below,https://ae.indeed.com/viewjob?jk=e398bf1f1e7e0ffa
2026-09-22,indeed,Technip Energies,Senior HVAC Engineer,"Abu Dhabi, AZ, AE",,False,below,https://ae.indeed.com/viewjob?jk=d4459b9f78e5c7d7
2026-09-22,indeed,Propharma Medical Supplies,HEAD CAKE ARTIST,"Abu Dhabi, AZ, AE",,False,below,https://ae.indeed.com/viewjob?jk=9c6361e981bb8b58
2026-09-22,li,Cygnify,Product Design Development Manager,"Singapore, Singapore",,True,below,https://www.linkedin.com/jobs/view/4467354538
2026-09-22,li,GovTech Singapore,"Deputy Director, Design Management, Product Development Office","Singapore, Singapore",,True,target,https://www.linkedin.com/jobs/view/4414441519
2026-09-22,li,GovTech Singapore,"Principal / Lead Designer, Design Practice","Singapore, Singapore",,True,target,https://www.linkedin.com/jobs/view/4424240006
2026-09-22,li,BIT Official,Head of Product Design,"Singapore, Singapore",,True,target,https://www.linkedin.com/jobs/view/4466647393
2026-09-22,li,Digital Realty,"Subregional Design Lead, SEA","Singapore, Singapore",,True,target,https://www.linkedin.com/jobs/view/4431280115
2026-09-22,li,Singapore Institute of Technology,Senior Professional Officer (& above) in UX / UI Design (IaaS Centre),"Singapore, Singapore",,True,below,https://www.linkedin.com/jobs/view/4414777840
2026-09-22,li,Airwallex,Director of Product Design - Developer Platform,"Singapore, Singapore",airwallex,False,target,https://www.linkedin.com/jobs/view/4363289951
2026-09-22,li,M.INTERIOR (Minthedimensions Pte Ltd),Landed Residential Design & Technical Lead,"Singapore, Singapore",,True,target,https://www.linkedin.com/jobs/view/4461455688
2026-09-22,li,ROYAL INSIGNIA,Head of Creative & Design,"Loyang, East Region, Singapore",,True,target,https://www.linkedin.com/jobs/view/4465936669
2026-09-22,li,K2 STRATEGIC,Head of Design,"Singapore, Singapore",,True,target,https://www.linkedin.com/jobs/view/4468207470
2026-09-22,li,Procter & Gamble,Design Director (Fabric Japan/ Korea),"Singapore, Singapore",,True,target,https://www.linkedin.com/jobs/view/4451218364
2026-09-22,li,BJAK,Creative Design Lead,,,True,target,https://www.linkedin.com/jobs/view/4467440391
2026-09-22,li,Vallan,Senior Interior Design Manager,"Singapore, Singapore",,True,below,https://www.linkedin.com/jobs/view/4465504081
2026-09-22,li,Gough Recruitment,Architectural Technical Lead / Director - Data Centre,"Singapore, Singapore",,False,target,https://www.linkedin.com/jobs/view/4466185147
2026-09-22,li,Changi Airport Group,"General Manager/Associate General Manager, Design Management","Singapore, Singapore",,True,below,https://www.linkedin.com/jobs/view/4430371785
2026-09-22,li,LVI Associates,"Head of Design (Singapore, Data Centers)","Singapore, Singapore",,True,target,https://www.linkedin.com/jobs/view/4467043056
2026-09-22,li,LVI Associates,"Vice President, Design & Construction (Data Centers)","Singapore, Singapore",,True,target,https://www.linkedin.com/jobs/view/4470231504
2026-09-22,li,Achieve Group,Head of IC Design Team,"Tampines, East Region, Singapore",,True,target,https://www.linkedin.com/jobs/view/4470217112
2026-09-22,li,Mandai Wildlife Group,"Manager, Attractions Designer (1 Year Contract)","Singapore, Singapore",,True,below,https://www.linkedin.com/jobs/view/4468519293
2026-09-22,indeed,OCBC,"Technology Risk Manager, Risk & Prevention, Group Operations & Technology (VP)","Singapore, S00, SG",ocbc-bank,False,target,https://sg.indeed.com/viewjob?jk=6b696f8c57642872
2026-09-22,indeed,"Singapore Association for Mental Health, The",Social Work Associate at C'SAY CREST-Youth @ North,"Toa Payoh, S00, SG",,False,below,https://sg.indeed.com/viewjob?jk=c2fc4803ecf61eb9
2026-09-22,indeed,Kingsforce Management Services Pte. Ltd.,Chief Resident Engineer (Civil),"Bukit Merah, S00, SG",,False,target,https://sg.indeed.com/viewjob?jk=937932622f2a4d3c
2026-09-22,indeed,DADACONSULTANTS PTE. LTD.,"Fullstack Engineer (Python, Golang, fintech, payment, boutique company)","Singapore, S00, SG",,False,below,https://sg.indeed.com/viewjob?jk=892dc3ec55f6dbb9
2026-09-22,indeed,MAERSK,Regional Head of HR – Asia Pacific – Maersk Contract Logistics,"Singapore, S00, SG",,False,target,https://sg.indeed.com/viewjob?jk=c8bdfce32bdfa4ff
2026-09-22,indeed,Raffles,Raffles Butler Intern,"Singapore, S00, SG",,False,below,https://sg.indeed.com/viewjob?jk=21ef29cb3be7c1a2
2026-09-22,indeed,BNY,"Senior Vice President, Digital Assets Operations APAC","Singapore, S00, SG",,False,target,https://sg.indeed.com/viewjob?jk=85a3d89f8cc4518d
2026-09-22,indeed,Manulife,"Head of AI & Data, Singapore",SG,,False,target,https://sg.indeed.com/viewjob?jk=ea73a52658bccda2
2026-09-22,indeed,Sumitomo Group,"Vice President, Capital Markets Department, Asia Pacific, Planning",SG,,False,target,https://sg.indeed.com/viewjob?jk=f6d1f09394a79ef9
2026-09-22,indeed,SmartDev,Product Lead (GTM),"Downtown Core, S00, SG",,True,target,https://sg.indeed.com/viewjob?jk=669ecafbed9afeb7
2026-09-22,indeed,OCBC,"International Wealth – Head, Business Control Management (ED/VP)","Singapore, S00, SG",ocbc-bank,False,target,https://sg.indeed.com/viewjob?jk=1aceb8ebf633b7f5
2026-09-22,indeed,Sulzer,Senior Procurement Engineer,SG,,False,below,https://sg.indeed.com/viewjob?jk=f71a8d39db455b8d
2026-09-22,indeed,Xtremax Pte. Ltd,People & Culture Deputy Director,"Singapore, S00, SG",,False,target,https://sg.indeed.com/viewjob?jk=1c446af17c8f366c
2026-09-22,indeed,Manulife,"Head of AI & Data, Singapore","Singapore, S00, SG",,False,target,https://sg.indeed.com/viewjob?jk=bdd9ff09c3ac9ce3
2026-09-22,indeed,Capital Group,Business Manager,SG,scalable-capital,False,below,https://sg.indeed.com/viewjob?jk=4e5da8edd279e092
2026-09-22,indeed,MEMBERS ONLY HOSPITALITY PTE. LTD.,Bartender / Senior Bartender,"Tanjong Pagar, S00, SG",,False,below,https://sg.indeed.com/viewjob?jk=f3d024289571473c
2026-09-22,indeed,HEPMIL SINGAPORE PTE. LTD.,Senior HR Manager,"MacPherson, S00, SG",,False,below,https://sg.indeed.com/viewjob?jk=e34ae6141e036e4a
2026-09-22,indeed,Procter & Gamble,"Postdoc, Skin Longevity and the Biology of Life Transitions (2-year Fixed Term)","Clementi, S00, SG",,False,below,https://sg.indeed.com/viewjob?jk=3d6b98e18e2b56eb
2026-09-22,indeed,Motive Offshore Group Ltd,Project Manager APAC (#736),"Pasir Ris, S00, SG",,False,below,https://sg.indeed.com/viewjob?jk=ee7004349d1b6c20
2026-09-22,li,Mace,Senior Design Manager,"Central, Hong Kong SAR",,True,below,https://www.linkedin.com/jobs/view/4393595066
2026-09-22,li,Fanatics,"Art Director - Topps Trading Cards, China",,,False,target,https://www.linkedin.com/jobs/view/4449742699
2026-09-22,li,Shangri-La Group,"Manager, Interior Design","Hong Kong, Hong Kong SAR",,True,below,https://www.linkedin.com/jobs/view/3587529093
2026-09-22,li,"Skidmore, Owings & Merrill (SOM)",Project Manager,,,False,below,https://www.linkedin.com/jobs/view/4429853192
2026-09-22,li,PAX,Product Design Engineer,"Hong Kong, Hong Kong SAR",,True,below,https://www.linkedin.com/jobs/view/4467986039
2026-09-22,li,Atelier Global Limited,Senior Interior Designer / Associate Director / Director (Interior Design),"Wan Chai District, Hong Kong SAR",,True,target,https://www.linkedin.com/jobs/view/4466861030
2026-09-22,li,The Hong Kong Jockey Club,"Manager, Property Design Management","Happy Valley, Hong Kong SAR",,True,below,https://www.linkedin.com/jobs/view/4466837811
2026-09-22,li,Apartmentary Hong Kong,Interior Design Manager,,,True,below,https://www.linkedin.com/jobs/view/4466501245
2026-09-22,li,Lidl & Kaufland Asia,Product Development Manager - Home & Living,"Kowloon, Hong Kong SAR",,True,below,https://www.linkedin.com/jobs/view/4466184763
2026-09-22,li,Mandarin Oriental,Director of RB&E Concepts (Innovation),,,False,target,https://www.linkedin.com/jobs/view/4467494627
2026-09-22,li,I.T,Associate Creative Director – Womenswear (International Brand),"Hong Kong, Hong Kong SAR",,False,target,https://www.linkedin.com/jobs/view/4466190516
2026-09-22,li,Federation Hunter,Product Design Director,,,True,target,https://www.linkedin.com/jobs/view/4465729184
2026-09-22,li,10 Design,Associate Director - Retail Architecture,"Hong Kong, Hong Kong SAR",,False,target,https://www.linkedin.com/jobs/view/4459679560
2026-09-22,li,Mise En Place Talent,Creative Director,"Hong Kong, Hong Kong SAR",,False,target,https://www.linkedin.com/jobs/view/4465769558
2026-09-22,li,Egis,Technical Director (E&M),"Hong Kong, Hong Kong SAR",,False,target,https://www.linkedin.com/jobs/view/4461566042
2026-09-22,li,Bank of China (Hong Kong),Customer Experience Manager / Deputy Customer Experience Manager,,,False,below,https://www.linkedin.com/jobs/view/4465719098
2026-09-22,li,The Hong Kong Jockey Club,Assistant Property Design Manager,"Happy Valley, Hong Kong SAR",,True,below,https://www.linkedin.com/jobs/view/4391561624
2026-09-22,li,LVMH Fragrance Brands,Senior Regional Visual Merchandising Manager,"Hong Kong, Hong Kong SAR",,False,below,https://www.linkedin.com/jobs/view/4467038344
2026-09-22,li,Morgan Stanley,"Regional Workplace Strategy & Design Lead APAC, Vice President","Hong Kong, Hong Kong SAR",,True,target,https://www.linkedin.com/jobs/view/4470418048
2026-09-22,li,redfish solutions ltd,Lead Interior Designer - Hospitality,"Hong Kong, Hong Kong SAR",,True,target,https://www.linkedin.com/jobs/view/4470279779
2026-09-22,indeed,"Hasbro, Inc.",Director Finance,HK,,False,target,https://hk.indeed.com/viewjob?jk=e920999aed4b3e59
2026-09-22,indeed,Job Gallery Consultancy Limited,"Senior Manager/Manager, Business Banking Credit Approval (Bank)",HK,,False,below,https://hk.indeed.com/viewjob?jk=8d87c7221a5d2247
2026-09-22,indeed,Hong Kong Academy,Network and Systems Administrator,HK,,False,below,https://hk.indeed.com/viewjob?jk=12c583f16cae4656
2026-09-22,indeed,Mad Head App Limited,Senior Programmer (Server),"Sha Tin, NT, HK",,False,below,https://hk.indeed.com/viewjob?jk=99f85bb79f1bb566
2026-09-22,indeed,Hong Kong Securities and Investment Institute,"Client Training Manager, Membership and Business Development",HK,,False,below,https://hk.indeed.com/viewjob?jk=735ddcb530de00dd
2026-09-22,indeed,Delivery Hero,Head of Marketplace Experience,HK,delivery-hero,False,target,https://hk.indeed.com/viewjob?jk=cfff5ec96738fca4
2026-09-22,indeed,Beyondsoft,Cloud Solution Architect Power Platform,HK,,False,below,https://hk.indeed.com/viewjob?jk=43d40ea432a18f6d
2026-09-22,indeed,West Kowloon Cultural District Authority,"Assistant Conservator, M+ Museum",HK,,False,below,https://hk.indeed.com/viewjob?jk=cb41c78043a6b963
2026-09-22,indeed,Ascendis Pharma,"APAC Regional Medical Affairs Associate Director, International Markets",HK,,False,target,https://hk.indeed.com/viewjob?jk=c94dc88ea9f549dd
2026-09-22,indeed,Retu Management Consulting Limited,Head of Customer Service,HK,,False,target,https://hk.indeed.com/viewjob?jk=8819ab5660396a50
2026-09-22,indeed,Currie & Brown (China) Limited,Assistant Resident Quantity Surveyor,HK,,False,below,https://hk.indeed.com/viewjob?jk=0bf45d69206bf49f
2026-09-22,indeed,LINKLATERS BUSINESS SERVICES (H.K.) LIMITED,"Head of Marketing, Asia",HK,,False,target,https://hk.indeed.com/viewjob?jk=edbd37629234e211
2026-09-22,indeed,Leading Nation HK Limited,Cristal Room by Anne Sophie Pic - Head Sommelier,HK,,False,below,https://hk.indeed.com/viewjob?jk=c04b09619a1d714c
2026-09-22,indeed,Bank of China,Senior / Treasury Marketing Manager (Precious Metals),HK,,True,below,https://hk.indeed.com/viewjob?jk=4a18e2ccf52c6926
2026-09-22,indeed,JPC TEXSON LTD,"FASHION GRAPHIC DESIGNER - US casual wear fashion brand owner - Hong Kong sourcing office, design & development hub (TST)",HK,,True,below,https://hk.indeed.com/viewjob?jk=e4ac17ed0c8855af
2026-09-22,indeed,Rosewood Hotel Group,Duty Manager (K11 ARTUS),HK,,False,below,https://hk.indeed.com/viewjob?jk=5622bec7affa3360
2026-09-22,indeed,,Head Chef,"Central, HKI, HK",,False,below,https://hk.indeed.com/viewjob?jk=0771b79cc3ae2c15
2026-09-22,indeed,DFI Retail Group,Leadership Development Senior Manager,HK,,False,below,https://hk.indeed.com/viewjob?jk=4042be3d46d07d86
2026-09-22,indeed,HSBC,"Head of Economic Scenario Production, Actuarial, Global Insurance","Central, HKI, HK",hsbc,False,target,https://hk.indeed.com/viewjob?jk=075b695a7b2cfe8d
2026-09-22,indeed,JLL,Marketing Manager,HK,,True,below,https://hk.indeed.com/viewjob?jk=94e01f3ba48037d2
2026-09-22,li,TalentPlus Consultants,[Taipei] 伺服器電源設計主管,,,False,below,https://www.linkedin.com/jobs/view/4468704634
2026-09-22,li,Celestica,ME Design Director,"Taipei, Taipei City, Taiwan",,True,target,https://www.linkedin.com/jobs/view/4424221451
2026-09-22,li,Compal,伺服器&機櫃機構設計 設計主任/設計經理 (內湖) - TWIR15351,"Taipei, Taipei City, Taiwan",,False,below,https://www.linkedin.com/jobs/view/4415009378
2026-09-22,li,Molex,"Supervisor, Engineering","Tamsui District, New Taipei City, Taiwan",,False,below,https://www.linkedin.com/jobs/view/4424343028
2026-09-22,li,Molex,New Product Development Director (Hybrid),"Xinyi District, Taipei City, Taiwan",,True,target,https://www.linkedin.com/jobs/view/4410350372
2026-09-22,li,Compal,Display/Touch Screen 設計主任(內湖) - TWPR12406,"Taipei, Taipei City, Taiwan",,False,below,https://www.linkedin.com/jobs/view/4440626147
2026-09-22,li,Adecco,研發理級主管,"Tainan City, Tainan City, Taiwan",,False,below,https://www.linkedin.com/jobs/view/4469167228
2026-09-22,li,SonicWall,"Senior Director, Hardware","Zhubei City, Taiwan, Taiwan",,False,target,https://www.linkedin.com/jobs/view/4459339222
2026-09-22,li,SonicWall,"Senior Director, Hardware","Taipei, Taipei City, Taiwan",,False,target,https://www.linkedin.com/jobs/view/4459339223
2026-09-22,li,Synopsys Inc,"ASIC Design / Verification, Manager-Sr Manager","Hsinchu City, Taiwan, Taiwan",,True,below,https://www.linkedin.com/jobs/view/4468663563
2026-09-22,li,Celestica,"09 - Senior Lead Engineer, Electrical Design","Taipei, Taipei City, Taiwan",,False,target,https://www.linkedin.com/jobs/view/4323596509
2026-09-22,li,Exyte,Electrical Manager 電機設計經理,"Hsinchu City, Taiwan, Taiwan",,False,below,https://www.linkedin.com/jobs/view/4443451440
2026-09-22,li,TSMC,Memory Design Manager,"Hsinchu City, Taiwan, Taiwan",,True,below,https://www.linkedin.com/jobs/view/4432078206
2026-09-22,li,SUSS,Design Engineering Manager (m/f/d),,,True,below,https://www.linkedin.com/jobs/view/4459160073
2026-09-22,li,Cisco,ASIC Engineering Technical Leader,"Taipei, Taipei City, Taiwan",cisco,False,below,https://www.linkedin.com/jobs/view/4445971710
2026-09-22,li,Nordson Corporation,"Senior Manager, New Product Development Engineering","Taipei, Taipei City, Taiwan",,False,below,https://www.linkedin.com/jobs/view/4447902170
2026-09-22,li,Infineon Technologies,Sr Manager AMS Design,"Hsinchu City, Taiwan, Taiwan",,True,below,https://www.linkedin.com/jobs/view/4365048425
2026-09-22,li,AIFIAN,Brand Design Lead,"Neihu District, Taipei City, Taiwan",,True,target,https://www.linkedin.com/jobs/view/4470248290
2026-09-22,li,NXP Semiconductors,ATE Test Hardware Design - Director,"Hsinchu County, Taiwan, Taiwan",,True,target,https://www.linkedin.com/jobs/view/4394636166
2026-09-22,indeed,Analog Devices,"Sr Manager, Product & Test Engineering - Power Modules","台北市, TPE, TW",,False,below,https://tw.indeed.com/viewjob?jk=0a4ea284cd90ccb5
2026-09-22,li,Aquent,【デザインディレクター】　　大手ゲーム会社の新規事業開発に関わるクライアントワーク！企画から運用まで幅広く携わる [AQ-18700],"Osaka, Osaka, Japan",,False,below,https://www.linkedin.com/jobs/view/4467382547
2026-09-22,li,Rakuten,"Creative Director B2B Creative Web Design Group - Marketing Section , Corporate Business Marketing Department , Group Sales Division(GSD)","Tokyo, Tokyo, Japan",rakuten,False,target,https://www.linkedin.com/jobs/view/4414919625
2026-09-22,li,Fanatics,"Art Director - Topps Trading Cards, Japan","Tokyo, Tokyo, Japan",,False,target,https://www.linkedin.com/jobs/view/4450237200
2026-09-22,li,Avanade,"Manager, UX Design","Tokyo, Tokyo, Japan",,True,below,https://www.linkedin.com/jobs/view/4448718964
2026-09-22,li,Accenture Japan,クリエイティブディレクター_管理職_Song,"Tokyo, Tokyo, Japan",accenture,False,below,https://www.linkedin.com/jobs/view/4434332573
2026-09-22,li,Accenture Japan,クリエイティブディレクター_Song,"Tokyo, Tokyo, Japan",accenture,False,below,https://www.linkedin.com/jobs/view/4434350026
2026-09-22,li,Digital Edge DC,"Manager, Design Delivery",,,True,below,https://www.linkedin.com/jobs/view/4464199299
2026-09-22,li,Specialized Group,Senior Design Manager Mechanical - Data Center Design シニアデザインマネージャー機械,"Tokyo, Tokyo, Japan",,True,below,https://www.linkedin.com/jobs/view/4466658367
2026-09-22,li,doda (デューダ),デザイン組織戦略・デザインコンサルティング統括責任者■1900万～◆富士通◆126休日◆リモート可,"Kanagawa, Japan",,False,below,https://www.linkedin.com/jobs/view/4468674544
2026-09-22,li,G Talent,【★ECU Development & Design Leader/Manager (Steering Systems)】Automotive Safety Devices / Hybrid / JLPT N2 Level～,"Ibaraki, Japan",,True,below,https://www.linkedin.com/jobs/view/4467550019
2026-09-22,li,HARMAN International,UXUI Design Manager,"Tokyo, Tokyo, Japan",,True,below,https://www.linkedin.com/jobs/view/4438080555
2026-09-22,li,Boston Consulting Group (BCG),Creative Manager,"Tokyo, Japan",,False,below,https://www.linkedin.com/jobs/view/4448287506
2026-09-22,li,AirTrunk,Design Manager,"Roppongi, Tokyo, Japan",,True,below,https://www.linkedin.com/jobs/view/4467945706
2026-09-22,li,Linkard Inc.,"＜案件No.1011＞【〜1,000万】商品企画マネージャー（デザイン統括）｜歴史的ブランドのリブランディングを支えるモノづくりリーダー","Tokyo, Japan",,False,below,https://www.linkedin.com/jobs/view/4467431934
2026-09-22,li,US Army Corps of Engineers,"Design Manager (Interdisciplinary), GS-08XX-12 (52003)",,,True,below,https://www.linkedin.com/jobs/view/4466510213
2026-09-22,li,Blueleaf Energy,Head of Engineering,"Tokyo, Japan",,False,target,https://www.linkedin.com/jobs/view/4467066170
2026-09-22,li,Good Maven,Head of Design,"Tokyo, Japan",,True,target,https://www.linkedin.com/jobs/view/4409287414
2026-09-22,li,Van Cleef & Arpels,Store Design Senior Manager,"Tokyo, Japan",,True,below,https://www.linkedin.com/jobs/view/4419833923
2026-09-22,li,doda (デューダ),UIUXディレクター◆大手新卒就活サイト◆課題解決のためのプランニングなど◆リモート可,"Tokyo, Tokyo, Japan",,False,below,https://www.linkedin.com/jobs/view/4467677696
2026-09-22,li,Aquent,UIUXデザイナー マネージャー候補　　コスメ・美容に興味のある方おすすめ！国内最大級のコスメ・美容総合サイト運営企業 [AQ-18873],"Tokyo, Tokyo, Japan",,False,below,https://www.linkedin.com/jobs/view/4468579528
2026-09-22,indeed,グローバルインディアンインターナショナルスクール,PYP Teacher,"JPC, JP",,False,below,https://jp.indeed.com/viewjob?jk=fc88093e6a583e3c
2026-09-22,indeed,Takeda Pharmaceuticals,"Head of Automation, Engineering (Hikari Plant)","JPF, JP",,False,target,https://jp.indeed.com/viewjob?jk=d2cd472b31fac9d0
2026-09-22,indeed,ZenGroup株式会社,English Customer Support,"JPE, JP",,False,below,https://jp.indeed.com/viewjob?jk=50dd8fdd48661c02
2026-09-22,indeed,Ubie株式会社,Head of Platform Engineering【アクセラレーター本部】,"日本橋本町, JPC, JP",,False,target,https://jp.indeed.com/viewjob?jk=0efcc69e31026d90
2026-09-22,indeed,Boehringer Ingelheim,Engagement and Innovation Lead/Manager/Global ExpMED Inflammation,"大崎, JPC, JP",,False,target,https://jp.indeed.com/viewjob?jk=4694dd1a3f80280c
2026-09-22,indeed,Marriott International,Front Office Manager / フロントオフィスマネージャー,"JPC, JP",,False,below,https://jp.indeed.com/viewjob?jk=3d067e88f85b5496
2026-09-22,indeed,Unity Technologies,Head of Strategic Sales,"銀座, JPC, JP",,False,target,https://jp.indeed.com/viewjob?jk=85b09767d0044d69
2026-09-22,indeed,HSBC,Chief Control Officer and Third-Party Management (CCO and TPM),"JPC, JP",hsbc,False,target,https://jp.indeed.com/viewjob?jk=66314d5879539bcd
2026-09-22,li,ActAI,Creative Director,"Seoul, South Korea",,False,target,https://www.linkedin.com/jobs/view/4468718385
2026-09-22,li,Eyeline,Art Department Supervisor,"Seoul, Seoul, South Korea",,False,below,https://www.linkedin.com/jobs/view/4469876695
2026-09-22,li,Digital Edge DC,"Director, Design Delivery",,,True,target,https://www.linkedin.com/jobs/view/4464195428
2026-09-22,li,CJ OLIVE YOUNG,Product Designer (팀장급),"Seoul, Seoul, South Korea",,True,below,https://www.linkedin.com/jobs/view/4450014832
2026-09-22,li,AUMOVIO,ADAS Technical Lead Engineer in Autonomous and Commercial Mobility | AUMOVIO Korea,"Seongnam, Gyeonggi, South Korea",,False,target,https://www.linkedin.com/jobs/view/4466097770
2026-09-22,li,L'Oréal,[L'Oreal Korea] Global Innovation Project Manager (Make-up/Skincare) - Korea Innovation Center (KIC),"Seoul, Seoul, South Korea",,False,below,https://www.linkedin.com/jobs/view/4467854306
2026-09-22,li,CJ ENM ENTERTAINMENT DIV.,[CJ ENM] Mnet Plus Product Design Part Lead_경력채용,"Seoul, Seoul, South Korea",,True,below,https://www.linkedin.com/jobs/view/4347557580
2026-09-22,li,KRAFTON Inc.,[PUBG Franchise] Art Director (10년 이상),"Seoul, Seoul, South Korea",,False,target,https://www.linkedin.com/jobs/view/4449611033
2026-09-22,li,"Chips&Media, Inc.",Hardware Engineer(팀장급),"Daegu, South Korea",,False,below,https://www.linkedin.com/jobs/view/4467135753
2026-09-22,li,ALTEN KOREA,Exterior Technical leader,"Songdo International Business District, Incheon, South Korea",,False,below,https://www.linkedin.com/jobs/view/4467952773
2026-09-22,li,ALTEN KOREA,BIW Technical leader,"Songdo International Business District, Incheon, South Korea",,False,below,https://www.linkedin.com/jobs/view/4467954723
2026-09-22,li,Arup,Energy & Infrastructure Team Leader,"Seoul, Seoul, South Korea",,False,below,https://www.linkedin.com/jobs/view/4467980709
2026-09-22,li,US Army Corps of Engineers,"Design Manager (Interdisciplinary), GS-08XX-13 (08415)",,,True,below,https://www.linkedin.com/jobs/view/4466505327
2026-09-22,li,Hyundai Motor Company,Interior Designer for brand space & employee space,"Seoul, Seoul, South Korea",,True,below,https://www.linkedin.com/jobs/view/4465266237
2026-09-22,li,Hanwha Ocean,[한화오션] 의장설계(선장철의),"Geoje, South Gyeongsang, South Korea",,False,below,https://www.linkedin.com/jobs/view/4466171904
2026-09-22,li,Next Securities,UX Design Lead,"Seoul, South Korea",,True,target,https://www.linkedin.com/jobs/view/4470269842
2026-09-22,li,Next Securities,BX Design Lead,"Seoul, South Korea",,True,target,https://www.linkedin.com/jobs/view/4470269852
2026-09-22,li,Solutions for Our Climate (SFOC),Production Team (PD),"Seoul, Seoul, South Korea",,False,below,https://www.linkedin.com/jobs/view/4449533078
2026-09-22,li,42dot,Connect Product Portfolio Governance Team Lead,"Seongnam, Gyeonggi, South Korea",,True,target,https://www.linkedin.com/jobs/view/4457330840
2026-09-22,li,Eaton,Application Engineering Supervisor (GEIS),"Seoul, Seoul, South Korea",,False,below,https://www.linkedin.com/jobs/view/4402479689
2026-09-22,indeed,Coloplast,Commercial Master Trainer,"11, KR",,False,below,https://kr.indeed.com/viewjob?jk=bd33d55c22152b56
2026-09-22,indeed,HSBC,Head of Country Audit,"칠패로, 11, KR",hsbc,False,target,https://kr.indeed.com/viewjob?jk=d93a2ff37f462c46
2026-09-22,indeed,Boston Consulting Group,Business Operations (Senior) Specialist,"11, KR",,False,below,https://kr.indeed.com/viewjob?jk=4afc683bf16db5b8
2026-09-22,indeed,워크맨그룹,[에너지기업] Head of Electrical Design,"11, KR",,True,target,https://kr.indeed.com/viewjob?jk=a50790f68b8eb7e7
2026-09-22,indeed,강디자인,편집 디자이너 (옥외 광고물/인쇄 출판물),"16, KR",,False,below,https://kr.indeed.com/viewjob?jk=f629d8235f01812a
2026-09-22,li,WSP in New Zealand,Digital Design Lead - Water,"Hamilton, Waikato, New Zealand",,True,target,https://www.linkedin.com/jobs/view/4433804930
2026-09-22,li,WSP in Canada,Digital Design Lead - Water,"Hamilton, Waikato, New Zealand",,True,target,https://www.linkedin.com/jobs/view/4432961227
2026-09-22,li,WSP in New Zealand,Digital Design Lead - Water,"Wellington, Wellington, New Zealand",,True,target,https://www.linkedin.com/jobs/view/4433816582
2026-09-22,li,PwC New Zealand,Customer Transformation – CX & Service Design – Associate Director,"Auckland, Auckland, New Zealand",,True,target,https://www.linkedin.com/jobs/view/4468855198
2026-09-22,li,SkyCity Entertainment Group,Art Director/Studio Manager,"Auckland, Auckland, New Zealand",,False,target,https://www.linkedin.com/jobs/view/4466646810
2026-09-22,li,Transpower New Zealand,Design & Infrastructure Manager - 10 to 12 month fixed term,"Christchurch, Canterbury, New Zealand",,True,below,https://www.linkedin.com/jobs/view/4466665838
2026-09-22,li,Transpower New Zealand,Design & Infrastructure Manager - 10 to 12 month fixed term,"Hamilton, Waikato, New Zealand",,True,below,https://www.linkedin.com/jobs/view/4466676183
2026-09-22,li,Fisher & Paykel Appliances,Functional Leader,"Auckland, Auckland, New Zealand",,False,below,https://www.linkedin.com/jobs/view/4459889778
2026-09-22,li,ZURU Edge,Marketing Lead - Home Care,"Auckland, Auckland, New Zealand",,False,target,https://www.linkedin.com/jobs/view/4469131128
2026-09-22,li,SYOS Aerospace,Mechatronics and Electrical Team Lead,"Mount Maunganui, Bay of Plenty, New Zealand",,False,target,https://www.linkedin.com/jobs/view/4466663231
2026-09-22,li,Icon,Design Manager - Relocate to Sydney!,"Auckland, Auckland, New Zealand",,True,below,https://www.linkedin.com/jobs/view/4468844389
2026-09-22,li,Archway Recruitment,Structural Drafting Team Leader,"Auckland, New Zealand",,False,below,https://www.linkedin.com/jobs/view/4459676311
2026-09-22,li,Richard Crookes Constructions (RCC),Services Manager - Sydney,"Auckland, Auckland, New Zealand",,False,below,https://www.linkedin.com/jobs/view/4467185445
2026-09-22,li,Richard Crookes Constructions (RCC),Services Manager - Sydney,"Wellington, Wellington, New Zealand",,False,below,https://www.linkedin.com/jobs/view/4467168756
2026-09-22,li,Halter,Head of Creative Design,"Auckland, New Zealand",,True,target,https://www.linkedin.com/jobs/view/4466178091
2026-09-22,li,Enphase Energy,DVT Manager,"Christchurch, Canterbury, New Zealand",,False,below,https://www.linkedin.com/jobs/view/4467448326
2026-09-22,li,Auckland University of Technology,AUT Online Senior Operations Manager,"Auckland, New Zealand",,False,below,https://www.linkedin.com/jobs/view/4465917776
2026-09-22,li,Kernel,Lead Product Designer,"Auckland, Auckland, New Zealand",,True,target,https://www.linkedin.com/jobs/view/4465768518
2026-09-22,li,Stantec,Senior Revit Designer / Team Lead,"Christchurch, Canterbury, New Zealand",,True,target,https://www.linkedin.com/jobs/view/4467423538
2026-09-22,li,Orah,Product Design Manager,"Auckland, New Zealand",,True,below,https://www.linkedin.com/jobs/view/4470261122
2026-09-22,indeed,Victoria University of Wellington,"Academic Appointments in Industrial Design, ZZU",NZ,,True,below,https://nz.indeed.com/viewjob?jk=71d7f21fc8a88956
2026-09-22,indeed,,Kathmandu Casual Sales Assistant: Onehunga,"Auckland City, N, NZ",,False,below,https://nz.indeed.com/viewjob?jk=ca98ee885f5030dd
2026-09-22,indeed,Fried eggs on Toast Ltd,Chef - Head / Sous & Chef de Partie,"Nelson East, S, NZ",,False,below,https://nz.indeed.com/viewjob?jk=d3e0228fb3743907
2026-09-22,indeed,Health New Zealand | Te Whatu Ora,Nurse Coordinator - ED,"Palmerston North, N, NZ",,False,below,https://nz.indeed.com/viewjob?jk=7d4fa095ee5ef320
2026-09-22,indeed,,Kathmandu Part Time Sales Assistant: Taupo,"Taupo, N, NZ",,False,below,https://nz.indeed.com/viewjob?jk=24e55b624a690700
2026-09-22,indeed,,Kathmandu Part Time Sales Assistant: Takapuna,"Auckland City, N, NZ",,False,below,https://nz.indeed.com/viewjob?jk=3c7549b3603c5bfd
2026-09-22,indeed,Health New Zealand | Te Whatu Ora,Design Assurance Manager,NZ,,True,below,https://nz.indeed.com/viewjob?jk=8e70df80f859a9c7
2026-09-22,indeed,Plunket,"Senior Health, Safety and Resilience Advisor","N, NZ",,False,below,https://nz.indeed.com/viewjob?jk=e061ce8f7373e599
2026-09-22,indeed,Plunket,Head of Equity and System Influence,NZ,,False,target,https://nz.indeed.com/viewjob?jk=cc5d3405e8b177d9
2026-09-22,indeed,Gallagher Group,Head of Marketing,"Hamilton, N, NZ",,False,target,https://nz.indeed.com/viewjob?jk=eb58464dddabb9a6
2026-09-22,indeed,NBCUniversal,Marketing & Finance Intern - Universal Pictures,"Auckland City, N, NZ",versa,False,below,https://nz.indeed.com/viewjob?jk=565f5f61918b2d27
2026-09-22,indeed,Gallagher Group,Head of Marketing,"Hamilton, N, NZ",,False,target,https://nz.indeed.com/viewjob?jk=9b3b129a4b68c742
2026-09-22,indeed,Plunket,"Senior Health, Safety and Resilience Advisor","Palmerston North, N, NZ",,False,below,https://nz.indeed.com/viewjob?jk=2ddb9140cc7775c9
2026-09-22,indeed,Victoria University of Wellington,Pūkenga/Pūkenga Matua | Lecturer/Senior Lecturer in Nursing,"Kelburn, N, NZ",,False,below,https://nz.indeed.com/viewjob?jk=130cc295ae37bc4d
2026-09-22,indeed,,Kathmandu Casual Sales Assistant: Dunedin,"Dunedin, S, NZ",,False,below,https://nz.indeed.com/viewjob?jk=9b8df97738fbcb77
2026-09-22,indeed,Transpower,ICT Risk and Assurance Manager,"Hamilton, N, NZ",,False,below,https://nz.indeed.com/viewjob?jk=31281d5b70b7e035
2026-09-22,indeed,New Zealand Government,ICT Risk and Assurance Manager,"Hamilton, N, NZ",,False,below,https://nz.indeed.com/viewjob?jk=bcde07451b42f5c1
2026-09-22,indeed,New Zealand Government,ICT Risk and Assurance Manager,"Wellington City, N, NZ",,False,below,https://nz.indeed.com/viewjob?jk=742e9b9fdff25d01
2026-09-22,indeed,BNZ,Senior Data Engineer,"Auckland City, N, NZ",bank-of-new-zealand-bnz,False,below,https://nz.indeed.com/viewjob?jk=aa4c6b155408be9c
2026-09-22,indeed,Boulder,Head Coach – Hamilton,"Hamilton, N, NZ",,False,below,https://nz.indeed.com/viewjob?jk=bf3bdf78391b61d2
2026-09-22,li,Nine,National Head of Graphics,"Sydney, New South Wales, Australia",,False,target,https://www.linkedin.com/jobs/view/4469849137
2026-09-22,li,AustralianSuper,Lead Product Designer,"Melbourne, Victoria, Australia",,True,target,https://www.linkedin.com/jobs/view/4468497843
2026-09-22,li,Aquent,Senior Design Director [AQ-18641],,,True,target,https://www.linkedin.com/jobs/view/4467315987
2026-09-22,li,MESHKI,Head Of Design,"Mascot, New South Wales, Australia",,True,target,https://www.linkedin.com/jobs/view/4468859390
2026-09-22,li,ALPHA60,Head of Design,"Collingwood, Victoria, Australia",,True,target,https://www.linkedin.com/jobs/view/4466660552
2026-09-22,li,NSW Department of Education,"Director, Design and Infrastructure Standards","Eveleigh, New South Wales, Australia",,True,target,https://www.linkedin.com/jobs/view/4466660065
2026-09-22,li,Mott MacDonald,Principal Transport Digital Designer,"Sydney, New South Wales, Australia",,True,target,https://www.linkedin.com/jobs/view/4389978398
2026-09-22,li,Jacobs,Principal Urban Designer,"Cordelia, Queensland, Australia",,True,target,https://www.linkedin.com/jobs/view/4468623190
2026-09-22,li,Jobgether,Head of UX/UI,,,True,target,https://www.linkedin.com/jobs/view/4466848993
2026-09-22,li,Transport for NSW,Director Customer Experience Design,"Kirribilli, New South Wales, Australia",,True,target,https://www.linkedin.com/jobs/view/4467941703
2026-09-22,li,King Living,Head of Creative Studio,"Turrella, New South Wales, Australia",,False,target,https://www.linkedin.com/jobs/view/4467971175
2026-09-22,li,Banyule City Council,Urban Design Team Leader,"Greensborough, Victoria, Australia",,True,below,https://www.linkedin.com/jobs/view/4467966530
2026-09-22,li,Arcadia Landscape Architecture,Principal,"Brisbane City, Queensland, Australia",,False,target,https://www.linkedin.com/jobs/view/4466245112
2026-09-22,li,Canva,Head of Product Design - Growth,"Sydney, New South Wales, Australia",,True,target,https://www.linkedin.com/jobs/view/4439789653
2026-09-22,li,Rivyl,Creative Director,"North Sydney, New South Wales, Australia",,False,target,https://www.linkedin.com/jobs/view/4465751139
2026-09-22,li,Mott MacDonald,Principal Digital Designer,"Brisbane, Queensland, Australia",,True,target,https://www.linkedin.com/jobs/view/4467062884
2026-09-22,li,Austin Group,Head of Creative | Perri Cutten,"Malvern, Victoria, Australia",,False,target,https://www.linkedin.com/jobs/view/4470286054
2026-09-22,li,Perri Cutten,Head of Creative,"Malvern, Victoria, Australia",,False,target,https://www.linkedin.com/jobs/view/4468505595
2026-09-22,li,Aquent Australia,Senior Design Director (212911),"Melbourne, Victoria, Australia",,True,target,https://www.linkedin.com/jobs/view/4470243885
2026-09-22,li,Deloitte,"Lead Director, AI Design Technology","Sydney, New South Wales, Australia",,True,target,https://www.linkedin.com/jobs/view/4470279042
2026-09-22,indeed,Marriott International,Sous Chef,"Sydney, NSW, AU",,False,below,https://au.indeed.com/viewjob?jk=5aceb44dc47c0e7f
2026-09-22,indeed,Aula Energy,Head of Grid Connection (12-month Fixed Term Contract),"Sydney, NSW, AU",,False,target,https://au.indeed.com/viewjob?jk=111e126925c70fa7
2026-09-22,indeed,Victorian Government,Senior Project Officer,"Melbourne, VIC, AU",,False,below,https://au.indeed.com/viewjob?jk=2a11b97b2b809234
2026-09-22,indeed,RightShip,Security Engineer,"Melbourne, VIC, AU",,False,below,https://au.indeed.com/viewjob?jk=7ec574b055e9cc77
2026-09-22,indeed,Justin Lane Pty Ltd,Marketing Specialist - Hospitality,"Burleigh Heads, QLD, AU",,False,below,https://au.indeed.com/viewjob?jk=513742091ab94435
2026-09-22,indeed,RACV,Senior Developer (CDP & Marketing Automation),"Melbourne, VIC, AU",,False,below,https://au.indeed.com/viewjob?jk=19a24bf877962a01
2026-09-22,indeed,,Videographer & Editor,"Newcastle, NSW, AU",,False,below,https://au.indeed.com/viewjob?jk=18912428d9116345
2026-09-22,indeed,Chisholm Institute,Study Support Unit - Team Leader,"Dandenong, VIC, AU",,False,below,https://au.indeed.com/viewjob?jk=db389d68f71cab93
2026-09-22,indeed,Metricon,Marketing & Graphic Design Assistant,"Melbourne, VIC, AU",,False,below,https://au.indeed.com/viewjob?jk=489dd9fb8ae45f4e
2026-09-22,indeed,Firmus Technologies,Senior Platform Reliability Engineer (Fabric and Interconnect),"Sydney, NSW, AU",,False,below,https://au.indeed.com/viewjob?jk=7ac8b401d17802ef
2026-09-22,indeed,Firmus Technologies,Service Delivery Manager,"Sydney, NSW, AU",,False,below,https://au.indeed.com/viewjob?jk=2f9549afaa351890
2026-09-22,indeed,ACT Government,Marketing Campaign Officer | Full-time Temporary with a Possibility of Permanency,"Canberra, ACT, AU",,False,below,https://au.indeed.com/viewjob?jk=216cfd2eea716f33
2026-09-22,indeed,Virgin Australia,"Leader, Group Reporting","Brisbane, QLD, AU",,False,target,https://au.indeed.com/viewjob?jk=ba9d4474fd5d0e1b
2026-09-22,indeed,PRO AV SOLUTIONS,NSW Installation Manager,"Frenchs Forest, NSW, AU",,False,below,https://au.indeed.com/viewjob?jk=124f706c373746d6
2026-09-22,indeed,AFL,VFL High Performance Manager,"Carlton North, VIC, AU",,False,below,https://au.indeed.com/viewjob?jk=d7790a570cc5b633
2026-09-22,indeed,Delivery Centric,Maximo Lead Consultant,"Perth, WA, AU",,False,target,https://au.indeed.com/viewjob?jk=425d44cc53b16aaa
2026-09-22,indeed,PRO AV SOLUTIONS,NSW Head of Managed Services,"Frenchs Forest, NSW, AU",,False,target,https://au.indeed.com/viewjob?jk=90bc724f23da4657
2026-09-22,indeed,V3 HOSPITALITY PTY LTD,Sous Chef,"Neutral Bay, NSW, AU",,False,below,https://au.indeed.com/viewjob?jk=4bf274e07031d27e
2026-09-22,indeed,Macquarie University,Lecturer/Senior Lecturer in Physiotherapy (Teaching & Leadership or Teaching & Research),"Macquarie University, NSW, AU",macquarie-group,False,below,https://au.indeed.com/viewjob?jk=4e1a3ddf6afe68a4
2026-09-22,indeed,Southern Cross Care (NSW & ACT),Allied Health Coordinator,"Epping, NSW, AU",,False,below,https://au.indeed.com/viewjob?jk=148e52da28fa3529
2026-09-22,li,Sweco,Hoofdconstructeur Waterbouw,"Rotterdam, South Holland, Netherlands",,False,below,https://www.linkedin.com/jobs/view/4450955571
2026-09-22,li,Haskoning,Ontwerpleider Tunnels & Ondergronds Bouwen,"Amsterdam, North Holland, Netherlands",,False,below,https://www.linkedin.com/jobs/view/4460517949
2026-09-22,li,Tetra Tech Nederland,Integraal ontwerpleider,"Delft, South Holland, Netherlands",,False,below,https://www.linkedin.com/jobs/view/4441676488
2026-09-22,li,Dura Vermeer,Ontwerpleider TI,"The Randstad, Netherlands",,False,below,https://www.linkedin.com/jobs/view/4438733042
2026-09-22,li,Haskoning,Ontwerpleider Civiele Techniek Water,"Amersfoort, Utrecht, Netherlands",,False,below,https://www.linkedin.com/jobs/view/4460531065
2026-09-22,li,Arcadis,Integraal Ontwerpleider Havens,"Amersfoort, Utrecht, Netherlands",,False,below,https://www.linkedin.com/jobs/view/4429866312
2026-09-22,li,Arcadis,Ontwerpleider Waterbouw,"Rotterdam, South Holland, Netherlands",,False,below,https://www.linkedin.com/jobs/view/4429865870
2026-09-22,li,Kitech Recruitment B.V. - Engineers,Design Manager,"Delft, South Holland, Netherlands",,True,below,https://www.linkedin.com/jobs/view/4458090734
2026-09-22,li,WE Fashion,Design Manager Womenswear,"Utrecht, Netherlands",,True,below,https://www.linkedin.com/jobs/view/4458702741
2026-09-22,li,WSP in the Netherlands,Ontwerpleider Civiele Techniek,"Breda, North Brabant, Netherlands",,False,below,https://www.linkedin.com/jobs/view/4392941300
2026-09-22,li,Tetra Tech Nederland,Ontwerpleider Cultuur- en Natuurtechniek,"Utrecht, Utrecht, Netherlands",,False,below,https://www.linkedin.com/jobs/view/4441679344
2026-09-22,li,Design Bridge and Partners,Creative Partner / Executive Creative Director,"Amsterdam, North Holland, Netherlands",,False,target,https://www.linkedin.com/jobs/view/4467580013
2026-09-22,li,Jobgether,Mockup Design Team Manager,,,True,below,https://www.linkedin.com/jobs/view/4467557511
2026-09-22,li,Boskalis,Ontwerpleider rivieren & dijken,"Papendrecht, South Holland, Netherlands",,False,below,https://www.linkedin.com/jobs/view/4456298068
2026-09-22,li,Boskalis,Ontwerpleider Infra,"Papendrecht, South Holland, Netherlands",,False,below,https://www.linkedin.com/jobs/view/4460075090
2026-09-22,li,Jobgether,Head of UX/UI,,,True,target,https://www.linkedin.com/jobs/view/4466876004
2026-09-22,li,RTL Nederland,Head of Creative Marketing,"Hilversum, North Holland, Netherlands",,False,target,https://www.linkedin.com/jobs/view/4467709643
2026-09-22,li,BAM Nederland,Afdelingshoofd Civiel,"Gouda, South Holland, Netherlands",,False,below,https://www.linkedin.com/jobs/view/4448210067
2026-09-22,li,Jobster,Ontwerpleider Openbare Ruimte - Kracht Recruitment,"Alblasserdam, South Holland, Netherlands",,False,below,https://www.linkedin.com/jobs/view/4470401877
2026-09-22,li,Sweco,Hoofdconstructeur kunstwerken,"Rotterdam, South Holland, Netherlands",,False,below,https://www.linkedin.com/jobs/view/4450956400
2026-09-22,indeed,Miniclip,UX Designer,"Zoetermeer, ZH, NL",,True,below,https://nl.indeed.com/viewjob?jk=f2047c4360f8c308
2026-09-22,indeed,Keyrock,Head of Risk,"Amsterdam, NH, NL",,False,target,https://nl.indeed.com/viewjob?jk=6d4766ee092c3de6
2026-09-22,indeed,MR MARVIS,CRM Specialist,"Amsterdam Centrum, NH, NL",,False,below,https://nl.indeed.com/viewjob?jk=8a508e5ff693d276
2026-09-22,indeed,Destinus,Head of Commercial Programs,"Den Haag, ZH, NL",,False,target,https://nl.indeed.com/viewjob?jk=dbd5b32449676b8e
2026-09-22,indeed,Design Academy Eindhove,HR Officer,"Eindhoven, NB, NL",,False,below,https://nl.indeed.com/viewjob?jk=23c99ce496d5c2ac
2026-09-22,indeed,Gamebasics,Game Designer,"Zoetermeer, ZH, NL",,True,below,https://nl.indeed.com/viewjob?jk=e9b2906576877a58
2026-09-22,indeed,JPMorganChase,Head of BeNeLux Subsidiary Payments Sales Executive Director (Amsterdam),"Amsterdam Zuid, NH, NL",,False,target,https://nl.indeed.com/viewjob?jk=ba7ff6060d4fb0d5
2026-09-22,indeed,Spirax Sarco,Field Based Sales Engineer,NL,,False,below,https://nl.indeed.com/viewjob?jk=0a4a6f6549ef6016
2026-09-22,indeed,Randstad,ux writer / content designer (digital marketplace),"Diemen, NH, NL",,True,below,https://nl.indeed.com/viewjob?jk=127ed6a92a6503e6
2026-09-22,indeed,RITUALS COSMETICS,Data Product Analyst – CHO Keizersgracht Amsterdam | 40h,"Amsterdam, NH, NL",,False,below,https://nl.indeed.com/viewjob?jk=13cc683a957fd99d
2026-09-22,indeed,Boehringer Ingelheim,Strategic Account Manager - Regional & Local Institutions,"Amsterdam, NH, NL",,False,below,https://nl.indeed.com/viewjob?jk=a4a8399efd2a5ec5
2026-09-22,indeed,ASML,Legal & Compliance Strategy and Transformation Manager,"Veldhoven, NB, NL",asml,False,below,https://nl.indeed.com/viewjob?jk=4cc98e204026b1db
2026-09-22,indeed,De Leprastichting,Junior Technical Support Officer,"Amsterdam Oost, NH, NL",,False,below,https://nl.indeed.com/viewjob?jk=26f54c108d3e7020
2026-09-22,indeed,Another Star,Finance business partner,"Leiden, ZH, NL",,False,below,https://nl.indeed.com/viewjob?jk=63370e553dfacb84
2026-09-22,indeed,Basic-Fit,Senior TypeScript Developer,"Tilburg, NB, NL",,False,below,https://nl.indeed.com/viewjob?jk=3261f64a707684a7
2026-09-22,indeed,kubus,Performance Marketeer,"Eindhoven, NB, NL",,False,below,https://nl.indeed.com/viewjob?jk=edb281e8efbd02b9
2026-09-22,indeed,European Space Agency,IRIS² Lead Ground Segment Service Engineer,"Noordwijk, ZH, NL",,False,target,https://nl.indeed.com/viewjob?jk=751b10e8882d1e63
2026-09-22,indeed,Basic-Fit,Senior App Developer,"Tilburg, NB, NL",,False,below,https://nl.indeed.com/viewjob?jk=58f95edb8852e94c
2026-09-22,indeed,Stokke,Global Digital Media Analyst (Maternity Cover),NL,,False,below,https://nl.indeed.com/viewjob?jk=fb2583b026e0f009
2026-09-22,indeed,Zusje Deutschland GmbH,Head of Marketing (Nederland & Duitsland,"Uden, NB, NL",,False,target,https://nl.indeed.com/viewjob?jk=9af2fe81e377f621
2026-09-22,li,g2 Recruitment,Head of Design,"Milan, Lombardy, Italy",,True,target,https://www.linkedin.com/jobs/view/4469863127
2026-09-22,li,Alti Profili,RESPONSABILE UFFICIO TECNICO,"Magenta, Lombardy, Italy",,False,below,https://www.linkedin.com/jobs/view/4467382438
2026-09-22,li,Mercury,Design Manager,"Milan, Lombardy, Italy",,True,below,https://www.linkedin.com/jobs/view/4424346768
2026-09-22,li,Hays,Progettista Meccanico Senior/Responsabile Ufficio Tecnico - Settore Lighting,"Ravenna, Emilia-Romagna, Italy",,False,below,https://www.linkedin.com/jobs/view/4466697791
2026-09-22,li,Pennylane,Senior Design Manager,"Rome, Latium, Italy",,True,below,https://www.linkedin.com/jobs/view/4468691491
2026-09-22,li,RIMOND,Design Manager,"Milan, Lombardy, Italy",,True,below,https://www.linkedin.com/jobs/view/4467568100
2026-09-22,li,Marcus Webb Associates Limited,European R&D Leader,"Bologna, Emilia-Romagna, Italy",,False,below,https://www.linkedin.com/jobs/view/4468632552
2026-09-22,li,EY,Manager Product Design & Blueprint Engineering,"Milan, Lombardy, Italy",moneyfarm,False,below,https://www.linkedin.com/jobs/view/4448435095
2026-09-22,li,EY,Manager Product Design & Blueprint Engineering,"Rome, Latium, Italy",moneyfarm,False,below,https://www.linkedin.com/jobs/view/4448416860
2026-09-22,li,Gualini,DESIGN MANAGER - Facade,,,True,below,https://www.linkedin.com/jobs/view/4434871176
2026-09-22,li,Blossom,Senior Art Director,"Milan, Lombardy, Italy",,False,target,https://www.linkedin.com/jobs/view/4468634659
2026-09-22,li,Jobgether,Head of UX/UI,,,True,target,https://www.linkedin.com/jobs/view/4466852960
2026-09-22,li,Ratti S.p.A. Società Benefit,Design & Archive Manager,"Guanzate, Lombardy, Italy",,True,below,https://www.linkedin.com/jobs/view/4467973791
2026-09-22,li,Arcadis,Design Manager,"Milan, Lombardy, Italy",,True,below,https://www.linkedin.com/jobs/view/4465983974
2026-09-22,li,ADHR GROUP,Responsabile ufficio tecnico,"Valduggia, Piedmont, Italy",,False,below,https://www.linkedin.com/jobs/view/4465965586
2026-09-22,li,Amazon,"Design & Innovation Manager, Design & Innovation Team","Milan, Lombardy, Italy",amazon,True,below,https://www.linkedin.com/jobs/view/4467731444
2026-09-22,li,AxL Spa – ALTI PROFILI,Architetto Responsabile Ufficio Tecnico,"Pordenone, Friuli-Venezia Giulia, Italy",,False,below,https://www.linkedin.com/jobs/view/4466218185
2026-09-22,li,Miomojo | Certified B Corp,"PRODUCT CREATIVE DIRECTOR, HANDBAGS & SLG","Bergamo, Lombardy, Italy",,True,target,https://www.linkedin.com/jobs/view/4463002646
2026-09-22,li,STACK Infrastructure,Regional Design Manager,"Milan, Lombardy, Italy",,True,below,https://www.linkedin.com/jobs/view/4467746778
2026-09-22,li,MAW,Responsabile Ufficio Tecnico,"Montichiari, Lombardy, Italy",,False,below,https://www.linkedin.com/jobs/view/4468597217
2026-09-22,indeed,Thermo Fisher Scientific,"Senior CTM, Hematology/Oncology","Milano, LOM, IT",,False,below,https://it.indeed.com/viewjob?jk=bd1173ec8b602709
2026-09-22,indeed,Gucci,GUCCI Inventory Reporting Manager,"Scandicci, TOS, IT",,False,below,https://it.indeed.com/viewjob?jk=93b6fcdfb9156b0b
2026-09-22,indeed,AccessiWay,Senior Revenue Operations Manager,"Torino, PIE, IT",,False,below,https://it.indeed.com/viewjob?jk=e1cb1f308a0e8e8f
2026-09-22,indeed,Deliveroo,Regional Growth Senior Manager - Marketing,"Milano, LOM, IT",,False,below,https://it.indeed.com/viewjob?jk=f57c489fa754c733
2026-09-22,indeed,Thales,"Service Project Manager (Open also To Protected Categories, Law 68/99)","Gorgonzola, LOM, IT",,False,below,https://it.indeed.com/viewjob?jk=147bb919a9817a0f
2026-09-22,indeed,Verkada,Enterprise Solutions Engineer,"Milano, LOM, IT",,False,below,https://it.indeed.com/viewjob?jk=40cc64370de71635
2026-09-22,indeed,Loewe,"Visual Merchandising Manager, LOEWE Italy & Central Europe","Milano, LOM, IT",,False,below,https://it.indeed.com/viewjob?jk=99a2eb8dfe9a3d2a
2026-09-22,indeed,RIMOWA,Stockist (m/d/f) - Milan La Rinascente,"Milano, LOM, IT",,False,below,https://it.indeed.com/viewjob?jk=9972b3ae388e7bee
2026-09-22,indeed,Dr. Schar,Head of Global Digital Data & Platforms,"Postal - Burgstall, TRE, IT",,False,target,https://it.indeed.com/viewjob?jk=40e647b8a0b17f39
2026-09-22,indeed,World Food Programme,Economist P4,"Roma, LAZ, IT",,False,below,https://it.indeed.com/viewjob?jk=ae095cbc40a19a71
2026-09-22,indeed,BenQ Europe B.V.,Technical Account Manager B2B,"Sesto San Giovanni, LOM, IT",,False,below,https://it.indeed.com/viewjob?jk=4d3916ee3c28f55b
2026-09-22,indeed,KONG,"Staff Product Manager, AI Management","Milano, LOM, IT",,True,target,https://it.indeed.com/viewjob?jk=8213efb9249f1e77
2026-09-22,indeed,ALSTOM,Project Engineering Manager,"Bologna, EMI, IT",,False,below,https://it.indeed.com/viewjob?jk=668887db6f23b979
2026-09-22,indeed,Dr. Schar,Head of Global Digital Data & Platforms,"Postal - Burgstall, TRE, IT",,False,target,https://it.indeed.com/viewjob?jk=91157006372c1160
2026-09-22,indeed,LIVIA Health and Senior Living,Head of M&A,"Milano, LOM, IT",,False,target,https://it.indeed.com/viewjob?jk=97ab492b2c0d6066
2026-09-22,indeed,Fondazione Telethon ETS,Head of Lipid Nanoparticle Core,"Milano, LOM, IT",,False,target,https://it.indeed.com/viewjob?jk=5ae3d0268475b3f4
2026-09-22,indeed,Franklin Electric,Product Engineer,"Dueville, VEN, IT",,False,below,https://it.indeed.com/viewjob?jk=4c14021357e95ff2
2026-09-22,indeed,Datalogic,Head of Global Indirect Commodity Management,"Monte San Pietro, EMI, IT",,False,target,https://it.indeed.com/viewjob?jk=d95096316893106a
2026-09-22,indeed,Epassi,React Native Engineer (Mid,"Milano, LOM, IT",,False,below,https://it.indeed.com/viewjob?jk=c01092e4a58771a2
2026-09-22,indeed,unesco,Associate Research Officer,"Trieste, FRI, IT",,False,below,https://it.indeed.com/viewjob?jk=0c1626e67288f462
2026-09-22,li,Saegus,Directeur/Directrice - Design & Développement Digital,"Paris, Île-de-France, France",,True,below,https://www.linkedin.com/jobs/view/4224668606
2026-09-22,li,Keller Executive Search,Head of Design Operations,"Paris, Île-de-France, France",,True,target,https://www.linkedin.com/jobs/view/4469138096
2026-09-22,li,Skillsearch,Game Director,"Bordeaux, Nouvelle-Aquitaine, France",,False,target,https://www.linkedin.com/jobs/view/4454630624
2026-09-22,li,IDEMIA,Design Manager - Design Lab,"Vitré, Brittany, France",,True,below,https://www.linkedin.com/jobs/view/4469178561
2026-09-22,li,Malt,Head of Product Design,"Paris, Île-de-France, France",,True,target,https://www.linkedin.com/jobs/view/4457963203
2026-09-22,li,Pennylane,Senior Design Manager,,,True,below,https://www.linkedin.com/jobs/view/4468690424
2026-09-22,li,Pennylane,Senior Design Manager,"Paris, Île-de-France, France",,True,below,https://www.linkedin.com/jobs/view/4468696402
2026-09-22,li,Jobgether,Mockup Design Team Manager,,,True,below,https://www.linkedin.com/jobs/view/4467548621
2026-09-22,li,ALTEN,Responsable bureau d'études / CTO Naval (H/F),"Rennes, Brittany, France",,False,below,https://www.linkedin.com/jobs/view/4466250261
2026-09-22,li,Jobgether,Head of UX/UI,,,True,target,https://www.linkedin.com/jobs/view/4466868095
2026-09-22,li,BoF Careers,Maison Margiela Head of Knitwear,"Paris, Île-de-France, France",,False,target,https://www.linkedin.com/jobs/view/4466849073
2026-09-22,li,DASSAULT FALCON SERVICE,Responsable de bureau d’étude,"Le Bourget, Île-de-France, France",,False,below,https://www.linkedin.com/jobs/view/4465969410
2026-09-22,li,OTB,Head of Knitwear,"Paris, Île-de-France, France",,False,target,https://www.linkedin.com/jobs/view/4466554204
2026-09-22,li,LZ RECRUITING,Responsable service Bureau d'études H/F Secteur Aeronautique,"Paris, Île-de-France, France",,False,below,https://www.linkedin.com/jobs/view/4467708835
2026-09-22,li,Royal Caribbean Group,"Manager, Architecture and Design",,,True,below,https://www.linkedin.com/jobs/view/4467076944
2026-09-22,li,Pigment,Design Manager,"Lacaussade, Nouvelle-Aquitaine, France",,True,below,https://www.linkedin.com/jobs/view/4467268704
2026-09-22,li,Artelia,Responsable de Pôle - Projeteurs Infrastructures Linéaires CAO/DAO - BIM,"Choisy-le-Roi, Île-de-France, France",telia-company,False,below,https://www.linkedin.com/jobs/view/4364619101
2026-09-22,li,Ubisoft Montpellier,Lead Level Designer - BGE2 - (M/F/NB),"Montpellier, Occitanie, France",,True,target,https://www.linkedin.com/jobs/view/4461210405
2026-09-22,li,Ubisoft Montpellier,Lead Level Designer - BGE2 - (H/F/NB),"Montpellier, Occitanie, France",,True,target,https://www.linkedin.com/jobs/view/4461216209
2026-09-22,indeed,Keyrock,Head of Risk,"Paris, A8, FR",,False,target,https://fr.indeed.com/viewjob?jk=10e8786384ed61f7
2026-09-22,indeed,CMA CGM,Group Strategic Advisory - CEO office intern,"Marseille, B8, FR",,False,target,https://fr.indeed.com/viewjob?jk=bdc7bcfcc487e94a
2026-09-22,indeed,Sanofi,Global Head of Procurement Services,"Gentilly, A8, FR",,False,target,https://fr.indeed.com/viewjob?jk=5e8c69eb812327d5
2026-09-22,indeed,Thermo Fisher Scientific,"Senior CTM, Hematology/Oncology","Télétravail, FR",,False,below,https://fr.indeed.com/viewjob?jk=8cb30f544a062d72
2026-09-22,indeed,Nestlé,Senior Legal Counsel - Data Privacy Officer F/M,"Issy-les-Moulineaux, A8, FR",,False,below,https://fr.indeed.com/viewjob?jk=e5fddd7390f44c00
2026-09-22,indeed,Dust,Field Marketing Specialist,"Paris, A8, FR",,False,below,https://fr.indeed.com/viewjob?jk=805722c756e1397c
2026-09-22,indeed,Bang & Olufsen,"Sales Asociate, Paris Opéra","Paris, A8, FR",,False,below,https://fr.indeed.com/viewjob?jk=e031211275b1f105
2026-09-22,indeed,Anglo American / De Beers Group,Merchandising Manager - EMEA & US,"Paris, A8, FR",,False,below,https://fr.indeed.com/viewjob?jk=7d58957b8963b05a
2026-09-22,indeed,Schneider Electric,Responsable senior innovation et gestion technologique,"Grenoble, ARA, FR",,False,below,https://fr.indeed.com/viewjob?jk=34ae5cb04450ade8
2026-09-22,indeed,Schneider Electric,"Senior Manager, Innovation and Technology Management","Grenoble, ARA, FR",,False,below,https://fr.indeed.com/viewjob?jk=31b777c7fc72909a
2026-09-22,indeed,Breega,CPTO (Freelance) @Breega,"Paris, A8, FR",,False,below,https://fr.indeed.com/viewjob?jk=5bd122bb728fab11
2026-09-22,indeed,ESCP Business School,Stage Growth & Conversion (SEO & UX) F/H,"Paris, A8, FR",,True,below,https://fr.indeed.com/viewjob?jk=1f84c889a9707c1e
2026-09-22,indeed,GENOMINES,Executive Assistant,"Les Ulis, A8, FR",,False,below,https://fr.indeed.com/viewjob?jk=342dd70270d58ece
2026-09-22,indeed,NIKE,Athlete Nike (Vendeur.se en magasin) – H / F CDD 25h,"Mulhouse, GE, FR",,False,below,https://fr.indeed.com/viewjob?jk=eea2562a93d337bc
2026-09-22,indeed,NIKE,Athlete Nike (Vendeur en magasin) – H / F – CDD 35h,"Saint-Maximin, HDF, FR",,False,below,https://fr.indeed.com/viewjob?jk=b549a40a85654b46
2026-09-22,indeed,NEXTON,Senior Data Engineer H/F,"Paris, A8, FR",,False,below,https://fr.indeed.com/viewjob?jk=5509de3e41bbd3f1
2026-09-22,indeed,PADOA,Product Manager BI F/H,"Paris, A8, FR",,True,below,https://fr.indeed.com/viewjob?jk=edd85e7ab385120d
2026-09-22,indeed,Vocca,GTM Engineer,"Paris, A8, FR",,False,below,https://fr.indeed.com/viewjob?jk=2a70899b397b2281
2026-09-22,indeed,NIKE,Athlete Nike (Vendeur en magasin) – H / F – CDI 25h,"Saint-Maximin, HDF, FR",,False,below,https://fr.indeed.com/viewjob?jk=808c83a03dd1f7bc
2026-09-22,indeed,Danone,"INTERNSHIP - Assistant Brand Manager Communication/Equity DANONINO, ACTIMEL, EVIAN, VOLVIC - January 2027 (W/M)","Rueil-Malmaison, A8, FR",,False,below,https://fr.indeed.com/viewjob?jk=830eaabf036b4ddf
2026-09-22,li,Rotarex,Senior R&D Engineer,"Lintgen, Luxembourg, Luxembourg",,False,below,https://www.linkedin.com/jobs/view/4451525120
2026-09-22,li,STEINMETZDEMEYER architectes urbanistes,Architecte – Chef d’équipe (m/f/x) CDI – Luxembourg,,,False,below,https://www.linkedin.com/jobs/view/4467880557
2026-09-22,li,HPPA - Homes Pour Personnes Âgées,Responsable de l'encadrement et de l'animation pour notre HPPA à Grevenmacher CDD,"Grevenmacher, Grevenmacher, Luxembourg",,False,below,https://www.linkedin.com/jobs/view/4467199572
2026-09-22,li,HPPA - Homes Pour Personnes Âgées,Responsable de l'encadrement et de l'animation pour notre HPPA à Grevenmacher CDD,"Grevenmacher, Grevenmacher, Luxembourg",,False,below,https://www.linkedin.com/jobs/view/4466857605
2026-09-22,indeed,Kuehne+Nagel,Integrated Logistics Information Systems Design Specialist,"Contern, L0L, LU",,False,below,https://lu.indeed.com/viewjob?jk=91a9b3bc80e319fa
2026-09-22,indeed,Northern Trust Corp.,Senior Fund Accounting Manager,LU,,False,below,https://lu.indeed.com/viewjob?jk=cc1ad7a945242cf4
2026-09-22,indeed,Luxembourg Institute of Science and Technology (LIST),C-27001 HEAD OF INTERNAL AUDIT,"Ehsh-sjur-Al'zet, ES, LU",,False,target,https://lu.indeed.com/viewjob?jk=98fd7a32f2ca5611
2026-09-22,indeed,LuxProvide,Head of Security,"Bertrange, L0L, LU",,False,target,https://lu.indeed.com/viewjob?jk=525877171db65704
2026-09-22,indeed,LuxProvide,Head of Client Delivery,"Bertrange, L0L, LU",,False,target,https://lu.indeed.com/viewjob?jk=c66898a3b24b9f3a
2026-09-22,indeed,European Investment Fund,(Senior) Financial Reporting Officer,"Luxembourg, L0L, LU",,False,below,https://lu.indeed.com/viewjob?jk=5192a0e506e93873
2026-09-22,indeed,Wipro,RECRUITER L2,"Luxembourg City, LU, LU",,False,below,https://lu.indeed.com/viewjob?jk=ed5f86acb56a0257
2026-09-22,li,Implenia,Leiter:in Technisches Büro Spezialtiefbau,"Opfikon, Zurich, Switzerland",,False,below,https://www.linkedin.com/jobs/view/4467371448
2026-09-22,li,Siddha Group Jaipur,AGM/DGM - Architect - Sr Architect,"Sion, Valais, Switzerland",,False,below,https://www.linkedin.com/jobs/view/4469873341
2026-09-22,li,Francesca Vanini Architecture GmbH,Architetto / direttore lavori,"St Moritz, Graubünden, Switzerland",,False,below,https://www.linkedin.com/jobs/view/4469542895
2026-09-22,li,Haskoning,Design Manager (MCF/ Data Centres),"Zurich, Zurich, Switzerland",,True,below,https://www.linkedin.com/jobs/view/4458440066
2026-09-22,li,Four Seasons,"Director, Interior Design - EMEA","Geneva, Geneva, Switzerland",,True,target,https://www.linkedin.com/jobs/view/4459867217
2026-09-22,li,Longines Watch Co. Francillon Ltd.,Retail Design Project Leader,"Saint-Imier, Berne, Switzerland",,True,below,https://www.linkedin.com/jobs/view/4448449934
2026-09-22,li,Helbling Beratung + Bauplanung,Fachgruppenleiterin / Fachgruppenleiter Sanitärplanung,"Zurich, Zurich, Switzerland",,False,below,https://www.linkedin.com/jobs/view/4458093573
2026-09-22,li,Sonar,CVP of Design,"Geneva, Geneva, Switzerland",,True,below,https://www.linkedin.com/jobs/view/4468680502
2026-09-22,li,GamblingCareers.com,Design Lead,"Fully, Valais, Switzerland",,True,target,https://www.linkedin.com/jobs/view/4468613778
2026-09-22,li,DEPT®,Associate Director Experience Design,"Zurich, Zurich, Switzerland",,True,target,https://www.linkedin.com/jobs/view/4440575959
2026-09-22,li,Jobgether,Mockup Design Team Manager,,,True,below,https://www.linkedin.com/jobs/view/4467558482
2026-09-22,li,Swissgrid AG,Head of Market & Product Design (80-100%),"Aarau, Aargau, Switzerland",,True,target,https://www.linkedin.com/jobs/view/4465804802
2026-09-22,li,Schaerer Ltd,Head of Electronics (w/m/d) 100%,"Solothurn, Solothurn, Switzerland",,False,target,https://www.linkedin.com/jobs/view/4380791918
2026-09-22,li,MAAG Group,Manager Design Engineering,"Oberglatt, Zurich, Switzerland",,True,below,https://www.linkedin.com/jobs/view/4468350708
2026-09-22,li,Jobgether,Head of UX/UI,,,True,target,https://www.linkedin.com/jobs/view/4466866120
2026-09-22,li,Michael Page,Architecte Senior / Responsable d' Equipe H/F,"Vaud, Switzerland",,False,below,https://www.linkedin.com/jobs/view/4467287009
2026-09-22,li,Mercury,Design Manager,"Zurich, Zurich, Switzerland",,True,below,https://www.linkedin.com/jobs/view/4429684583
2026-09-22,li,Implenia,"Leiter:in Technisches Büro 80% - 100% (w/m/d) (Glattpark (Opfikon), Zürich, CH, 8152)","Opfikon, Zurich, Switzerland",,False,below,https://www.linkedin.com/jobs/view/4424582342
2026-09-22,indeed,Keyrock,Head of Risk,"Genève, GE, CH",,False,target,https://ch.indeed.com/viewjob?jk=1bf128c0d519b5ec
2026-09-22,indeed,Keyrock,Head of Risk,"Zürich, ZH, CH",,False,target,https://ch.indeed.com/viewjob?jk=5c20d7df520e3240
2026-09-22,indeed,V-ZUG AG,Development Engineer Mechanical Design,"Sulgen, TG, CH",,False,below,https://ch.indeed.com/viewjob?jk=cf1cfa8643a69d66
2026-09-22,indeed,World Economic Forum,"Head of Business Engagement, Asia Pacific","Genève, GE, CH",,False,target,https://ch.indeed.com/viewjob?jk=47bd56061f5aa556
2026-09-22,indeed,Accelleron Industries,"Global Customs Excellence Lead (80-100%), (m/f/d)","Baden, AG, CH",,False,target,https://ch.indeed.com/viewjob?jk=90f7c73a7b725f9c
2026-09-22,indeed,Accelleron Industries,SAP MM Business Systems Analyst (m/f/d) (80-100%) (fixed term -1 year),"Baden, AG, CH",,False,below,https://ch.indeed.com/viewjob?jk=4ed7f56220b8a029
2026-09-22,indeed,KPMG,Marketing Consultant – Audit & ESG,"Zürich, ZH, CH",,False,below,https://ch.indeed.com/viewjob?jk=7da632c827692a30
2026-09-22,indeed,Trafigura,Senior Investigations Officer,"Genève, GE, CH",,False,below,https://ch.indeed.com/viewjob?jk=12335302a5caa5a3
2026-09-22,indeed,Hilti Group,Lead Product Manager,"Schaan, LI, CH",,True,target,https://ch.indeed.com/viewjob?jk=dd4a977995edd363
2026-09-22,indeed,Customize AG,Content Creator (60% -100%),"Winterthur, ZH, CH",,False,below,https://ch.indeed.com/viewjob?jk=27c0e5ed96c1b203
2026-09-22,indeed,JPMorganChase,Discretionary Accounts Control - Associate,"Genève, GE, CH",,False,below,https://ch.indeed.com/viewjob?jk=076507af43675c8e
2026-09-22,indeed,HUHTAMAKI,Head of Finance,"Zug, ZG, CH",,False,target,https://ch.indeed.com/viewjob?jk=5575149ed903809b
2026-09-22,indeed,Lyceum Alpinum Zuoz,Teacher of Chemistry,"Zuoz, GR, CH",,False,below,https://ch.indeed.com/viewjob?jk=7e46c3bf7bb76827
2026-09-22,indeed,Swissquote,FX/Execution Trader,"Gland, VD, CH",,False,below,https://ch.indeed.com/viewjob?jk=50934385c8eb2c10
2026-09-22,indeed,Liebherr Group,Transfer Pricing Working Student (60% - 80%),"Nussbaumen, ZH, CH",,False,below,https://ch.indeed.com/viewjob?jk=60cc315fc85e8931
2026-09-22,indeed,SIX Group AG,Internship Marketing Events,"Zürich, ZH, CH",,False,below,https://ch.indeed.com/viewjob?jk=1b5d3241b395b00e
2026-09-22,indeed,International Federation of Red Cross and Red Crescent Societies,Head of Audit,"Genève, GE, CH",,False,target,https://ch.indeed.com/viewjob?jk=491cdddafe43b11e
2026-09-22,indeed,EFG International,IT Analyst and Software Engineer,"Lugano, TI, CH",,False,below,https://ch.indeed.com/viewjob?jk=822d59da1ec09f89
2026-09-22,indeed,UBS,"2026 Internship – Sales Office, P&C COO – Zurich","Zürich, ZH, CH",ubs,False,below,https://ch.indeed.com/viewjob?jk=82b0531c1b3a056f
2026-09-22,indeed,Frontify AG,Senior Backend Engineer (Media Delivery),"St. Gallen, SG, CH",,False,below,https://ch.indeed.com/viewjob?jk=d58d51b1467d6940
2026-09-22,li,ATP architects engineers,Projektleiter:in MSR (m/w/d),"Vienna, Vienna, Austria",,False,below,https://www.linkedin.com/jobs/view/4383954302
2026-09-22,li,Blum Group,Head of Digital Marketing & Customer Relationship Improvement (m/w/d),"Höchst, Vorarlberg, Austria",,False,target,https://www.linkedin.com/jobs/view/4427734191
2026-09-22,li,ISG International Service Group,SENIOR KONSTRUKTEUR MIT OPTION TEAMLEITUNG (m/w/d),"Klagenfurt, Carinthia, Austria",,False,below,https://www.linkedin.com/jobs/view/4460311452
2026-09-22,li,Mercury,Design Manager,"Vienna, Vienna, Austria",,True,below,https://www.linkedin.com/jobs/view/4371567554
2026-09-22,li,Fronius Österreich,Gruppenleiter Systemarchitektur & OT-Security Operations (m/w/d),"Sattledt, Upper Austria, Austria",,False,below,https://www.linkedin.com/jobs/view/4467838842
2026-09-22,li,NOVOMATIC,Head of Game Design 707Games (w/m/x),"Gumpoldskirchen, Lower Austria, Austria",,True,target,https://www.linkedin.com/jobs/view/4323287280
2026-09-22,li,Greiner,Head of Project and Change Management (all genders),"Kremsmünster, Upper Austria, Austria",,False,target,https://www.linkedin.com/jobs/view/4467198388
2026-09-22,li,Porsche Holding,Teamleiter Elektrotechnik - Bauabteilung (w/m/d),"Salzburg, Austria",,False,below,https://www.linkedin.com/jobs/view/4468605693
2026-09-22,li,Jobgether,Head of UX/UI,,,True,target,https://www.linkedin.com/jobs/view/4466856933
2026-09-22,li,Rheinmetall,Abteilungsleiter (m/w/d) Product Line HX,"Vienna, Vienna, Austria",,True,below,https://www.linkedin.com/jobs/view/4465976772
2026-09-22,li,PORR Group,Teamleitung Technische Gebäudeausstattung Healthcare,"Vienna, Vienna, Austria",,False,below,https://www.linkedin.com/jobs/view/4467715587
2026-09-22,li,Universität Salzburg,Leitung Z_GIS PMO,"Salzburg, Austria",,False,below,https://www.linkedin.com/jobs/view/4467945894
2026-09-22,li,ISG International Service Group,Senior Konstrukteur mit Option auf Teamleitung (m/w/d),"Klagenfurt, Carinthia, Austria",,False,below,https://www.linkedin.com/jobs/view/4465539797
2026-09-22,li,IVM Technical Consultants,Teamleiter* in (m/w/d),"Baden, Lower Austria, Austria",,False,below,https://www.linkedin.com/jobs/view/4465552672
2026-09-22,li,Bilfinger Life Science,Head of Design Engineering (w/m/d),"Puch bei Hallein, Salzburg, Austria",,True,target,https://www.linkedin.com/jobs/view/4455855392
2026-09-22,li,Siemens,R&D Group Leader for Vision & Web-Technologies (f/m/d),"Linz, Upper Austria, Austria",,False,target,https://www.linkedin.com/jobs/view/4465789316
2026-09-22,li,Siemens,R&D Group Leader for Vision & Web-Technologies (f/m/d),"Eisenstadt, Burgenland, Austria",,False,target,https://www.linkedin.com/jobs/view/4465799204
2026-09-22,li,Eaton,Low Voltage System Assembly (LVSA) Post-Order Engineering Lead (m/f/d),"Schrems, Lower Austria, Austria",,False,target,https://www.linkedin.com/jobs/view/4449573564
2026-09-22,li,AlphaTauri,Art Director - AlphaTauri,"Elsbethen, Salzburg, Austria",,False,target,https://www.linkedin.com/jobs/view/4451549349
2026-09-22,li,Rhomberg Bau Gruppe,Geschäftsfeldleiter:in GU Projektbau,"Bregenz, Vorarlberg, Austria",,False,below,https://www.linkedin.com/jobs/view/4470291085
2026-09-22,indeed,Schuhfried GmbH,Senior Software Engineer (m/w/d),"Mödling, N, AT",,False,below,https://at.indeed.com/viewjob?jk=9fd9515d6a4dd5f9
2026-09-22,indeed,n8n,Head of People Operations & Tech,AT,,False,target,https://at.indeed.com/viewjob?jk=552efb925b2ae780
2026-09-22,indeed,Wellhub,Country Lead & Revenue Senior Director,"Wien, W, AT",,False,target,https://at.indeed.com/viewjob?jk=da4ed0f1e5fed4c6
2026-09-22,indeed,Deichmann,Head of Construction Department (w/m/d),"Wien, W, AT",,False,target,https://at.indeed.com/viewjob?jk=a90b1c77a72a1885
2026-09-22,indeed,RHI Magnesita,HR Generalist (all genders),"Leoben, ST, AT",,False,below,https://at.indeed.com/viewjob?jk=83f45023bd20733c
2026-09-22,indeed,RHI Magnesita,Head of People & Culture - Austria & Switzerland (all genders),"Wien, W, AT",,False,target,https://at.indeed.com/viewjob?jk=bf5c15ba282bf453
2026-09-22,indeed,RHI Magnesita,HR Generalist - HRBP and Recruiting Support (all genders),"Leoben, ST, AT",,False,below,https://at.indeed.com/viewjob?jk=c1e3106e7c78642e
2026-09-22,indeed,Mondi Group,"Regional Sales Director | Specialty Kraft Paper | Mediterranean, Middle East & Africa","Wien, W, AT",,False,target,https://at.indeed.com/viewjob?jk=11bcd254bfa42d37
2026-09-22,indeed,Borealis Group,IT Solutions Expert (m/f/d),"Wien, W, AT",,False,below,https://at.indeed.com/viewjob?jk=6baa81f39b4ddcb2
2026-09-22,indeed,RIMOWA,Stockist Parttime (m/f/d) - Vienna,"Wien, W, AT",,False,below,https://at.indeed.com/viewjob?jk=c7a9bbc5cc485258
2026-09-22,indeed,ADB Safegate,Product Manager m/f/d,"Graz, ST, AT",,True,below,https://at.indeed.com/viewjob?jk=729b7c58b585fb6c
2026-09-22,indeed,Mondi Group,Head of R&D Kraft Paper (f/m/x),"Wien, W, AT",,False,target,https://at.indeed.com/viewjob?jk=81c38c7e67f61cfe
2026-09-22,indeed,MMCAGENTUR für digitale Kommunikation GmbH,SEA Performance Marketing Manager:in (W/M/X),"W, AT",,True,below,https://at.indeed.com/viewjob?jk=c1a07f21498a8a83
2026-09-22,indeed,International Atomic Energy Agency,Consultant - Nuclear Security Response Plans and Procedures,"Wien, W, AT",,False,below,https://at.indeed.com/viewjob?jk=8f503a7176c217bb
2026-09-22,indeed,International Atomic Energy Agency,Consultant - Nuclear Security Detection,"Wien, W, AT",,False,below,https://at.indeed.com/viewjob?jk=146d5411ac014ef2
2026-09-22,indeed,Verkada,Enterprise Solutions Engineer - German Speaking,"Wien, W, AT",,False,below,https://at.indeed.com/viewjob?jk=008a595bd255aaa9
2026-09-22,indeed,AVILOO GmbH,Demand & ABM Marketing Manager (f/m/d),"Wien, W, AT",,True,below,https://at.indeed.com/viewjob?jk=78473c2283c257d7
2026-09-22,indeed,Erste Digital,Head of Secure Connectivity (all humans),"Wien, W, AT",erste-group,False,target,https://at.indeed.com/viewjob?jk=a474caafb19ca9df
2026-09-22,indeed,Erste Digital,Head of Cyber Exposure & Assurance (all humans),"Wien, W, AT",erste-group,False,target,https://at.indeed.com/viewjob?jk=7ae40a136a6d40f9
2026-09-22,li,Welltec,"Manager, Design and Engineering","Allerød Municipality, Capital Region of Denmark, Denmark",,False,below,https://www.linkedin.com/jobs/view/4469863015
2026-09-22,li,Jacobs,Fagleder – Tunneler,,,False,below,https://www.linkedin.com/jobs/view/4413414139
2026-09-22,li,ASSA ABLOY Group,Technical Director,"Hørning, Central Denmark Region, Denmark",,False,target,https://www.linkedin.com/jobs/view/4438705221
2026-09-22,li,the LEGO Group,"Senior Manager, Digital Print","Billund, Region of Southern Denmark, Denmark",,False,below,https://www.linkedin.com/jobs/view/4448738751
2026-09-22,li,Artelia Denmark,Chefspecialist med lederevner til hydraulik-teamet,,telia-company,False,below,https://www.linkedin.com/jobs/view/4413824171
2026-09-22,li,Compass Human Resources Group - DENMARK,Projekteringschef,"Vejle Municipality, Region of Southern Denmark, Denmark",,False,below,https://www.linkedin.com/jobs/view/4467989040
2026-09-22,li,WSP Danmark,Senior Projekteringsleder indenfor anlægsprojekter,"Taastrup, Capital Region of Denmark, Denmark",,False,below,https://www.linkedin.com/jobs/view/4311634637
2026-09-22,li,WSP Danmark,Fagprojektleder til konstruktioner,"Taastrup, Capital Region of Denmark, Denmark",,False,below,https://www.linkedin.com/jobs/view/4457900646
2026-09-22,li,Norconsult Sverige,Fagansvarlig konstruktionsingeniør til Norconsult,"Herlev, Capital Region of Denmark, Denmark",,False,below,https://www.linkedin.com/jobs/view/4468310417
2026-09-22,li,AKQA,Art Director,"Copenhagen, Capital Region of Denmark, Denmark",,False,target,https://www.linkedin.com/jobs/view/4458288408
2026-09-22,li,the LEGO Group,Decoration Manager,"Billund, Region of Southern Denmark, Denmark",,False,below,https://www.linkedin.com/jobs/view/4446665008
2026-09-22,li,COWI,Head of Discipline - Power Supply,"Aarhus, Central Denmark Region, Denmark",,False,target,https://www.linkedin.com/jobs/view/4465575737
2026-09-22,li,COWI,Head of Discipline - Power Supply,"Kongens Lyngby, Capital Region of Denmark, Denmark",,False,target,https://www.linkedin.com/jobs/view/4465572817
2026-09-22,li,Fjernvarme Fyn A/S,Chef for Digital Innovation & Udvikling,"Odense, Region of Southern Denmark, Denmark",,False,below,https://www.linkedin.com/jobs/view/4466560987
2026-09-22,li,Syntegon,Mechanical Lead Engineer,"Sandved, Region Zealand, Denmark",,False,target,https://www.linkedin.com/jobs/view/4391212920
2026-09-22,li,Deel,Senior Staff Product Designer - AI,,,True,target,https://www.linkedin.com/jobs/view/4455898418
2026-09-22,li,ATP,Sektionschef/Tech Lead til udvikling og drift af ATP's WorkZone-løsninger,"Hillerød, Capital Region of Denmark, Denmark",,False,target,https://www.linkedin.com/jobs/view/4466578285
2026-09-22,li,Terma Group,"Manager, Radar Mechanical, Lystrup","Aarhus Municipality, Central Denmark Region, Denmark",,False,below,https://www.linkedin.com/jobs/view/4465779341
2026-09-22,li,EUROPEAN SEARCH COMPANY,Adm. direktør til Dansk Design Center (DDC),"Copenhagen, Capital Region of Denmark, Denmark",,True,below,https://www.linkedin.com/jobs/view/4467055290
2026-09-22,li,"DEDIKATION - Hire for attitude, train for skills!",Head of Product Development,"Hvidovre Municipality, Capital Region of Denmark, Denmark",,True,target,https://www.linkedin.com/jobs/view/4458178219
2026-09-22,indeed,JYSK,Test Engineer,"Aarhus, D82, DK",,False,below,https://dk.indeed.com/viewjob?jk=312f359de09c47f3
2026-09-22,indeed,Aarhus University,"Postdoctoral for the project Human AI Collaboration: Imaginaries, Interventions, Interfaces","Aarhus, D82, DK",,False,below,https://dk.indeed.com/viewjob?jk=e090813f8827be7e
2026-09-22,indeed,Hitachi Energy,Verification and Validation Engineer,"København, D84, DK",,False,below,https://dk.indeed.com/viewjob?jk=9b3e82ec2b9dac92
2026-09-22,indeed,COWI,Senior Planner,"Kongens Lyngby, D84, DK",,False,below,https://dk.indeed.com/viewjob?jk=5c24ef831def6b88
2026-09-22,indeed,Hitachi Rail,Verification and Validation Engineer,"København, D84, DK",,False,below,https://dk.indeed.com/viewjob?jk=de65afd7e6cb36e3
2026-09-22,indeed,n8n,Head of People Operations & Tech,DK,,False,target,https://dk.indeed.com/viewjob?jk=a703e74d5d155b4a
2026-09-22,indeed,Danske Bank,AI Evaluation Methodology Lead,"København, D84, DK",danske-bank,False,target,https://dk.indeed.com/viewjob?jk=540fca8a5abaff8b
2026-09-22,indeed,Danske Bank,Head of Security Incident Response and Threat Management,"København, D84, DK",danske-bank,False,target,https://dk.indeed.com/viewjob?jk=7e4a1eb438f0dcbb
2026-09-22,indeed,Coloplast,Test Engineer,"Humlebæk, D84, DK",,False,below,https://dk.indeed.com/viewjob?jk=4f84fe91d532a20c
2026-09-22,indeed,Unik System Design A/S,Product Owner – AI-First Property Management,"Vejle, D83, DK",,True,below,https://dk.indeed.com/viewjob?jk=ba2420cf47c56348
2026-09-22,indeed,COWI,Senior Cost Manager,"Kongens Lyngby, D84, DK",,False,below,https://dk.indeed.com/viewjob?jk=b5a17e11253c901f
2026-09-22,indeed,Aarhus University,Researcher (Tenure Track) in Marine Ecosystem Modelling,"Roskilde, D85, DK",,False,below,https://dk.indeed.com/viewjob?jk=a344edb2cba2817f
2026-09-22,indeed,Pandora Jewelry,"Senior Consultant, Strategy Delivery Office","København, D84, DK",,True,below,https://dk.indeed.com/viewjob?jk=f247d9fb41d68cfe
2026-09-22,indeed,Pandora Jewelry,"Manager, RGM - Insights & Intelligence","København, D84, DK",,False,below,https://dk.indeed.com/viewjob?jk=2f2c19258fb96114
2026-09-22,indeed,Copenhagen Business School,Postdoc position in the intellectual history of corporate politics,"København, D84, DK",,False,below,https://dk.indeed.com/viewjob?jk=2875f8b5f93155c0
2026-09-22,indeed,Verisure,Senior Finance Business Partner,"Glostrup, D84, DK",,False,below,https://dk.indeed.com/viewjob?jk=ecc7994231528196
2026-09-22,indeed,Verisure,Business Controller,"Glostrup, D84, DK",,False,below,https://dk.indeed.com/viewjob?jk=c0f1b4f8f62b87ac
2026-09-22,indeed,Novonesis,"Research Scientist, Strain Screening & Microfluidics (uHTS), Novonesis, Lyngby","Kongens Lyngby, D84, DK",,False,below,https://dk.indeed.com/viewjob?jk=dcd38c1217b47336
2026-09-22,indeed,Aarhus University,"HCI Postdoctoral Research Fellow in Multimodal Interaction for Remote Physical Artefacts at Department of Computer Science, Aarhus University – 2 years","Aarhus, D82, DK",,False,below,https://dk.indeed.com/viewjob?jk=46d52597f42e868d
2026-09-22,indeed,Aarhus University,"Postdoctoral Fellow in Human-Centered AI and Data Visualization at Department of Computer Science, Aarhus University","Aarhus, D82, DK",,False,below,https://dk.indeed.com/viewjob?jk=fbb3dd4e6cfab993
2026-09-22,li,Vattenfall Services Nordic AB,Konstruktionsledare Stationsprojekt,"Motala, Östergötland County, Sweden",,False,below,https://www.linkedin.com/jobs/view/4459196681
2026-09-22,li,Vattenfall Services Nordic AB,Konstruktionsledare Stationsprojekt,"Malmo, Skåne County, Sweden",,False,below,https://www.linkedin.com/jobs/view/4459307726
2026-09-22,li,Vattenfall,Konstruktionsledare Stationsprojekt,"Motala, Östergötland County, Sweden",,False,below,https://www.linkedin.com/jobs/view/4457961999
2026-09-22,li,Vattenfall,Konstruktionsledare Stationsprojekt,"Malmo, Skåne County, Sweden",,False,below,https://www.linkedin.com/jobs/view/4457970099
2026-09-22,li,Sweco,Projekteringsledare inom bygg och fastighet till Stockholm,"Stockholm, Stockholm County, Sweden",,False,below,https://www.linkedin.com/jobs/view/4410637015
2026-09-22,li,Above,Visual Design Director,"Stockholm, Stockholm County, Sweden",,True,target,https://www.linkedin.com/jobs/view/4364705725
2026-09-22,li,Co. Society,Design Director,"Stockholm, Stockholm County, Sweden",,True,target,https://www.linkedin.com/jobs/view/4468814546
2026-09-22,li,Sharkmob,Game Director - Multiplayer Shooter,"Malmo, Skåne County, Sweden",,False,target,https://www.linkedin.com/jobs/view/4469160173
2026-09-22,li,E.ON Sverige,Projekteringsledare ledningar,"Sundsvall Municipality, Västernorrland County, Sweden",,False,below,https://www.linkedin.com/jobs/view/4466212500
2026-09-22,li,E.ON Sverige,Projekteringsledare ledningar,"Norrköping, Östergötland County, Sweden",,False,below,https://www.linkedin.com/jobs/view/4466209536
2026-09-22,li,SYSTRA Sverige,"Gruppchef HML & VDC/BIM (High speed, metro, lightweight & virtual design construction, Building information modelling) till SYSTRA I Göteborg","Gothenburg, Västra Götaland County, Sweden",,True,below,https://www.linkedin.com/jobs/view/4469101888
2026-09-22,li,Jobgether,Head of UX/UI,,,True,target,https://www.linkedin.com/jobs/view/4466868064
2026-09-22,li,Autoliv,ECU Project Leader / Design Leader,"Vårgårda, Västra Götaland County, Sweden",,True,below,https://www.linkedin.com/jobs/view/4466870025
2026-09-22,li,Saab,Sektionschef Ubåtskonstruktion,"Karlskrona, Blekinge County, Sweden",,False,below,https://www.linkedin.com/jobs/view/4458735980
2026-09-22,li,Nordic Agir,"Projekteringsledare Byggnadsverk – Västlänken, Göteborg","Gothenburg, Västra Götaland County, Sweden",,False,below,https://www.linkedin.com/jobs/view/4465782419
2026-09-22,li,Worldline,Lead UX/UI Designer,"Stockholm, Stockholm County, Sweden",,True,target,https://www.linkedin.com/jobs/view/4454741728
2026-09-22,li,Avalanche Studios Group,Art Director,"Stockholm, Stockholm County, Sweden",,False,target,https://www.linkedin.com/jobs/view/4401316409
2026-09-22,li,4C Strategies,Head of Design,"Stockholm, Stockholm County, Sweden",,True,target,https://www.linkedin.com/jobs/view/4441059995
2026-09-22,li,WSP i Sverige,Head of Structural Design – WSP Sverige,"Malmo, Skåne County, Sweden",,True,target,https://www.linkedin.com/jobs/view/4428712388
2026-09-22,li,Instabee,Design Director,"Stockholm, Stockholm County, Sweden",,True,target,https://www.linkedin.com/jobs/view/4431289255
2026-09-22,indeed,NIBE,Web Designer till NIBE,"Markaryd, G, SE",,True,below,https://se.indeed.com/viewjob?jk=2eeb9cef7b4e85f6
2026-09-22,indeed,SSAB,Design Specialist,SE,,True,below,https://se.indeed.com/viewjob?jk=a554d515a6da67b3
2026-09-22,indeed,Electronic Arts,Development Director,"Stockholm, AB, SE",,False,target,https://se.indeed.com/viewjob?jk=fe0df11f88e9057f
2026-09-22,indeed,If Skadeförsäkring,AI Engineer,"Stockholm, AB, SE",,False,below,https://se.indeed.com/viewjob?jk=c15f9e687f4a40c3
2026-09-22,indeed,Kappahl,Business Tech Manager - Enterprise Architecture,"Mölndal, O, SE",,False,below,https://se.indeed.com/viewjob?jk=8f51a3a91a7b5374
2026-09-22,indeed,Stockholm School of Economics,Head of Ecosystem for the MSc in Public Policy (MPP) program,"Stockholm, AB, SE",,False,target,https://se.indeed.com/viewjob?jk=3de3d39dbab5ed88
2026-09-22,indeed,Allianz,Regional Managing Director Nordics,"Stockholm, AB, SE",,False,target,https://se.indeed.com/viewjob?jk=4a8ea5e1e94ecb8c
2026-09-22,indeed,Djurgårdens Elitfotboll AB,Head of Social Media,"Stockholm, AB, SE",,False,target,https://se.indeed.com/viewjob?jk=e6c570645b3ce05f
2026-09-22,indeed,ABB,"Global Sustainability Data Analyst & Developer – Data, Tools & Methods","U, SE",tabby,False,below,https://se.indeed.com/viewjob?jk=15c22d7ad0ad5118
2026-09-22,indeed,Scandinavian Airlines System (SAS),CUSTOMER EXPERIENCE & SERVICE DESIGN,"Solna, AB, SE",,True,below,https://se.indeed.com/viewjob?jk=ee0eff596928ac57
2026-09-22,indeed,Scandinavian Airlines System (SAS),CUSTOMER RESEARCHER SPECIALIST,"Solna, AB, SE",,True,below,https://se.indeed.com/viewjob?jk=82ca8af70f0ce072
2026-09-22,indeed,If Skadeförsäkring,Data Engineering Lead (Azure Databricks),SE,,False,target,https://se.indeed.com/viewjob?jk=26cd8314f7b6265d
2026-09-22,indeed,Teledyne FLIR,SW Engineer,"Täby, AB, SE",,False,below,https://se.indeed.com/viewjob?jk=78d8ae35e6fcfafc
2026-09-22,indeed,Blykalla,Core Designer,"Stockholm, AB, SE",,True,below,https://se.indeed.com/viewjob?jk=c0949e112eaa887a
2026-09-22,indeed,Portfolio Brands,Total Reward Partner,"Stockholm, AB, SE",,False,below,https://se.indeed.com/viewjob?jk=d60d9ad312555c4d
2026-09-22,indeed,Kappahl,Technical Designer - Kids,"Mölndal, O, SE",,True,below,https://se.indeed.com/viewjob?jk=cdaa6816b0468a51
2026-09-22,indeed,Swedish Nutra AB,Marketing Manager (Head of Marketing),"Malmö, M, SE",,True,target,https://se.indeed.com/viewjob?jk=18137f1b0ccbc1f0
2026-09-22,indeed,ELEIKO,Design Lead Halmstad,"Halmstad, N, SE",,True,target,https://se.indeed.com/viewjob?jk=62d2c89ee90085cf
2026-09-22,indeed,Tieto,"Director of Operational Excellence, Tieto Tech Consulting","Solna, AB, SE",,False,target,https://se.indeed.com/viewjob?jk=ccdefc100df88862
2026-09-22,indeed,Doktor.se,Product Designer,"Stockholm, AB, SE",,True,below,https://se.indeed.com/viewjob?jk=21778522d12746f7
2026-09-22,li,Overhalla Betongbygg,konstruktør/ prosjekteringsleder,,,False,below,https://www.linkedin.com/jobs/view/4469873444
2026-09-22,li,Autodesk,"Director, UX Design - AEC Forma Design","Oslo, Oslo, Norway",,True,target,https://www.linkedin.com/jobs/view/4432105658
2026-09-22,li,Nscale,Design Manager or Senior Design Manager - Norway (Stargate Norway - Narvik),"Narvik, Nordland, Norway",,True,below,https://www.linkedin.com/jobs/view/4440976988
2026-09-22,li,Nscale,Design Manager or Senior Design Manager - Norway (Stargate Norway - Narvik),"Oslo, Oslo, Norway",,True,below,https://www.linkedin.com/jobs/view/4440995219
2026-09-22,li,Innovation Norway,Merkevare- og designansvarlig,"Oslo, Oslo, Norway",,True,below,https://www.linkedin.com/jobs/view/4468618717
2026-09-22,li,Statsbygg,Underdirektør tekniske- og byggfag,,,False,below,https://www.linkedin.com/jobs/view/4468830681
2026-09-22,li,Mode Executive,Creative Director – Contemporary Brand - Oslo,"Oslo, Norway",,False,target,https://www.linkedin.com/jobs/view/4464896596
2026-09-22,li,Six Robotics,Lead Product Designer (UX/UI),"Oslo, Oslo, Norway",,True,target,https://www.linkedin.com/jobs/view/4457280469
2026-09-22,li,Mercury,Design Manager,"Kristiansand, Agder, Norway",,True,below,https://www.linkedin.com/jobs/view/4457654125
2026-09-22,li,Norconsult,Avdelingsleder Energi og Smartteknologi - Norconsult,"Bærum, Viken, Norway",,False,below,https://www.linkedin.com/jobs/view/4466855149
2026-09-22,li,Norconsult Sverige,Avdelingsleder Energi og Smartteknologi - Norconsult,"Bærum, Viken, Norway",,False,below,https://www.linkedin.com/jobs/view/4467985479
2026-09-22,li,Vann- og avløpsetaten (Oslovann),Samlende leder søkes til å utvikle framtidens fornyelsesprosjekter innen vann og avløp,,,False,below,https://www.linkedin.com/jobs/view/4465958429
2026-09-22,li,Oslo kommune,Samlende leder søkes til å utvikle framtidens prosjekter innen            vann og avløp,"Oslo, Oslo, Norway",,False,below,https://www.linkedin.com/jobs/view/4467110838
2026-09-22,li,Norconsult,"Gruppeleder Miljøplanlegging, Fornybar Energi","Bærum, Viken, Norway",,False,below,https://www.linkedin.com/jobs/view/4466881345
2026-09-22,li,AFRY,AFRY Architects Trondheim søker gruppeleder,"Trondheim, Trøndelag, Norway",,False,below,https://www.linkedin.com/jobs/view/4467702393
2026-09-22,li,Innlandet fylkeskommune,Eiendom - Seksjonsleder utbygging,"Lillehammer, Innlandet, Norway",,False,below,https://www.linkedin.com/jobs/view/4467911628
2026-09-22,li,Mobile Career,"Design Leader, Software Design","Time, Rogaland, Norway",,True,below,https://www.linkedin.com/jobs/view/4470240962
2026-09-22,li,Asplan Viak AS,Vil du lede og videreutvikle vårt VVS-miljø i Bergen?,"Bergen, Vestland, Norway",,False,below,https://www.linkedin.com/jobs/view/4468522659
2026-09-22,li,Bilfinger Nordic Region,Enhetsleder Bygg,"Rjukan, Vestfold og Telemark, Norway",,False,below,https://www.linkedin.com/jobs/view/4459217701
2026-09-22,indeed,DeepOcean,Automation -- OT/Cyber Security,"Stavanger, N11, NO",,False,below,https://no.indeed.com/viewjob?jk=e88b3a56b840c7e7
2026-09-22,indeed,DeepOcean,Ser du historier der andre ser en vanlig arbeidsdag?,NO,,False,below,https://no.indeed.com/viewjob?jk=a49bc92291bff6f5
2026-09-22,indeed,DeepOcean,Senior Automation Engineer,"Stavanger, N11, NO",,False,below,https://no.indeed.com/viewjob?jk=9a5002bf0a728c62
2026-09-22,indeed,DeepOcean,"British Embassy , Oslo","Oslo, N03, NO",,False,below,https://no.indeed.com/viewjob?jk=b4348f076f2f267a
2026-09-22,indeed,Vend,Data Analyst,"Oslo, N03, NO",,False,below,https://no.indeed.com/viewjob?jk=cc16f3e147fde710
2026-09-22,indeed,DeepOcean,Senior Cyber Security Engineer,"Oslo, N03, NO",,False,below,https://no.indeed.com/viewjob?jk=4ed1d7803af42364
2026-09-22,indeed,VARD,Super­vi­sors — VARD Brattvåg,"Brattvåg, N15, NO",,False,below,https://no.indeed.com/viewjob?jk=ad3ca6c3b9391fd2
2026-09-22,indeed,Orange Business,Senior Elastic Engineer,"Oslo, N03, NO",orange,False,below,https://no.indeed.com/viewjob?jk=45ddcfa8ee11c840
2026-09-22,indeed,DeepOcean,"PhD research fellow in ""Distributed Optimization and Control of Reactive Power""","Porsgrunn, N38, NO",,False,below,https://no.indeed.com/viewjob?jk=17e5e0a2071b79e7
2026-09-22,indeed,DeepOcean,PhD research fellow in Green syngas from biomass waste gasification with CO2 capture,"Porsgrunn, N38, NO",,False,below,https://no.indeed.com/viewjob?jk=edc17cfc7b835cd4
2026-09-22,indeed,DeepOcean,Er du en mekanisk ingeniør med ambisjoner om prosjektledelse?,"Kristiansand S, NO",,False,below,https://no.indeed.com/viewjob?jk=1c4c133a0ab9ce63
2026-09-22,indeed,DeepOcean,PhD Research Fellow within Renewable Energy Flexibility,"Kongsberg, N30, NO",,False,below,https://no.indeed.com/viewjob?jk=ad269f357a40609f
2026-09-22,indeed,DeepOcean,Prosjektingeniør Automasjon,"Blomsterdalen, N46, NO",,False,below,https://no.indeed.com/viewjob?jk=4a77b740de990cfd
2026-09-22,indeed,Capgemini,Senior Consultant/Manager i CX Transformation-teamet,"Oslo, N03, NO",capgemini,False,below,https://no.indeed.com/viewjob?jk=e4e350d3ed94f15e
2026-09-22,indeed,Tieto,"Director of Operational Excellence, Tieto Tech Consulting","Oslo, N03, NO",,False,target,https://no.indeed.com/viewjob?jk=4c078574db0909a5
2026-09-22,indeed,Apotek 1,Apotek 1 is looking for a Solution Architect D365 F&O/POS,"N30, NO",,False,below,https://no.indeed.com/viewjob?jk=442e790b51464349
2026-09-22,indeed,DeepOcean,Research Assistant – CAMELOT: Long-term Climate Governance,"Oslo, N03, NO",,False,below,https://no.indeed.com/viewjob?jk=f09a0a4b0bb5eabf
2026-09-22,indeed,DeepOcean,PhD Research Fellow in Civil Engineering and Infrastructure Materials,"Porsgrunn, N38, NO",,False,below,https://no.indeed.com/viewjob?jk=b598d08372994609
2026-09-22,indeed,Capgemini,Senior Consultant/Manager i CX Transformation-teamet,"Oslo, N03, NO",capgemini,False,below,https://no.indeed.com/viewjob?jk=510231d5b22c27d6
2026-09-22,indeed,DeepOcean,Social Media & Creative Content Lead,"Oslo, N03, NO",,False,target,https://no.indeed.com/viewjob?jk=5856d55f5d176a56
2026-09-22,li,Stax - Deep Tech Talent,Head of Vehichle Design & Integration - UAS (Aerodynamics & CFD),,,True,target,https://www.linkedin.com/jobs/view/4469852712
2026-09-22,li,AVANTGARDE Group,Associate Creative Director (m/w/x) – Design,"Munich, Bavaria, Germany",,True,target,https://www.linkedin.com/jobs/view/4405282207
2026-09-22,li,Almedia,Head of Product Design,"Berlin, Germany",,True,target,https://www.linkedin.com/jobs/view/4449690252
2026-09-22,li,HelloFresh,"(Senior) Director UX, Operations","Berlin, Berlin, Germany",,True,target,https://www.linkedin.com/jobs/view/4459857844
2026-09-22,li,Tenova,Head of Mechanical Design (m/w/d),"Duisburg, North Rhine-Westphalia, Germany",,True,target,https://www.linkedin.com/jobs/view/4466681827
2026-09-22,li,Proalpha,Group UX/UI Lead m/w/d,,,True,target,https://www.linkedin.com/jobs/view/4459855856
2026-09-22,li,Stealth Physical AI,Head of Hardware (m/f/d),"Munich, Bavaria, Germany",,False,target,https://www.linkedin.com/jobs/view/4457306496
2026-09-22,li,ZIEGLER Group,Leiter Konstruktion m·w·d,"Giengen an der Brenz, Baden-Württemberg, Germany",,False,below,https://www.linkedin.com/jobs/view/4467840939
2026-09-22,li,over99,Design Lead,"Berlin, Berlin, Germany",,True,target,https://www.linkedin.com/jobs/view/4467592275
2026-09-22,li,LAUDO,Design Director - Brand & Digital (w/m/d),"Berlin, Berlin, Germany",,True,target,https://www.linkedin.com/jobs/view/4468351978
2026-09-22,li,Landor,Design Director - Corporate Branding,"Hamburg, Germany",,True,target,https://www.linkedin.com/jobs/view/4467561960
2026-09-22,li,DocCheck,Teamleiter:in Design (m/w/d),"Cologne, North Rhine-Westphalia, Germany",,True,below,https://www.linkedin.com/jobs/view/4467179844
2026-09-22,li,Jobgether,Mockup Design Team Manager,,,True,below,https://www.linkedin.com/jobs/view/4467562258
2026-09-22,li,Jobgether,Head of UX/UI,,,True,target,https://www.linkedin.com/jobs/view/4466858915
2026-09-22,li,HENSOLDT,Head of Fighter Radar Test Means Design (w/m/d),"Ulm, Baden-Württemberg, Germany",,True,target,https://www.linkedin.com/jobs/view/4466016076
2026-09-22,li,ONVO,"ONVO Global Head of Visualization - Munich, Germany","Munich, Bavaria, Germany",,False,target,https://www.linkedin.com/jobs/view/4466527384
2026-09-22,li,Deel,"Director, Product Design - Connectivity",,,True,target,https://www.linkedin.com/jobs/view/4456501442
2026-09-22,li,PUMA Group,Lead Design Training MEN,"Herzogenaurach, Bavaria, Germany",,True,target,https://www.linkedin.com/jobs/view/4458265601
2026-09-22,li,cfab,Creative Design Lead (m/w/d),"Düsseldorf, North Rhine-Westphalia, Germany",,True,target,https://www.linkedin.com/jobs/view/4467413075
2026-09-22,li,European Tech Recruit,Director of Analog Design,"Munich, Bavaria, Germany",,True,target,https://www.linkedin.com/jobs/view/4467213224
2026-09-22,indeed,Sika Corporation,Lab Technician (m/w/d) Cementitious Flooring Products,"Rosendahl, NW, DE",,False,below,https://de.indeed.com/viewjob?jk=7dea43b99dce0c54
2026-09-22,indeed,Institutional Investment Group GmbH,Fullstack-Entwickler:in Web & Marketing Automation (m/w/d),"Frankfurt am Main, HE, DE",,False,below,https://de.indeed.com/viewjob?jk=30e5e4da23b3a954
2026-09-22,indeed,Vulcan Energie Ressourcen,Head of Electrical Engineering (m/w/d),"Karlsruhe, BW, DE",,False,target,https://de.indeed.com/viewjob?jk=3bba4327eaa9958c
2026-09-22,indeed,Good Hood GmbH,Chief of Staff (m/f/d),"Berlin, BE, DE",,False,target,https://de.indeed.com/viewjob?jk=fe44dee8a9d9396e
2026-09-22,indeed,GoMedicus GmbH,Brand & Communication Designer,"München, BY, DE",,True,below,https://de.indeed.com/viewjob?jk=910400fde07ad69c
2026-09-22,indeed,Keyrock,Head of Risk,"Berlin, BE, DE",,False,target,https://de.indeed.com/viewjob?jk=fb839bc5a66b6859
2026-09-22,indeed,,Store Manager (m/w/d) – Premium Retail,"Regensburg, BY, DE",,False,below,https://de.indeed.com/viewjob?jk=488c23a956a7f875
2026-09-22,indeed,QSTAR,Social Media Manager (m/w/d) für Instagram & TikTok,"Hamburg, HH, DE",,False,below,https://de.indeed.com/viewjob?jk=8c0e4c20472f46eb
2026-09-22,indeed,RIMOWA,Lagerist / Stockist (m/f/d)- Munich,"München, BY, DE",,False,below,https://de.indeed.com/viewjob?jk=7b6a50b2f9740de3
2026-09-22,indeed,Franke,Serviceleiter Key Account National (m/w/d),"Grünsfeld, BW, DE",,False,below,https://de.indeed.com/viewjob?jk=1140a0a43cc99376
2026-09-22,indeed,Converse,Store Manager – 37.5H - Converse Zweibrücken – (w/m/d),"Zweibrücken, RP, DE",,False,below,https://de.indeed.com/viewjob?jk=803a4563e473eeb1
2026-09-22,indeed,solago GmbH,Category Manager HVAC Wärmepumpen & Klima (m/w/d) - 100 % Remote,"Düsseldorf, NW, DE",,False,below,https://de.indeed.com/viewjob?jk=6877d25d08e9bceb
2026-09-22,indeed,Döhler GmbH,Manager Group Supply Chain Transformation (m/f/d),"Darmstadt, HE, DE",,False,target,https://de.indeed.com/viewjob?jk=986307d660601f79
2026-09-22,indeed,n8n,Head of People Operations & Tech,"Berlin, BE, DE",,False,target,https://de.indeed.com/viewjob?jk=220465aabb7868f3
2026-09-22,indeed,n8n,Head of People Operations & Tech,DE,,False,target,https://de.indeed.com/viewjob?jk=f473f5ce6c469a3b
2026-09-22,indeed,Focused,Principal Software Engineer (m/f/d),"Darmstadt, HE, DE",,False,target,https://de.indeed.com/viewjob?jk=ae0c371bd3547ccd
2026-09-22,indeed,Contabo,Director Marketing (all genders) - GPORTAL (Ociris GmbH),"Home Office, DE",,False,target,https://de.indeed.com/viewjob?jk=9497f697f4feb98f
2026-09-22,indeed,Solutionhouse,Head of IT Governance,DE,,False,target,https://de.indeed.com/viewjob?jk=c51b38c67e3e0983
2026-09-22,indeed,Zwiesel Kristallglas AG,Brand Marketing Manager (m/w/d),"Zwiesel, BY, DE",,True,below,https://de.indeed.com/viewjob?jk=78b63d1899f34680
2026-09-22,indeed,inomed Medizintechnik GmbH,Mitarbeiter (m/w/d) Projekteinkauf,"Emmendingen, BW, DE",,False,below,https://de.indeed.com/viewjob?jk=078e21a51141a82d
2026-09-22,li,NERF Interieur,VACATURE head of design - maatwerk,"Hoogstraten, Flemish Region, Belgium",,True,target,https://www.linkedin.com/jobs/view/1914555345
2026-09-22,li,ALTEN,Team Leader,"Herstal, Walloon Region, Belgium",,False,below,https://www.linkedin.com/jobs/view/4469886010
2026-09-22,li,Materialise,Medical Device Development Manager,"Leuven, Flemish Region, Belgium",,False,below,https://www.linkedin.com/jobs/view/4450327833
2026-09-22,li,Haskoning,Design Manager (MCF/ Data Centres),"Destelbergen, Flemish Region, Belgium",,True,below,https://www.linkedin.com/jobs/view/4458089058
2026-09-22,li,TUC RAIL,Design Manager,"Brussels, Brussels Region, Belgium",,True,below,https://www.linkedin.com/jobs/view/4468673193
2026-09-22,li,TUC RAIL,Design Manager,"Auderghem, Belgium",,True,below,https://www.linkedin.com/jobs/view/4468612779
2026-09-22,li,Elia Group,"Designer Coordinator Low Voltage,","Brussels, Brussels Region, Belgium",telia-company,True,below,https://www.linkedin.com/jobs/view/4439980769
2026-09-22,li,TRACTEBEL,Project Leader Ports & Waterways,"Ghent, Flemish Region, Belgium",,False,below,https://www.linkedin.com/jobs/view/4459166965
2026-09-22,li,Jobgether,Head of UX/UI,,,True,target,https://www.linkedin.com/jobs/view/4466854913
2026-09-22,li,Thales,Team Leader Designers,"Herstal, Walloon Region, Belgium",,True,below,https://www.linkedin.com/jobs/view/4468256494
2026-09-22,li,Actemium Belgium,Mechanical design engineer / teamlead,"Ternat, Flemish Region, Belgium",,True,below,https://www.linkedin.com/jobs/view/4454247382
2026-09-22,li,BioTalent,Head of Design & Development,"Turnhout, Flemish Region, Belgium",,True,target,https://www.linkedin.com/jobs/view/4454534943
2026-09-22,li,Kenton Black,Senior Design Manager,"Hainaut, Walloon Region, Belgium",,True,below,https://www.linkedin.com/jobs/view/4470420315
2026-09-22,li,Alstom,IXL Design Leader,"Charleroi, Walloon Region, Belgium",,True,below,https://www.linkedin.com/jobs/view/4467600506
2026-09-22,li,Alstom,Project ATC Design Leader,"Charleroi, Walloon Region, Belgium",,True,below,https://www.linkedin.com/jobs/view/4468140984
2026-09-22,li,JACOPS NV,TEAMCOACH DESIGN,,,True,below,https://www.linkedin.com/jobs/view/4470413101
2026-09-22,li,Architectenjobs.be,Diensthoofd projecten gebouwen,"St-Niklaas, Flemish Region, Belgium",,False,below,https://www.linkedin.com/jobs/view/4469978431
2026-09-22,li,Made in inox,Technisch tekenaar - Projectleider,"Poperinge, Flemish Region, Belgium",,False,below,https://www.linkedin.com/jobs/view/4470276317
2026-09-22,li,BIMONA,Team Lead Controls Hardware Engineering,,,False,target,https://www.linkedin.com/jobs/view/4470281469
2026-09-22,indeed,Keyrock,Head of Risk,"BRU, BE",,False,target,https://be.indeed.com/viewjob?jk=5ea64da5bb9a3496
2026-09-22,indeed,Smappee,Java Software Engineer,"Harelbeke, VLG, BE",,False,below,https://be.indeed.com/viewjob?jk=ea4f9677b85e77ec
2026-09-22,indeed,SquareTrade,Head of Product Governance and Claims Oversight,"Brussels, BRU, BE",,True,target,https://be.indeed.com/viewjob?jk=7ef28f2a8b65391d
2026-09-22,indeed,Fidelity International,"Investment Management Oversight, Associate Director","WAL, BE",fidelity-international,False,target,https://be.indeed.com/viewjob?jk=504cc272ceaf328c
2026-09-22,indeed,ALSTOM,Project ATC Design Leader,"Charleroi, WAL, BE",,True,below,https://be.indeed.com/viewjob?jk=8f00cef80f3db7fd
2026-09-22,indeed,Yust,360° Marketing & Brand Internship,"Antwerpen, VLG, BE",,False,below,https://be.indeed.com/viewjob?jk=a6301b87f29855b7
2026-09-22,indeed,KU LEUVEN,Research Expert in the field of Instrumental Anal. Methods in Hydrometallury,"Leuven, VLG, BE",,False,below,https://be.indeed.com/viewjob?jk=ebeb170e936ecb13
2026-09-22,indeed,KU LEUVEN,Research manager in the field of circular hydrometallurgy,"Leuven, VLG, BE",,True,below,https://be.indeed.com/viewjob?jk=5127c8d9eb0f0121
2026-09-22,indeed,Keystone Solutions,Senior Data Solution Designer,"Brussels, BRU, BE",,True,below,https://be.indeed.com/viewjob?jk=48e33b6a0f13c52f
2026-09-22,indeed,Marsh,Investment Sales Leader Belux M/F,"Brussels, BRU, BE",marshmallow,False,below,https://be.indeed.com/viewjob?jk=bac92e2e635e71ae
2026-09-22,indeed,Stanley/Stella,EU Demand Planner,"Oudergem, BRU, BE",,False,below,https://be.indeed.com/viewjob?jk=5c0cffa4520df0da
2026-09-22,indeed,ING,Head of Affluent Growth,"Brussels, BRU, BE",ing,False,target,https://be.indeed.com/viewjob?jk=c3b9b7f88cedef48
2026-09-22,indeed,Monizze,Head of Marketing,"Brussels, BRU, BE",,False,target,https://be.indeed.com/viewjob?jk=c87628da0eb962da
2026-09-22,indeed,A.S.Adventure,Hoboken Antwerpen | Data Governance Lead,"Hoboken, VLG, BE",,False,target,https://be.indeed.com/viewjob?jk=29053f7f36b3f2eb
2026-09-22,indeed,Polysense,Head of People,"Gent, VLG, BE",,False,target,https://be.indeed.com/viewjob?jk=389d0c9d5c2317bd
2026-09-22,indeed,Automatic Systems,Chef de Projet Senior,"Wavre, WAL, BE",,False,below,https://be.indeed.com/viewjob?jk=06cd9fac7dd7a034
2026-09-22,indeed,Thales,Team Leader Designers,"Herstal, WAL, BE",,True,below,https://be.indeed.com/viewjob?jk=4001fa78ee8c8f27
2026-09-22,indeed,A.S.Adventure,Hoboken Antwerpen | Data Solutions Architect,"Hoboken, VLG, BE",,False,below,https://be.indeed.com/viewjob?jk=99ef1974f0521756
2026-09-22,indeed,OpenVPN,Founding Head of GTM - Cipherscale,"Brussels, BRU, BE",,False,target,https://be.indeed.com/viewjob?jk=52949eb4b13aadd4
2026-09-22,indeed,Umicore,People & Organization Business Partner,"Hoboken, VLG, BE",,False,below,https://be.indeed.com/viewjob?jk=7aeb8253ee1d9353
2026-09-22,li,OCX,Head of Post Production,"Madrid, Community of Madrid, Spain",,False,target,https://www.linkedin.com/jobs/view/4375807412
2026-09-22,li,BCNC GROUP,Design Leader – Automoción | CATIA V5 & Plastic Components,,,True,below,https://www.linkedin.com/jobs/view/4469147214
2026-09-22,li,Autodesk,"Director, UX Design - AEC Forma Design","Barcelona, Catalonia, Spain",,True,target,https://www.linkedin.com/jobs/view/4432105659
2026-09-22,li,Canva,Spain Design Lead (12 month contract),"Madrid, Community of Madrid, Spain",,True,target,https://www.linkedin.com/jobs/view/4460350163
2026-09-22,li,NES Fircroft,Design Director (Data Centres),"Madrid, Community of Madrid, Spain",,True,target,https://www.linkedin.com/jobs/view/4469164899
2026-09-22,li,SITA,Strategic Brand & Design Manager,"Barcelona, Catalonia, Spain",,True,below,https://www.linkedin.com/jobs/view/4466932626
2026-09-22,li,Super,Head of Product Design - Manager role,"Madrid, Community of Madrid, Spain",,True,target,https://www.linkedin.com/jobs/view/4448532920
2026-09-22,li,Unispace,Principal Designer,"Madrid, Community of Madrid, Spain",,True,target,https://www.linkedin.com/jobs/view/4466263328
2026-09-22,li,Jobgether,Mockup Design Team Manager,,,True,below,https://www.linkedin.com/jobs/view/4467561463
2026-09-22,li,Candee,Creative Director (Art) en Hamlet 🎨,"Barcelona, Catalonia, Spain",,False,target,https://www.linkedin.com/jobs/view/4467586827
2026-09-22,li,Make,Head of Brand,"Madrid, Community of Madrid, Spain",,False,target,https://www.linkedin.com/jobs/view/4437280548
2026-09-22,li,Jobgether,Head of UX/UI,,,True,target,https://www.linkedin.com/jobs/view/4466867111
2026-09-22,li,VistaPrint,"Director of User Experience, Core Commerce team - Spain, Remote",,,True,target,https://www.linkedin.com/jobs/view/4440333109
2026-09-22,li,Deel,"Director, Product Design - Connectivity",,,True,target,https://www.linkedin.com/jobs/view/4455891939
2026-09-22,li,Exceltic,Responsable de Diseño Naval,"Cadiz, Andalusia, Spain",,False,below,https://www.linkedin.com/jobs/view/4465551627
2026-09-22,li,Exceltic,Responsable de Diseño Naval,,,False,below,https://www.linkedin.com/jobs/view/4465549934
2026-09-22,li,Airalo,VP of Research and Design,,,True,target,https://www.linkedin.com/jobs/view/4465770220
2026-09-22,li,SACYR,Jefe/a de Diseño de Obras Civiles en Edificación Singular,"Sabiñánigo, Aragon, Spain",,False,below,https://www.linkedin.com/jobs/view/4442075751
2026-09-22,li,SACYR,"Design Manager - Arquitectura, Estructura y Urbanización de Obra de Edificación","Madrid, Community of Madrid, Spain",,True,below,https://www.linkedin.com/jobs/view/4442085250
2026-09-22,li,Grupo Dani García,AI CREATIVE DIRECTOR — DESIGN & MOTION,"Marbella, Andalusia, Spain",,True,target,https://www.linkedin.com/jobs/view/4468599125
2026-09-22,indeed,Keyrock,Head of Risk,"Barcelona, CT, ES",,False,target,https://es.indeed.com/viewjob?jk=cfad82424454e814
2026-09-22,indeed,Keyrock,Head of Risk,"Madrid, MD, ES",,False,target,https://es.indeed.com/viewjob?jk=dc2365a352f96cf8
2026-09-22,indeed,Alea,Podcast Producer,"Barcelona, CT, ES",,False,below,https://es.indeed.com/viewjob?jk=cd3f8b0930010cb7
2026-09-22,indeed,Spendesk,Head of Engineering,"Barcelona, CT, ES",spendesk,False,target,https://es.indeed.com/viewjob?jk=bc0a3f7f433158dc
2026-09-22,indeed,Destinus,Head of Commercial Programs,"Madrid, MD, ES",,False,target,https://es.indeed.com/viewjob?jk=0ec97abfc1b8c190
2026-09-22,indeed,Airbus,M&L TID Expert - Structural Repair Domain (Temp Agency),"Sevilla, AN, ES",,False,below,https://es.indeed.com/viewjob?jk=96cb9859d1d67754
2026-09-22,indeed,Thermo Fisher Scientific,"Senior CTM, Hematology/Oncology","En remoto, ES",,False,below,https://es.indeed.com/viewjob?jk=0d1403f085336785
2026-09-22,indeed,AI Acquisition,Senior Talent Acquisition Specialist,ES,,False,below,https://es.indeed.com/viewjob?jk=89780c6690208210
2026-09-22,indeed,n8n,Head of People Operations & Tech,ES,,False,target,https://es.indeed.com/viewjob?jk=15833d0514b2b3d1
2026-09-22,indeed,JPMorganChase,Senior Lead Software Engineer- Back End- Madrid- Digital Assets,"Madrid, MD, ES",,False,target,https://es.indeed.com/viewjob?jk=2ebbb5f2f4c24304
2026-09-22,indeed,JPMorganChase,Product Director - Brokerage,"Madrid, MD, ES",,True,target,https://es.indeed.com/viewjob?jk=72d2bf4ceb90a26c
2026-09-22,indeed,Veneera GmbH,Retention Marketing Manager (m/f/d) – FLUENT ENGLISH – 50-100% Remote (Barcelona & Surrounding),"Barcelona, CT, ES",,True,below,https://es.indeed.com/viewjob?jk=94f1b31b0d0df6ec
2026-09-22,indeed,AstraZeneca,Transforming Care Lead Oncology,"Madrid, MD, ES",,False,target,https://es.indeed.com/viewjob?jk=3e026c328621960c
2026-09-22,indeed,HARTING Technology Group,Head of Portfolio Management,"Barcelona, CT, ES",,False,target,https://es.indeed.com/viewjob?jk=7b64e4a90be5fc2c
2026-09-22,indeed,WorkNomads,Team Lead (BPO) - Dutch (Remote),ES,,False,target,https://es.indeed.com/viewjob?jk=b5f22444963eca6e
2026-09-22,indeed,The Knot Worldwide,"Lead Product Designer, The Bump","Barcelona, CT, ES",,True,target,https://es.indeed.com/viewjob?jk=069d79cf84695928
2026-09-22,indeed,TK Elevator,Head of Services (Sales Management profile),"Baiña, AS, ES",,False,target,https://es.indeed.com/viewjob?jk=ebd80073526875c1
2026-09-22,indeed,Shine Germany,Senior Product Designer - Banking / Banking XP,"Las Matas, MD, ES",,True,below,https://es.indeed.com/viewjob?jk=e16a5bc402f8c0db
2026-09-22,indeed,FUNDCRAFT,Product Manager,"Girona, CT, ES",,True,below,https://es.indeed.com/viewjob?jk=12a8bbcbb439fcc4
2026-09-22,li,Black & White Engineering,Design Manager (Data Centres),"Lisbon, Portugal",,True,below,https://www.linkedin.com/jobs/view/4469882404
2026-09-22,li,Visteon Corporation,Principal Engineer II Mechanical,"Palmela, Setúbal, Portugal",,False,target,https://www.linkedin.com/jobs/view/4459784015
2026-09-22,li,Bain & Company,"Design Manager, Creative Services","Lisbon, Lisbon, Portugal",,True,below,https://www.linkedin.com/jobs/view/4469194174
2026-09-22,li,Bain & Company,"Design Manager, Creative Services","Lisboa, Lisbon, Portugal",,True,below,https://www.linkedin.com/jobs/view/4467867554
2026-09-22,li,INEGI driving science & innovation,Líder Técnico - Otimização de Design (m/f/d),"Porto, Porto, Portugal",,True,below,https://www.linkedin.com/jobs/view/4469188321
2026-09-22,li,Aperture,Creative Lead,,,False,target,https://www.linkedin.com/jobs/view/4469188897
2026-09-22,li,XTB online investing,Head of Virality & Customer Engagement,"Lisboa, Lisbon, Portugal",,False,target,https://www.linkedin.com/jobs/view/4467164360
2026-09-22,li,Jobgether,Head of UX/UI,,,True,target,https://www.linkedin.com/jobs/view/4466871030
2026-09-22,li,team.blue,CX Integrations Manager - Contractor,"Porto, Porto, Portugal",,False,below,https://www.linkedin.com/jobs/view/4468250045
2026-09-22,li,team.blue,CX Integrations Manager - Contractor,"Lisboa, Lisbon, Portugal",,False,below,https://www.linkedin.com/jobs/view/4468232972
2026-09-22,li,BETWEEN Group,Jefe Oficina Técnica de Obra- ALGARVE,"Albufeira, Faro, Portugal",,False,below,https://www.linkedin.com/jobs/view/4467739578
2026-09-22,li,Hays,Project Design & BIM Manager (m/f/d),"Porto, Portugal",,True,below,https://www.linkedin.com/jobs/view/4467234042
2026-09-22,li,Mace,Design Manager,"Lisbon, Lisbon, Portugal",,True,below,https://www.linkedin.com/jobs/view/4440570758
2026-09-22,li,Mace,Associate Director - Design Management,"Lisbon, Lisbon, Portugal",,True,target,https://www.linkedin.com/jobs/view/4467616632
2026-09-22,li,FPF - Federação Portuguesa de Futebol,Coordenador(a) de Designer,,,True,below,https://www.linkedin.com/jobs/view/4469935137
2026-09-22,li,Jobgether,Head of Product Development,,,True,target,https://www.linkedin.com/jobs/view/4469007291
2026-09-22,li,CTS Group,Design Manager (m/f/d),"Porto Salvo, Lisbon, Portugal",,True,below,https://www.linkedin.com/jobs/view/4468796266
2026-09-22,indeed,Natixis,Senior Data Domain Officer | Finance,"Porto, P13, PT",,False,below,https://pt.indeed.com/viewjob?jk=44521c6a3391de08
2026-09-22,indeed,BNP Paribas,Management Control Data Analyst - Fluent in English - All Genders – Porto – Permanent Contract – Hybrid,"Porto, P13, PT",bnp-paribas,False,below,https://pt.indeed.com/viewjob?jk=6d1dbb91be441c12
2026-09-22,indeed,Stratio Automotive,Full Stack Software Engineer,"Lisboa, P11, PT",,False,below,https://pt.indeed.com/viewjob?jk=3217f1de990726ef
2026-09-22,indeed,Nordex Group,SAP SuccessFactors Expert (m/f/d),"Porto, P13, PT",,False,below,https://pt.indeed.com/viewjob?jk=753ce80c2a26eb84
2026-09-22,indeed,SORTED,Product Owner - TCG Sorted,"Lisboa, P11, PT",,True,below,https://pt.indeed.com/viewjob?jk=ae15d331d9868269
2026-09-22,indeed,DoiT,Product Analyst-Portugal (Remote),"Remoto, PT",,False,below,https://pt.indeed.com/viewjob?jk=01a80d74b0ca272d
2026-09-22,indeed,JayWay Travel,Marketing & Brand Specialist,"Remoto, PT",,False,below,https://pt.indeed.com/viewjob?jk=b3880cfc266c2166
2026-09-22,indeed,Experimental,Experimental Porto | Head Bar Sommelier,"Porto, P13, PT",,False,below,https://pt.indeed.com/viewjob?jk=08396bb4d520a9fc
2026-09-22,indeed,OpenVPN,Founding Head of GTM - Cipherscale,"Lisboa, P11, PT",,False,target,https://pt.indeed.com/viewjob?jk=c07d990f875778d5
2026-09-22,indeed,Nordex Group,Grid Code Engineer (m/f/d),"Porto, P13, PT",,False,below,https://pt.indeed.com/viewjob?jk=43cad2eed02ddcad
2026-09-22,indeed,JobCloud AG,Backend Software Engineer,"Porto, P13, PT",,False,below,https://pt.indeed.com/viewjob?jk=6c76fad242e39642
2026-09-22,indeed,BNP Paribas,Liquidity and Resolution Senior Auditor,"Lisboa, P11, PT",bnp-paribas,False,below,https://pt.indeed.com/viewjob?jk=6fb97776780c95de
2026-09-22,indeed,"Sterlington, PLLC",Business Operations Manager,"Lisboa, P11, PT",,False,below,https://pt.indeed.com/viewjob?jk=7e399bc2c480c122
2026-09-22,indeed,"Sterlington, PLLC",Business Operations Manager,"Porto, P13, PT",,False,below,https://pt.indeed.com/viewjob?jk=fadd418dea7c9d15
2026-09-22,indeed,Platform Engineering Masters,Head of Research & Editorial,"Lisboa, P11, PT",,False,target,https://pt.indeed.com/viewjob?jk=2fcba8d7276f7e5b
2026-09-22,indeed,"Sterlington, PLLC",Head of Legal Outsourcing Services,"Porto, P13, PT",,False,target,https://pt.indeed.com/viewjob?jk=dc5f89ec288cd131
2026-09-22,indeed,"Sterlington, PLLC",Head of Legal Outsourcing Services,"Lisboa, P11, PT",,False,target,https://pt.indeed.com/viewjob?jk=eaa95ebe1afb6014
2026-09-22,indeed,AUTOMAISE,Head of Partnerships,"Lisboa, P11, PT",,False,target,https://pt.indeed.com/viewjob?jk=11e6fb5e94455e0c
2026-09-22,indeed,Laminar Projects,Demand Generation Manager - 4 Day Week + Remote,"Remoto, PT",,False,below,https://pt.indeed.com/viewjob?jk=01dce28fecfd68a8
2026-09-22,indeed,JobCloud AG,"Senior Machine Learning Engineer Ship models that move the business, not just the metrics.","Porto, P13, PT",,False,below,https://pt.indeed.com/viewjob?jk=988c2701f6c880f1
2026-09-22,li,Proton,Head of Design,"London, England, UK",,True,target,https://www.linkedin.com/jobs/view/4441986001
2026-09-22,li,SEGA Europe,Franchise Design Director,"Horsham, England, UK",,True,target,https://www.linkedin.com/jobs/view/4450726751
2026-09-22,li,Autodesk,"Director, UX Design - AEC Forma Design","London, England, UK",,True,target,https://www.linkedin.com/jobs/view/4432110214
2026-09-22,li,Orbital,Head of Design,"London, England, UK",,True,target,https://www.linkedin.com/jobs/view/4450154524
2026-09-22,li,JeffersonLocke,Head of Design,"Greater London, England, UK",,True,target,https://www.linkedin.com/jobs/view/4469192308
2026-09-22,li,Sonar,CVP of Design,"London, England, UK",,True,below,https://www.linkedin.com/jobs/view/4468687346
2026-09-22,li,Futureheads Recruitment | B Corp™,Head of Product Design,,,True,target,https://www.linkedin.com/jobs/view/4466287229
2026-09-22,li,Major Players | B Corp™,Head of Design,"London Area, United Kingdom",,True,target,https://www.linkedin.com/jobs/view/4467567635
2026-09-22,li,Mode Executive,Design Director – Luxury Womenswear Brand,"London Area, United Kingdom",,True,target,https://www.linkedin.com/jobs/view/4465101567
2026-09-22,li,Super,Head of Product Design - Manager role,"Greater London, England, UK",,True,target,https://www.linkedin.com/jobs/view/4448536774
2026-09-22,li,Jobgether,Head of UX/UI,,,True,target,https://www.linkedin.com/jobs/view/4466872040
2026-09-22,li,LUC,Executive Director for Design,"England, United Kingdom",,True,target,https://www.linkedin.com/jobs/view/4467054964
2026-09-22,li,LOBA GROUP,Head of Design,"London Area, United Kingdom",,True,target,https://www.linkedin.com/jobs/view/4465549553
2026-09-22,li,JDL Recruitment,Head of Design,"London Area, United Kingdom",,True,target,https://www.linkedin.com/jobs/view/4467720227
2026-09-22,li,Airalo,VP of Research and Design,,,True,target,https://www.linkedin.com/jobs/view/4465784098
2026-09-22,li,Butternut Box | B Corp,Head of Product Design,"London Area, United Kingdom",,True,target,https://www.linkedin.com/jobs/view/4468585361
2026-09-22,li,Butternut Box | B Corp,Head of Product Design,"London, England, UK",,True,target,https://www.linkedin.com/jobs/view/4470454320
2026-09-22,li,McLaren Automotive Ltd,Director Advanced Design,"Bicester, England, UK",,True,target,https://www.linkedin.com/jobs/view/4469945407
2026-09-22,li,McLaren Automotive Ltd,Director of Industrial Product Design,"Bicester, England, UK",,True,target,https://www.linkedin.com/jobs/view/4463529340
2026-09-22,li,ScottishPower,Head of Cables Design,"Cambuslang, Scotland, UK",,True,target,https://www.linkedin.com/jobs/view/4470406467
2026-09-22,indeed,Tasty African Food,Bartender/Mixologist,"Maidstone, ENG, GB",,False,below,https://uk.indeed.com/viewjob?jk=138656517344df64
2026-09-22,indeed,Network Rail,Human Resources Business Partner,"Exeter, ENG, GB",,False,below,https://uk.indeed.com/viewjob?jk=fe7c7e85bb06159d
2026-09-22,indeed,Glendola Leisure,Sous Chef at Waxy O'Connor's Glasgow,"Glasgow, SCT, GB",,False,below,https://uk.indeed.com/viewjob?jk=cc1f7951b7e97745
2026-09-22,indeed,Company Bakery,Marketing & Events Manager,"Musselburgh, SCT, GB",,False,below,https://uk.indeed.com/viewjob?jk=652f5690a202338f
2026-09-22,indeed,Everton Football Club,Middleweight Designer,"Liverpool, ENG, GB",,True,below,https://uk.indeed.com/viewjob?jk=192b736f8af2f04e
2026-09-22,indeed,The Belfry Hotel & Resort,Data Analyst,"Sutton Coldfield, ENG, GB",,False,below,https://uk.indeed.com/viewjob?jk=0c333ccbe4e60b58
2026-09-22,indeed,Outcomes First Group,Head of Applications,"Manchester, ENG, GB",,False,target,https://uk.indeed.com/viewjob?jk=8a9d1ad007e9ec8d
2026-09-22,indeed,Citizen Housing Group,Head of Compliance,"Birmingham, ENG, GB",,False,target,https://uk.indeed.com/viewjob?jk=21b82878d4a72ab1
2026-09-22,indeed,British Medical Association,Member Relations Assistant,"Belfast, NIR, GB",,False,below,https://uk.indeed.com/viewjob?jk=6a28f939ccc55dd2
2026-09-22,indeed,Lighthouse games,Head of Analytics,"Leamington Spa, ENG, GB",,False,target,https://uk.indeed.com/viewjob?jk=7574d5ffd5cef0ce
2026-09-22,indeed,Britvic Soft Drinks Ltd,Stability Lead Technologist,"Hemel Hempstead, ENG, GB",,False,target,https://uk.indeed.com/viewjob?jk=4ae4ad1f3fbce2d5
2026-09-22,indeed,Egis Group,Senior ITS / Technology Design Engineer,"Dartford, ENG, GB",,True,below,https://uk.indeed.com/viewjob?jk=e21ad067d23c92dc
2026-09-22,indeed,Egis Group,Senior ITS / Technology Design Engineer,"Leatherhead, ENG, GB",,True,below,https://uk.indeed.com/viewjob?jk=aa5fcdbefb3c7ada
2026-09-22,indeed,Egis Group,Senior ITS / Technology Design Engineer,"South Mimms, ENG, GB",,True,below,https://uk.indeed.com/viewjob?jk=88cafacf7a7b7a8d
2026-09-22,indeed,Keyrock,Head of Risk,"London, ENG, GB",,False,target,https://uk.indeed.com/viewjob?jk=800429a908cb360c
2026-09-22,indeed,NORTH YORKSHIRE COUNCIL,Interim Head of Commissioning (Children & Families),"Northallerton, ENG, GB",,False,target,https://uk.indeed.com/viewjob?jk=c4138fd5ec4190e8
2026-09-22,indeed,1 Hotels,Head Chef,"London, ENG, GB",,False,below,https://uk.indeed.com/viewjob?jk=eb0200039de53142
2026-09-22,indeed,Origin Fitness UK,B2B Marketing Manager,"Newbridge, SCT, GB",,True,below,https://uk.indeed.com/viewjob?jk=b698054671711cb2
2026-09-22,indeed,L'Oréal,"Kiehl's Skin Pro, Bath Boutique (16 Hours)","Bath, ENG, GB",,False,below,https://uk.indeed.com/viewjob?jk=f54e43a71dbb44b3
2026-09-22,indeed,L'Oréal,"Kiehl's Skin Pro, London Gatwick North Terminal (40 Hours)","London, ENG, GB",,False,below,https://uk.indeed.com/viewjob?jk=22e424a6495d06fa
2026-09-22,li,Autodesk,"Director, UX Design - AEC Forma Design","Dublin, County Dublin, Ireland",,True,target,https://www.linkedin.com/jobs/view/4432122035
2026-09-22,li,Anderson McQue,Head of Design,"Dublin, County Dublin, Ireland",,True,target,https://www.linkedin.com/jobs/view/4469137407
2026-09-22,li,Super,Head of Product Design - Manager role,,,True,target,https://www.linkedin.com/jobs/view/4448545746
2026-09-22,li,Jobgether,Mockup Design Team Manager,,,True,below,https://www.linkedin.com/jobs/view/4467544655
2026-09-22,li,Sigmar Recruitment,Senior Design Manager,"Dublin, County Dublin, Ireland",,True,below,https://www.linkedin.com/jobs/view/4468610166
2026-09-22,li,Collen Construction,Design Manager,"Dublin, County Dublin, Ireland",,True,below,https://www.linkedin.com/jobs/view/4468356638
2026-09-22,li,Jobgether,Head of UX/UI,,,True,target,https://www.linkedin.com/jobs/view/4466865154
2026-09-22,li,Equinix,Senior Design Manager (m/f/d),"Dublin, County Dublin, Ireland",,True,below,https://www.linkedin.com/jobs/view/4465968816
2026-09-22,li,Ornua,Senior Designer,"Dublin, County Dublin, Ireland",,True,below,https://www.linkedin.com/jobs/view/4466874255
2026-09-22,li,Pivotal Recruitment Limited,"Design Manager, Dublin","Dublin, County Dublin, Ireland",,True,below,https://www.linkedin.com/jobs/view/4465983924
2026-09-22,li,Alternative Heat Ltd,Head of Design - Decarbonisation,"Santry, County Dublin, Ireland",,True,target,https://www.linkedin.com/jobs/view/4459675851
2026-09-22,li,eir business talent,Senior Client-Side Design Manager,"Athlone, Ireland",,True,below,https://www.linkedin.com/jobs/view/4466189973
2026-09-22,li,Mercury,Head of Engineering,"Dublin, County Dublin, Ireland",,False,target,https://www.linkedin.com/jobs/view/4466592003
2026-09-22,li,GRAHAM Group,Design Manager - Dublin,"Dublin, County Dublin, Ireland",,True,below,https://www.linkedin.com/jobs/view/4466149659
2026-09-22,li,Deutsche Bahn,"Design Manager - Dublin, Ireland (f/m/d)","Dublin, County Dublin, Ireland",deutsche-bank,True,below,https://www.linkedin.com/jobs/view/4458582272
2026-09-22,li,publicjobs,Senior Executive Architect,"County Mayo, Ireland",public-bank-berhad,False,below,https://www.linkedin.com/jobs/view/4467200145
2026-09-22,li,KM Lynskey,Design Manager,"Dublin, County Dublin, Ireland",,True,below,https://www.linkedin.com/jobs/view/4467059810
2026-09-22,li,Key Talent Solutions,Head of Design,"County Dublin, Ireland",,True,target,https://www.linkedin.com/jobs/view/4469954968
2026-09-22,li,Winthrop Technologies,Regional Design Manager,"Dublin, County Dublin, Ireland",,True,below,https://www.linkedin.com/jobs/view/4460253572
2026-09-22,indeed,Gorta Self Help Africa,Communications Officer,"DUBLIN 1, D, IE",,False,below,https://ie.indeed.com/viewjob?jk=8b8e2dedc18c15eb
2026-09-22,indeed,Travelling Languages,Head of Academic / Director of Studies,"Dublin, D, IE",,False,target,https://ie.indeed.com/viewjob?jk=081d216c266cdb41
2026-09-22,indeed,Cushman & Wakefield,EIC Dublin Commercial Internship,"DUBLIN 2, D, IE",,False,below,https://ie.indeed.com/viewjob?jk=c2e6c5440c70140d
2026-09-22,indeed,Expleo Group,Head of Product (Maternity Leave Cover),"Dublin, D, IE",,True,target,https://ie.indeed.com/viewjob?jk=95f684e932d044e1
2026-09-22,indeed,Electricity Supply Board (ESB),"Application Operations, IT Delivery","Dublin, D, IE",,False,below,https://ie.indeed.com/viewjob?jk=2afeceb2ce19b08f
2026-09-22,indeed,Würth Group,eBusiness Systems Lead,"Limerick, LK, IE",,False,target,https://ie.indeed.com/viewjob?jk=81ef6215807fd37a
2026-09-22,indeed,Vision Ireland,Communications and Operations Coordinator,"Drumcondra, D, IE",,False,below,https://ie.indeed.com/viewjob?jk=bb880574ab1d73ff
2026-09-22,indeed,MERCY UNIVERSITY HOSPITAL,Chief Information Security Manager (GRADE VII),"Cork, C, IE",,False,target,https://ie.indeed.com/viewjob?jk=cfc578bbbd49c4a2
2026-09-22,indeed,StoryToys,3D Art Lead,"Dublin, D, IE",,False,target,https://ie.indeed.com/viewjob?jk=c4dbff88c97f2c61
2026-09-22,indeed,Abbeyfield Reception & Orientation Centre,Disability Support Worker,"Tullamore, OY, IE",,False,below,https://ie.indeed.com/viewjob?jk=5563b010baca7db9
2026-09-22,indeed,Castle Leslie estate,Chef de Partie- Daytime Monday-Friday,"Monaghan, MN, IE",,False,below,https://ie.indeed.com/viewjob?jk=ec38b206c0b9d217
2026-09-22,indeed,SLAINTE HOSPITALITY LTD,Restaurant Manager,"Cork, C, IE",,False,below,https://ie.indeed.com/viewjob?jk=b377e22c15eab8a8
2026-09-22,indeed,Celtic Tweed,Operations Manager,"Balbriggan, D, IE",,False,below,https://ie.indeed.com/viewjob?jk=6844df19260095f8
2026-09-22,indeed,Celtic Tweed,Operations Manager,"Balbriggan, D, IE",,False,below,https://ie.indeed.com/viewjob?jk=34d84a06ee9a0214
2026-09-22,indeed,Euronext,Data Engineer for AI,"Dublin, D, IE",,False,below,https://ie.indeed.com/viewjob?jk=9f59641d5af00060
2026-09-22,indeed,Euronext,AI Integration Engineer,"Dublin, D, IE",,False,below,https://ie.indeed.com/viewjob?jk=666636c8ff389254
2026-09-22,indeed,Euronext,AI Specialist,"Dublin, D, IE",,False,below,https://ie.indeed.com/viewjob?jk=2ad6953474753375
2026-09-22,indeed,Raidió Teilifís Éireann,Compliance Manager,"Donnybrook, D, IE",,False,below,https://ie.indeed.com/viewjob?jk=662c131a8ecb8a99
2026-09-22,indeed,Grafton Street Café Bewleys,Senior Baker,"Dublin, D, IE",,False,below,https://ie.indeed.com/viewjob?jk=1074f878c368c4da
2026-09-22,indeed,Amazon.com,"Senior Software Development Engineer, Transactional Data Storage","Dublin, D, IE",amazon,False,below,https://ie.indeed.com/viewjob?jk=13475f3b0d9c2703
2026-09-22,li,Cundall,Senior Design Manager,"Kuala Lumpur, Federal Territory of Kuala Lumpur, Malaysia",,True,below,https://www.linkedin.com/jobs/view/4413865161
2026-09-22,li,Hong Leong Bank Berhad,Head - Marketing & Communication (Brand and Wealth Marketing),"Federal Territory of Kuala Lumpur, Malaysia",hong-leong-bank,False,below,https://www.linkedin.com/jobs/view/4425109661
2026-09-22,li,Monks,Art Director,"Kuala Lumpur, Federal Territory of Kuala Lumpur, Malaysia",,False,target,https://www.linkedin.com/jobs/view/4446516778
2026-09-22,li,U Mobile,"Section Head, Experience and Transformation","Kuala Lumpur, Federal Territory of Kuala Lumpur, Malaysia",,False,below,https://www.linkedin.com/jobs/view/4432191086
2026-09-22,li,MODEC Offshore Production Systems (Singapore) / Offshore Frontier Solutions,"Group Lead, Static","Federal Territory of Kuala Lumpur, Malaysia",,False,target,https://www.linkedin.com/jobs/view/4440651177
2026-09-22,li,VaynerX,Creative Director,,,False,target,https://www.linkedin.com/jobs/view/4467820882
2026-09-22,li,Airswift,Topside Piping & Layout Lead,"Kuala Lumpur, Federal Territory of Kuala Lumpur, Malaysia",swift,False,target,https://www.linkedin.com/jobs/view/4468855558
2026-09-22,li,BJAK,Creative Design Lead,"Petaling Jaya, Selangor, Malaysia",,True,target,https://www.linkedin.com/jobs/view/4467436445
2026-09-22,li,BJAK,Senior Visual Lead,"Petaling Jaya, Selangor, Malaysia",,False,target,https://www.linkedin.com/jobs/view/4467423750
2026-09-22,li,Confidential Careers,Creative Director (Advertising),"Federal Territory of Kuala Lumpur, Malaysia",,False,target,https://www.linkedin.com/jobs/view/4466194038
2026-09-22,li,Electronic Arts (EA),Lead Product Designer,"Kuala Lumpur, Federal Territory of Kuala Lumpur, Malaysia",,True,target,https://www.linkedin.com/jobs/view/4465259411
2026-09-22,li,Siemens Energy,Engineering Manager (HV Substation Design),"Petaling Jaya, Selangor, Malaysia",,False,below,https://www.linkedin.com/jobs/view/4448283598
2026-09-22,li,Black & White Engineering,BIM Manager,"Federal Territory of Kuala Lumpur, Malaysia",,False,below,https://www.linkedin.com/jobs/view/4466175118
2026-09-22,li,Maxis,Head of Employee Experience & Branding,"Kuala Lumpur, Federal Territory of Kuala Lumpur, Malaysia",,False,target,https://www.linkedin.com/jobs/view/4464994564
2026-09-22,li,Black & White Engineering,Design Manager,"Federal Territory of Kuala Lumpur, Malaysia",,True,below,https://www.linkedin.com/jobs/view/4465703737
2026-09-22,li,Maxis,Head of Social & Brand Experience,"Kuala Lumpur, Federal Territory of Kuala Lumpur, Malaysia",,False,target,https://www.linkedin.com/jobs/view/4446575096
2026-09-22,li,Randstad Malaysia,Mechanical Engineer (Senior to Associate Director) - Railway,"Kuala Lumpur, Federal Territory of Kuala Lumpur, Malaysia",aeon-bank-malaysia,False,target,https://www.linkedin.com/jobs/view/4464767264
2026-09-22,li,ARBA Travel,Head of Marketing,"Putrajaya, Putrajaya Federal Territory, Malaysia",,False,target,https://www.linkedin.com/jobs/view/4467049157
2026-09-22,li,Cundall,Associate/Associate Director (Electrical),"Kuala Lumpur, Federal Territory of Kuala Lumpur, Malaysia",,False,target,https://www.linkedin.com/jobs/view/4307982671
2026-09-22,li,Malaysian Communications and Multimedia Commission,"Head, MCMC Academy Division","Cyberjaya, Selangor, Malaysia",aeon-bank-malaysia,False,below,https://www.linkedin.com/jobs/view/4463834373
2026-09-22,indeed,Hong Leong Bank,"Strategic Business Transformation Specialist, CEO Transformation Office","Kuala Lumpur, M14, MY",hong-leong-bank,False,below,https://malaysia.indeed.com/viewjob?jk=544a8b176b0e0e2c
2026-09-22,indeed,Intrepid Asia,Business & Data Analyst - Marketing SME,"Kuala Lumpur, M14, MY",,False,below,https://malaysia.indeed.com/viewjob?jk=de16e2391206297f
2026-09-22,indeed,Hong Leong Bank,Manager - Personal Financial Services (Compliance & Operational Risk),"Kuala Lumpur, M14, MY",hong-leong-bank,False,below,https://malaysia.indeed.com/viewjob?jk=8ea794575fbbbaa0
2026-09-22,indeed,srpailabs.com,Sales Head,"Kuala Lumpur, M14, MY",,False,below,https://malaysia.indeed.com/viewjob?jk=350ac85c1c5e55cf
2026-09-22,indeed,,Sales head,"Kuala Lumpur, M14, MY",,False,below,https://malaysia.indeed.com/viewjob?jk=1e165237496031d8
2026-09-22,indeed,Delivery Hero,Senior Legal Counsel,"Kuala Lumpur, M14, MY",delivery-hero,False,below,https://malaysia.indeed.com/viewjob?jk=20ccedbb189ba98b
2026-09-22,indeed,NEXT Ventures,Email Marketing Specialist,"Kuala Lumpur, M14, MY",,False,below,https://malaysia.indeed.com/viewjob?jk=ff6e33904f5e1e88
2026-09-22,indeed,Magnifi Machines,Senior Network / Systems Engineer,"Kuala Lumpur, M14, MY",,False,below,https://malaysia.indeed.com/viewjob?jk=653d0ac414a841d5
2026-09-22,indeed,Standard Chartered Bank,Assistant Manager,"Kuala Lumpur, M14, MY",standard-chartered,False,below,https://malaysia.indeed.com/viewjob?jk=097dd62e255f5cec
2026-09-22,indeed,verinon,FP&A Assistant Manager/Manager,"Kuala Lumpur, M14, MY",,False,below,https://malaysia.indeed.com/viewjob?jk=a18b957bab14f8fa
2026-09-22,indeed,Megan Jewellery Sdn Bhd,Digital Commerce & Live Operation Executive,"Kuala Lumpur, M14, MY",,False,below,https://malaysia.indeed.com/viewjob?jk=9680bf571c0293b8
2026-09-22,indeed,Delivery Hero,OPEX Process Specialist,"Kuala Lumpur, M14, MY",delivery-hero,False,below,https://malaysia.indeed.com/viewjob?jk=3cc0e6fc099b6015
2026-09-22,indeed,DAYONE DATA CENTERS SINGAPORE PTE. LTD.,SAP Functional Consultant (Group Reporting),"Kuala Lumpur, M14, MY",,False,target,https://malaysia.indeed.com/viewjob?jk=bb69d62a730953c8
2026-09-22,indeed,WORLDWIDE WELLNESS CONSULTING MALAYSIA SDN. BHD. - Anytime Fitness,Performance Marketing Specialist,"KL Eco City, M14, MY",aeon-bank-malaysia,False,below,https://malaysia.indeed.com/viewjob?jk=17d5cef9e6e4abca
2026-09-22,indeed,CILI KAMPUNG MALAYSIA SDN BHD,JUNIOR BRAND MARKETING EXECUTIVE ( NIGHTLIFE ),"Kuala Lumpur, M14, MY",aeon-bank-malaysia,False,below,https://malaysia.indeed.com/viewjob?jk=92819feeb1c6d253
2026-09-22,indeed,United Nations,"DATA SPECIALIST, NOC","Kuala Lumpur, M14, MY",,False,below,https://malaysia.indeed.com/viewjob?jk=06a68c8286a2afcc
2026-09-22,indeed,Bain & Company,"Director, APAC Commercial Contracts and Negotiations","Kuala Lumpur, M14, MY",,False,target,https://malaysia.indeed.com/viewjob?jk=41a04358d44ee0dc
2026-09-22,indeed,Cencora,Mgr - Human Resources & Service Operations (MY),"Kuala Lumpur, M14, MY",,False,below,https://malaysia.indeed.com/viewjob?jk=78c69f84a8968a3d
2026-09-22,indeed,DAYONE DATA CENTERS SINGAPORE PTE. LTD.,"Senior Associate, Internal Control","Kuala Lumpur, M14, MY",,False,below,https://malaysia.indeed.com/viewjob?jk=a2fed078606a33a7
2026-09-22,li,See & Recruit,Head of Design,"Dubai, United Arab Emirates",,True,target,https://www.linkedin.com/jobs/view/4469853217
2026-09-22,li,Confidential,Senior Manager MEP Design,"Dubai, United Arab Emirates",,True,below,https://www.linkedin.com/jobs/view/4469870883
2026-09-22,li,MCG Talent,Creative Head,"Dubai, United Arab Emirates",,False,below,https://www.linkedin.com/jobs/view/4467346905
2026-09-22,li,Emirates,Design & Projects Manager - Luxury Interiors and Premium Environments,"Dubai, Dubai, United Arab Emirates",emirates,True,below,https://www.linkedin.com/jobs/view/4455867089
2026-09-22,li,Sana Commerce,Head of Research and Design,"Dubai, Dubai, United Arab Emirates",,True,target,https://www.linkedin.com/jobs/view/4469169266
2026-09-22,li,Al Abbar Group,Senior Design Manager,"Dubai, United Arab Emirates",,True,below,https://www.linkedin.com/jobs/view/4466646430
2026-09-22,li,WSP in the Middle East,Associate Director - Building Enclosures,"Dubai, Dubai, United Arab Emirates",,False,target,https://www.linkedin.com/jobs/view/4354161735
2026-09-22,li,Expo City Dubai,Design Manager,"Dubai, United Arab Emirates",,True,below,https://www.linkedin.com/jobs/view/4466267721
2026-09-22,li,Mace,MEP Design Manager,"Dubai, Dubai, United Arab Emirates",,True,below,https://www.linkedin.com/jobs/view/4459038915
2026-09-22,li,Emirates Electrical Engineering LLC,Head of Engineering,"Dubai, Dubai, United Arab Emirates",,False,target,https://www.linkedin.com/jobs/view/4409415956
2026-09-22,li,AECOM,Design Manager,"Dubai, Dubai, United Arab Emirates",,True,below,https://www.linkedin.com/jobs/view/4466125289
2026-09-22,li,Al-Futtaim,Senior Design Manager | Real Estate | Residential & Commercial,"Dubai, Dubai, United Arab Emirates",,True,below,https://www.linkedin.com/jobs/view/4467718126
2026-09-22,li,Confidential Careers,Global Head of Creative Design,"Dubai, United Arab Emirates",,True,target,https://www.linkedin.com/jobs/view/4465732598
2026-09-22,li,Airalo,VP of Research and Design,"Dubai, Dubai, United Arab Emirates",,True,target,https://www.linkedin.com/jobs/view/4465773210
2026-09-22,li,10 Design,Studio Lead,"Dubai, Dubai, United Arab Emirates",,False,target,https://www.linkedin.com/jobs/view/4459696324
2026-09-22,li,aspexx.,User Experience Lead,"Dubai, United Arab Emirates",,True,target,https://www.linkedin.com/jobs/view/4467089931
2026-09-22,li,Al-Futtaim,Head of Creative Lab | Al- Futtaim Automotive,"Dubai, Dubai, United Arab Emirates",,False,target,https://www.linkedin.com/jobs/view/4470418092
2026-09-22,li,Ernest Hunter Green,VP Customer experience,"Dubai, United Arab Emirates",,False,target,https://www.linkedin.com/jobs/view/4468585473
2026-09-22,li,UpNext UAE,Concept Design Manager,"Dubai, United Arab Emirates",,True,below,https://www.linkedin.com/jobs/view/4470291024
2026-09-22,li,Arada,Design Manager,"Dubai, United Arab Emirates",,True,below,https://www.linkedin.com/jobs/view/4468581758
2026-09-22,indeed,sacvin,NetSuite Technical Lead,"Dubai, DU, AE",,False,target,https://ae.indeed.com/viewjob?jk=186b5a2cbd2dc09e
2026-09-22,indeed,Destinus,Head of Commercial Programs,"Dubai, DU, AE",,False,target,https://ae.indeed.com/viewjob?jk=3541ab73cc5e9714
2026-09-22,indeed,SD Ceilings,HEAD OF SALES,"Dubai, DU, AE",,False,target,https://ae.indeed.com/viewjob?jk=cd1697cdb8bbc839
2026-09-22,indeed,NA Architects Engineering Consultancy,Mechanical Design Engineer,"Dubai, DU, AE",,True,below,https://ae.indeed.com/viewjob?jk=bc1bab06edb84990
2026-09-22,indeed,Property Finder,"Senior Product Manager, Value Creation","Dubai, DU, AE",,True,below,https://ae.indeed.com/viewjob?jk=b1abe6e482b9e781
2026-09-22,indeed,Legora,"Director of Legal Engineering, Dubai","Dubai, DU, AE",,False,target,https://ae.indeed.com/viewjob?jk=b5bcce078b625871
2026-09-22,indeed,Designlab Experience,Junior Interior Stylist - UAE National - 3 month contract,"Dubai, DU, AE",,False,below,https://ae.indeed.com/viewjob?jk=c2f9377a42849d82
2026-09-22,indeed,Smarter,Country Head Construction,"Dubai, DU, AE",,False,below,https://ae.indeed.com/viewjob?jk=1e5ab8cb4ed58e6b
2026-09-22,indeed,Meraki Integrated Contracting LLC,Social Media and Communications Officer,"Dubai, DU, AE",,False,below,https://ae.indeed.com/viewjob?jk=2df7bd48bceaeaf8
2026-09-22,indeed,Kinetic International FZE,Project Coordinator UAE/Africa,"Dubai, DU, AE",,False,below,https://ae.indeed.com/viewjob?jk=79a8afde86d2349c
2026-09-22,indeed,NEXT Ventures,Email Marketing Specialist,"Dubai, DU, AE",,False,below,https://ae.indeed.com/viewjob?jk=914020c530d05908
2026-09-22,indeed,MAM Factory,HR Manager,"Dubai, DU, AE",,False,below,https://ae.indeed.com/viewjob?jk=1f8c5a5045921b36
2026-09-22,indeed,MM Coaching Limited,Head of Paid Marketing,"Dubai, DU, AE",,False,target,https://ae.indeed.com/viewjob?jk=4f44a4b57d1093e5
2026-09-22,indeed,CKC Technologies,Youtube video Editor,"Dubai Marina, DU, AE",,False,below,https://ae.indeed.com/viewjob?jk=0dd94310a9377db7
2026-09-22,indeed,AIT Worldwide Logistics,Executive – Quality Management System,"Dubai, DU, AE",,False,below,https://ae.indeed.com/viewjob?jk=2fcf50041141f9dc
2026-09-22,indeed,AIT Worldwide Logistics,Executive – Quality Management System,"Dubai, DU, AE",,False,below,https://ae.indeed.com/viewjob?jk=e3bd46ed5cdd9cdf
2026-09-22,indeed,Yellow Door Energy,"Technical Design, Engineering & Grid Talent Network","Dubai, DU, AE",,False,below,https://ae.indeed.com/viewjob?jk=2ba7b896ad179798
2026-09-22,indeed,Citi,"Vice President, Pricing & Billing Product Manager, Transaction Banking","Dubai, DU, AE",,True,target,https://ae.indeed.com/viewjob?jk=5710ff1f7ad62966
2026-09-22,indeed,Training The Street,Client & Business Development Manager - APAC & Middle East,"Dubai, DU, AE",,False,below,https://ae.indeed.com/viewjob?jk=4b7cbb9376dc0dc3
2026-09-22,indeed,ASICO,Head Of Projects,"Dubai, DU, AE",,False,target,https://ae.indeed.com/viewjob?jk=e7ef00f670fbcd16
2026-09-22,li,Khazna Data Centers,"Manager Civil, Structural and Architectural (CSA)","Abu Dhabi Emirate, United Arab Emirates",,False,below,https://www.linkedin.com/jobs/view/4469847182
2026-09-22,li,MTEC Electromechanical Works LLC,MEP Technical Manager,"Abu Dhabi Emirate, United Arab Emirates",,False,below,https://www.linkedin.com/jobs/view/4466934405
2026-09-22,li,WSP in the Middle East,Associate / Associate Director – Technical Architect,"Abu Dhabi, Abu Dhabi Emirate, United Arab Emirates",,False,target,https://www.linkedin.com/jobs/view/4458824114
2026-09-22,li,Wasael Property Management,Senior Design Manager,"Abu Dhabi, Abu Dhabi Emirate, United Arab Emirates",,True,below,https://www.linkedin.com/jobs/view/4458643016
2026-09-22,li,Wasael Property Management,Design Manager,"Abu Dhabi, Abu Dhabi Emirate, United Arab Emirates",,True,below,https://www.linkedin.com/jobs/view/4458634208
2026-09-22,li,Big Fish Consult,Senior Urban Design Manager,"Abu Dhabi, Abu Dhabi Emirate, United Arab Emirates",,True,below,https://www.linkedin.com/jobs/view/4469100570
2026-09-22,li,Black & White Engineering,Associate Director - Mechanical,"Abu Dhabi Emirate, United Arab Emirates",,False,target,https://www.linkedin.com/jobs/view/4467824954
2026-09-22,li,Dicetek LLC,CX Manager (Service Designer),"Abu Dhabi, Abu Dhabi Emirate, United Arab Emirates",,True,below,https://www.linkedin.com/jobs/view/4468846337
2026-09-22,li,Dubai Holding,Senior Manager - Development (Dubai Holding Real Estate),,,False,below,https://www.linkedin.com/jobs/view/4467500613
2026-09-22,li,Rowad Modern Engineering,BIM Architectural Team Leader,"Abu Dhabi, Abu Dhabi Emirate, United Arab Emirates",,False,below,https://www.linkedin.com/jobs/view/4468671020
2026-09-22,li,GHD,Senior Project Manager (Design) - Infrastructure,"Abu Dhabi, Abu Dhabi Emirate, United Arab Emirates",,True,below,https://www.linkedin.com/jobs/view/4440235271
2026-09-22,li,GHD,Senior Project Manager (Design) - Buildings,"Abu Dhabi, Abu Dhabi Emirate, United Arab Emirates",,True,below,https://www.linkedin.com/jobs/view/4440239173
2026-09-22,li,Jobgether,Head of UX/UI,,,True,target,https://www.linkedin.com/jobs/view/4466861875
2026-09-22,li,IMKAN Properties,Senior Design Manager,"Abu Dhabi Emirate, United Arab Emirates",,True,below,https://www.linkedin.com/jobs/view/4465968799
2026-09-22,li,Zutari,Design Manager,"Abu Dhabi, Abu Dhabi Emirate, United Arab Emirates",,True,below,https://www.linkedin.com/jobs/view/4434984820
2026-09-22,li,Good Maven,Design Director,"Abu Dhabi, Abu Dhabi Emirate, United Arab Emirates",,True,target,https://www.linkedin.com/jobs/view/4455857244
2026-09-22,li,Larsen & Toubro,Design Lead - Substation (Civil & Structural),,,True,target,https://www.linkedin.com/jobs/view/4402975572
2026-09-22,li,Vertiv,Supervisor Product Management,,,True,below,https://www.linkedin.com/jobs/view/4404891704
2026-09-22,li,Course,Director of Creative & Production - Emirati Applicants,"Abu Dhabi Emirate, United Arab Emirates",,False,target,https://www.linkedin.com/jobs/view/4468536767
2026-09-22,li,Ethara,Senior Creative Director - Contract,"Abu Dhabi, Abu Dhabi Emirate, United Arab Emirates",,False,target,https://www.linkedin.com/jobs/view/4469954740
2026-09-22,indeed,Techsource Solutions,IT Technical Support Engineer,"Abu Dhabi, AZ, AE",,False,below,https://ae.indeed.com/viewjob?jk=bebdc7c95c520ca7
2026-09-22,indeed,EGA,Senior Manager - Business Partner,"Abu Dhabi, AZ, AE",legal-general-investment-management,False,below,https://ae.indeed.com/viewjob?jk=493c1a66f4cd9f8c
2026-09-22,indeed,Dubai Holding Group,Department Manager,"Abu Dhabi, AZ, AE",,False,below,https://ae.indeed.com/viewjob?jk=0d2ed69c9c5aa37c
2026-09-22,indeed,STAR Services,DATA ENGINEER –,"Abu Dhabi, AZ, AE",,False,below,https://ae.indeed.com/viewjob?jk=5066c015abaffc8d
2026-09-22,indeed,The Muse UAE Boutique Spa,NAIL TECHNICIAN (LADIES ONLY),"Abu Dhabi, AZ, AE",e-and,False,below,https://ae.indeed.com/viewjob?jk=58caa18b781716b8
2026-09-22,indeed,Maple Bear Nursery and Preschool,Teacher Assistant,"Abu Dhabi, AZ, AE",,False,below,https://ae.indeed.com/viewjob?jk=47a71fc1809a9fc9
2026-09-22,indeed,Miss J Cafe,Deputy Head Chef,"Abu Dhabi, AZ, AE",,False,below,https://ae.indeed.com/viewjob?jk=1c5d54b0c9532db7
2026-09-22,indeed,Rejlers Sverige AB,"Lead Design Engineer, Instrumentation & Automation (Offshore)","Abu Dhabi, AZ, AE",,True,target,https://ae.indeed.com/viewjob?jk=7c6cbe024a3bac68
2026-09-22,indeed,Rejlers Sverige AB,"Lead Design Engineer, Instrumentation & Automation (Offshore)","Abu Dhabi, AZ, AE",,True,target,https://ae.indeed.com/viewjob?jk=030e368fd45ad420
2026-09-22,indeed,L&T Technology Services Ltd.,Project Manager,"Abu Dhabi, AZ, AE",,False,below,https://ae.indeed.com/viewjob?jk=5b17cffdbe3a8dbd
2026-09-22,indeed,Thales,Engineering Workpackage Manager,"Abu Dhabi, AZ, AE",,False,below,https://ae.indeed.com/viewjob?jk=8ef8c9013d6f9be2
2026-09-22,indeed,Tasreea Business Center Services,Embroidery Designer & Machine Operator,"Abu Dhabi, AZ, AE",,True,below,https://ae.indeed.com/viewjob?jk=e398bf1f1e7e0ffa
2026-09-22,indeed,Technip Energies,Senior HVAC Engineer,"Abu Dhabi, AZ, AE",,False,below,https://ae.indeed.com/viewjob?jk=d4459b9f78e5c7d7
2026-09-22,indeed,bankfab,"VP, FCO Governance, Quality, and Capability","Abu Dhabi, AZ, AE",,False,target,https://ae.indeed.com/viewjob?jk=b88c04aa5711e41f
2026-09-22,indeed,Propharma Medical Supplies,HEAD CAKE ARTIST,"Abu Dhabi, AZ, AE",,False,below,https://ae.indeed.com/viewjob?jk=9c6361e981bb8b58
